2025-09-23 22:00:43	15776	2201	1	1	100	0	0	0	0	0	0	0	0	admin	Fraun		/warp2 18966 52160
2025-09-23 22:00:47	9980	2406	1	1	1	2013011	1	69	0	0	0	0	104	admin	Fraun		
2025-09-23 22:00:49	11132	104	0	0	0	1	1	1468604	11495	129846	0	0	0				
2025-09-23 22:01:49	11132	104	0	0	0	1	0	1468616	13041	142845	0	0	0				
2025-09-23 22:01:49	3824	101	0	0	0	3824	0	0	0	0	0	0	0			Scheduler 00	KitekatGS
2025-09-23 22:01:49	3824	2413	0	0	1	540011	1	1	0	0	19124	52017	0			SUCS	COLLECTOR
2025-09-23 22:01:49	3824	2413	0	0	1	1100101	9	9	0	0	19124	52008	0			SUCS	COLLECTOR
2025-09-23 22:01:49	3824	2413	0	0	1	1100408	3	3	0	0	19129	52020	0			SUCS	COLLECTOR
2025-09-23 22:01:49	3824	2413	0	0	1	2016154	1	1	0	0	19129	52003	0			SUCS	COLLECTOR
2025-09-23 22:01:49	3824	2413	0	0	1	809307	1	1	0	0	19130	51998	0			SUCS	COLLECTOR
2025-09-23 22:01:49	3824	2413	0	0	1	540005	1	1	0	0	19129	51985	0			SUCS	COLLECTOR
2025-09-23 22:01:49	3824	2413	0	0	1	540018	1	1	0	0	19117	51991	0			SUCS	COLLECTOR
2025-09-23 22:01:49	3824	2413	0	0	1	540065	1	1	0	0	19116	51990	0			SUCS	COLLECTOR
2025-09-23 22:01:49	3824	2413	0	0	1	601100409	1	1	0	0	19125	51996	0			SUCS	COLLECTOR
2025-09-23 22:01:49	3824	2413	0	0	1	1100101	4	4	0	0	19122	52000	0			SUCS	COLLECTOR
2025-09-23 22:01:49	3824	2413	0	0	1	1100408	3	3	0	0	19119	51990	0			SUCS	COLLECTOR
2025-09-23 22:02:49	11132	104	0	0	0	1	0	1468616	14822	172715	0	0	0				
2025-09-23 22:02:49	3824	2413	0	0	1	2016154	1	1	0	0	19115	51981	0			SUCS	COLLECTOR
2025-09-23 22:02:49	3824	2413	0	0	1	540005	1	1	0	0	19118	51983	0			SUCS	COLLECTOR
2025-09-23 22:02:49	3824	2413	0	0	1	540006	1	1	0	0	19113	51975	0			SUCS	COLLECTOR
2025-09-23 22:02:49	3824	2413	0	0	1	540011	1	1	0	0	19120	51977	0			SUCS	COLLECTOR
2025-09-23 22:02:49	3824	2413	0	0	1	1100101	7	7	0	0	19112	51983	0			SUCS	COLLECTOR
2025-09-23 22:02:49	3824	2413	0	0	1	1100102	1	1	0	0	19115	51986	0			SUCS	COLLECTOR
2025-09-23 22:02:49	3824	2413	0	0	1	1100408	1	1	0	0	19104	51985	0			SUCS	COLLECTOR
2025-09-23 22:02:49	3824	2413	0	0	1	540200	1	1	0	0	19178	52009	0			SUCS	COLLECTOR
2025-09-23 22:02:49	3824	2413	0	0	1	601100409	1	1	0	0	19169	52010	0			SUCS	COLLECTOR
2025-09-23 22:02:49	3824	2413	0	0	1	1100101	5	5	0	0	19174	52006	0			SUCS	COLLECTOR
2025-09-23 22:02:49	3824	2413	0	0	1	1100102	1	1	0	0	19168	51999	0			SUCS	COLLECTOR
2025-09-23 22:02:49	3824	2413	0	0	1	1100408	3	3	0	0	19176	51995	0			SUCS	COLLECTOR
2025-09-23 22:02:49	3824	2413	0	0	1	2016154	1	1	0	0	19173	52009	0			SUCS	COLLECTOR
2025-09-23 22:02:49	3824	2413	0	0	1	809007	1	1	0	0	19126	51966	0			SUCS	COLLECTOR
2025-09-23 22:02:49	3824	2413	0	0	1	540053	1	1	0	0	19136	51973	0			SUCS	COLLECTOR
2025-09-23 22:02:49	3824	2413	0	0	1	540055	1	1	0	0	19130	51961	0			SUCS	COLLECTOR
2025-09-23 22:02:49	3824	2413	0	0	1	601100409	1	1	0	0	19133	51970	0			SUCS	COLLECTOR
2025-09-23 22:02:49	3824	2413	0	0	1	1100101	1	1	0	0	19125	51969	0			SUCS	COLLECTOR
2025-09-23 22:02:49	3824	2413	0	0	1	1100408	1	1	0	0	19126	51978	0			SUCS	COLLECTOR
2025-09-23 22:02:49	3824	2413	0	0	1	2016154	1	1	0	0	19130	51978	0			SUCS	COLLECTOR
2025-09-23 22:02:49	3824	2413	0	0	1	809607	1	1	0	0	19158	52010	0			SUCS	COLLECTOR
2025-09-23 22:02:49	3824	2413	0	0	1	540052	1	1	0	0	19170	52003	0			SUCS	COLLECTOR
2025-09-23 22:02:49	3824	2413	0	0	1	540200	1	1	0	0	19172	52004	0			SUCS	COLLECTOR
2025-09-23 22:02:49	3824	2413	0	0	1	1100101	8	8	0	0	19166	52008	0			SUCS	COLLECTOR
2025-09-23 22:02:49	3824	2413	0	0	1	1100408	1	1	0	0	19163	52008	0			SUCS	COLLECTOR
2025-09-23 22:02:49	3824	2413	0	0	1	2016154	1	1	0	0	19159	52000	0			SUCS	COLLECTOR
2025-09-23 22:02:49	3824	2413	0	0	1	540005	1	1	0	0	19128	52013	0			SUCS	COLLECTOR
2025-09-23 22:02:49	3824	2413	0	0	1	540200	1	1	0	0	19132	52006	0			SUCS	COLLECTOR
2025-09-23 22:02:49	3824	2413	0	0	1	601100409	1	1	0	0	19140	52015	0			SUCS	COLLECTOR
2025-09-23 22:02:49	3824	2413	0	0	1	1100101	10	10	0	0	19127	52017	0			SUCS	COLLECTOR
2025-09-23 22:02:49	3824	2413	0	0	1	1100408	3	3	0	0	19144	52019	0			SUCS	COLLECTOR
2025-09-23 22:02:49	3824	2413	0	0	1	2016154	1	1	0	0	19134	52003	0			SUCS	COLLECTOR
2025-09-23 22:02:49	3824	2413	0	0	1	2016132	1	1	0	0	19208	52079	0			SUCS	COLLECTOR
2025-09-23 22:02:49	3824	2413	0	0	1	809307	1	1	0	0	19217	52078	0			SUCS	COLLECTOR
2025-09-23 22:02:49	3824	2413	0	0	1	540006	1	1	0	0	19213	52080	0			SUCS	COLLECTOR
2025-09-23 22:02:49	3824	2413	0	0	1	1100101	5	5	0	0	19219	52080	0			SUCS	COLLECTOR
2025-09-23 22:02:49	3824	2413	0	0	1	1100102	1	1	0	0	19217	52076	0			SUCS	COLLECTOR
2025-09-23 22:02:49	3824	2413	0	0	1	1100408	3	3	0	0	19216	52076	0			SUCS	COLLECTOR
2025-09-23 22:02:49	3824	2413	0	0	1	2016154	1	1	0	0	19214	52082	0			SUCS	COLLECTOR
2025-09-23 22:02:50	15776	2201	1	1	100	0	0	0	0	0	0	0	0	admin	Fraun		/run add_state(1019,500,712947120)
2025-09-23 22:02:50	15776	2201	1	1	100	0	0	0	0	0	0	0	0	admin	Fraun		/run add_state(1019,500,712947120)
2025-09-23 22:02:54	15776	2201	1	1	100	0	0	0	0	0	0	0	0	admin	Fraun		/warp2 19271 52739
2025-09-23 22:03:00	7624	2201	1	1	100	0	0	0	0	0	0	0	0	admin	Fraun		/run add_state(1013,250,248129048012)
2025-09-23 22:03:00	7624	2201	1	1	100	0	0	0	0	0	0	0	0	admin	Fraun		/run add_state(1013,250,248129048012)
2025-09-23 22:03:49	11132	104	0	0	0	1	0	1468644	19630	209703	0	0	0				
2025-09-23 22:04:28	13112	101	0	0	0	13112	0	0	0	0	0	0	0			Scheduler 02	KitekatGS
2025-09-23 22:04:28	13112	2704	1	1	19125	54069	1	22000194	19130	54195	1	9726	10	admin	Fraun	Fraun	SVR22030194
2025-09-23 22:04:29	13112	2705	1	1	19125	54069	1	22000194	19130	54195	1	9726	10	admin	Fraun	Fraun	SVR22030194
2025-09-23 22:04:49	11132	104	0	0	0	1	0	1468656	20821	215865	0	0	0				
2025-09-23 22:04:49	3824	2413	0	0	1	2016154	1	1	0	0	18933	52139	0			SUCS	COLLECTOR
2025-09-23 22:04:49	3824	2413	0	0	1	1100408	2	2	0	0	18939	52134	0			SUCS	COLLECTOR
2025-09-23 22:04:49	3824	2413	0	0	1	1100101	5	5	0	0	18938	52142	0			SUCS	COLLECTOR
2025-09-23 22:04:49	3824	2413	0	0	1	540067	1	1	0	0	18929	52131	0			SUCS	COLLECTOR
2025-09-23 22:04:49	3824	2413	0	0	1	809907	1	1	0	0	18941	52143	0			SUCS	COLLECTOR
2025-09-23 22:04:49	3824	2413	0	0	1	2016154	1	1	0	0	19131	52273	0			SUCS	COLLECTOR
2025-09-23 22:04:49	3824	2413	0	0	1	1100408	2	2	0	0	19125	52279	0			SUCS	COLLECTOR
2025-09-23 22:04:49	3824	2413	0	0	1	808107	1	1	0	0	19205	52005	0			SUCS	COLLECTOR
2025-09-23 22:04:49	3824	2413	0	0	1	540002	1	1	0	0	19215	52007	0			SUCS	COLLECTOR
2025-09-23 22:04:49	3824	2413	0	0	1	540009	1	1	0	0	19204	52011	0			SUCS	COLLECTOR
2025-09-23 22:04:49	3824	2413	0	0	1	601100409	1	1	0	0	19202	52022	0			SUCS	COLLECTOR
2025-09-23 22:04:49	3824	2413	0	0	1	1100101	3	3	0	0	19210	52017	0			SUCS	COLLECTOR
2025-09-23 22:04:49	3824	2413	0	0	1	1100408	3	3	0	0	19205	52006	0			SUCS	COLLECTOR
2025-09-23 22:04:49	3824	2413	0	0	1	2016154	1	1	0	0	19203	52014	0			SUCS	COLLECTOR
2025-09-23 22:04:49	3824	2413	0	0	1	809907	1	1	0	0	19223	52006	0			SUCS	COLLECTOR
2025-09-23 22:04:49	3824	2413	0	0	1	540002	1	1	0	0	19231	51993	0			SUCS	COLLECTOR
2025-09-23 22:04:49	3824	2413	0	0	1	540057	1	1	0	0	19221	52000	0			SUCS	COLLECTOR
2025-09-23 22:04:49	3824	2413	0	0	1	540067	1	1	0	0	19216	52007	0			SUCS	COLLECTOR
2025-09-23 22:04:49	3824	2413	0	0	1	1100101	4	4	0	0	19224	51997	0			SUCS	COLLECTOR
2025-09-23 22:04:49	3824	2413	0	0	1	1100408	1	1	0	0	19221	51995	0			SUCS	COLLECTOR
2025-09-23 22:04:49	3824	2413	0	0	1	2016154	1	1	0	0	19231	51995	0			SUCS	COLLECTOR
2025-09-23 22:04:49	3824	2413	0	0	1	540055	1	1	0	0	19156	52190	0			SUCS	COLLECTOR
2025-09-23 22:04:49	3824	2413	0	0	1	540067	1	1	0	0	19167	52189	0			SUCS	COLLECTOR
2025-09-23 22:04:49	3824	2413	0	0	1	540201	1	1	0	0	19162	52195	0			SUCS	COLLECTOR
2025-09-23 22:04:49	3824	2413	0	0	1	601100409	1	1	0	0	19170	52191	0			SUCS	COLLECTOR
2025-09-23 22:04:49	3824	2413	0	0	1	1100101	7	7	0	0	19164	52199	0			SUCS	COLLECTOR
2025-09-23 22:04:49	3824	2413	0	0	1	1100102	1	1	0	0	19164	52198	0			SUCS	COLLECTOR
2025-09-23 22:04:49	3824	2413	0	0	1	1100408	3	3	0	0	19157	52196	0			SUCS	COLLECTOR
2025-09-23 22:04:49	3824	2413	0	0	1	2016154	1	1	0	0	19170	52200	0			SUCS	COLLECTOR
2025-09-23 22:04:49	3824	2413	0	0	1	809607	1	1	0	0	19164	52204	0			SUCS	COLLECTOR
2025-09-23 22:04:49	3824	2413	0	0	1	540063	1	1	0	0	19170	52202	0			SUCS	COLLECTOR
2025-09-23 22:04:49	3824	2413	0	0	1	540201	1	1	0	0	19169	52209	0			SUCS	COLLECTOR
2025-09-23 22:04:49	3824	2413	0	0	1	601100409	1	1	0	0	19163	52197	0			SUCS	COLLECTOR
2025-09-23 22:04:49	3824	2413	0	0	1	1100101	2	2	0	0	19166	52201	0			SUCS	COLLECTOR
2025-09-23 22:04:49	3824	2413	0	0	1	1100408	1	1	0	0	19167	52196	0			SUCS	COLLECTOR
2025-09-23 22:04:49	3824	2413	0	0	1	2016154	1	1	0	0	19155	52197	0			SUCS	COLLECTOR
2025-09-23 22:04:49	3824	2413	0	0	1	540200	1	1	0	0	19177	52219	0			SUCS	COLLECTOR
2025-09-23 22:04:49	3824	2413	0	0	1	1100101	8	8	0	0	19177	52224	0			SUCS	COLLECTOR
2025-09-23 22:04:49	3824	2413	0	0	1	1100102	1	1	0	0	19178	52228	0			SUCS	COLLECTOR
2025-09-23 22:04:49	3824	2413	0	0	1	1100408	3	3	0	0	19178	52218	0			SUCS	COLLECTOR
2025-09-23 22:04:49	3824	2413	0	0	1	2016154	1	1	0	0	19168	52221	0			SUCS	COLLECTOR
2025-09-23 22:04:49	3824	2413	0	0	1	540013	1	1	0	0	19150	52171	0			SUCS	COLLECTOR
2025-09-23 22:04:49	3824	2413	0	0	1	601100409	1	1	0	0	19137	52179	0			SUCS	COLLECTOR
2025-09-23 22:04:49	3824	2413	0	0	1	1100101	6	6	0	0	19141	52170	0			SUCS	COLLECTOR
2025-09-23 22:04:49	3824	2413	0	0	1	1100408	3	3	0	0	19136	52183	0			SUCS	COLLECTOR
2025-09-23 22:04:49	3824	2413	0	0	1	2016154	1	1	0	0	19138	52170	0			SUCS	COLLECTOR
2025-09-23 22:04:49	3824	2413	0	0	1	540006	1	1	0	0	19134	52276	0			SUCS	COLLECTOR
2025-09-23 22:04:49	3824	2413	0	0	1	540053	1	1	0	0	19123	52275	0			SUCS	COLLECTOR
2025-09-23 22:04:49	3824	2413	0	0	1	1100101	4	4	0	0	19134	52284	0			SUCS	COLLECTOR
2025-09-23 22:04:52	13112	2704	1	1	19125	54069	1	22000194	19130	54195	1	9727	5	admin	Fraun	Fraun	SVR22030194
2025-09-23 22:04:53	13112	2705	1	1	19125	54069	1	22000194	19130	54195	1	9727	5	admin	Fraun	Fraun	SVR22030194
2025-09-23 22:05:13	9676	2711	1	1	0	22000194	80000	19130	54195	19151	54159	1	0	admin	Fraun		
2025-09-23 22:05:49	11132	104	0	0	0	1	0	1481208	22274	221862	0	0	0				
2025-09-23 22:05:49	3824	2413	0	0	1	2016154	1	1	0	0	19136	52513	0			SUCS	COLLECTOR
2025-09-23 22:05:49	3824	2413	0	0	1	1100408	1	1	0	0	19141	52510	0			SUCS	COLLECTOR
2025-09-23 22:05:49	3824	2413	0	0	1	1100101	1	1	0	0	19140	52510	0			SUCS	COLLECTOR
2025-09-23 22:05:49	3824	2413	0	0	1	540200	1	1	0	0	19135	52519	0			SUCS	COLLECTOR
2025-09-23 22:06:49	11132	104	0	0	0	1	1	1481240	25159	233218	0	0	0				
2025-09-23 22:06:49	3824	2413	0	0	1	2016154	1	1	0	0	19041	52851	0			SUCS	COLLECTOR
2025-09-23 22:06:49	3824	2413	0	0	1	1100408	1	1	0	0	19038	52853	0			SUCS	COLLECTOR
2025-09-23 22:06:49	3824	2413	0	0	1	1100101	2	2	0	0	19040	52852	0			SUCS	COLLECTOR
2025-09-23 22:06:49	3824	2413	0	0	1	540053	1	1	0	0	19049	52854	0			SUCS	COLLECTOR
2025-09-23 22:06:49	3824	2413	0	0	1	540036	1	1	0	0	19034	52848	0			SUCS	COLLECTOR
2025-09-23 22:06:49	3824	2413	0	0	1	809907	1	1	0	0	19035	52853	0			SUCS	COLLECTOR
2025-09-23 22:06:49	3824	2413	0	0	1	2016154	1	1	0	0	19051	52840	0			SUCS	COLLECTOR
2025-09-23 22:06:49	3824	2413	0	0	1	1100408	2	2	0	0	19053	52834	0			SUCS	COLLECTOR
2025-09-23 22:06:49	3824	2413	0	0	1	1100102	1	1	0	0	19049	52834	0			SUCS	COLLECTOR
2025-09-23 22:06:49	3824	2413	0	0	1	1100101	8	8	0	0	19054	52828	0			SUCS	COLLECTOR
2025-09-23 22:06:49	3824	2413	0	0	1	601100409	1	1	0	0	19052	52843	0			SUCS	COLLECTOR
2025-09-23 22:06:49	3824	2413	0	0	1	540200	1	1	0	0	19055	52840	0			SUCS	COLLECTOR
2025-09-23 22:06:49	3824	2413	0	0	1	540052	1	1	0	0	19044	52826	0			SUCS	COLLECTOR
2025-09-23 22:06:49	3824	2413	0	0	1	540019	1	1	0	0	19046	52835	0			SUCS	COLLECTOR
2025-09-23 22:06:49	3824	2413	0	0	1	2016154	1	1	0	0	19060	52831	0			SUCS	COLLECTOR
2025-09-23 22:06:49	3824	2413	0	0	1	1100408	1	1	0	0	19047	52822	0			SUCS	COLLECTOR
2025-09-23 22:06:49	3824	2413	0	0	1	1100101	2	2	0	0	19054	52823	0			SUCS	COLLECTOR
2025-09-23 22:06:49	3824	2413	0	0	1	540200	1	1	0	0	19044	52830	0			SUCS	COLLECTOR
2025-09-23 22:06:49	3824	2413	0	0	1	540079	1	1	0	0	19048	52831	0			SUCS	COLLECTOR
2025-09-23 22:06:49	3824	2413	0	0	1	809607	1	1	0	0	19054	52826	0			SUCS	COLLECTOR
2025-09-23 22:06:49	3824	2413	0	0	1	2016154	1	1	0	0	19053	52816	0			SUCS	COLLECTOR
2025-09-23 22:06:49	3824	2413	0	0	1	1100408	3	3	0	0	19065	52812	0			SUCS	COLLECTOR
2025-09-23 22:06:49	3824	2413	0	0	1	1100101	5	5	0	0	19056	52804	0			SUCS	COLLECTOR
2025-09-23 22:06:49	3824	2413	0	0	1	540065	1	1	0	0	19062	52813	0			SUCS	COLLECTOR
2025-09-23 22:06:49	3824	2413	0	0	1	809607	1	1	0	0	19064	52807	0			SUCS	COLLECTOR
2025-09-23 22:06:49	3824	2413	0	0	1	2016154	1	1	0	0	19013	52702	0			SUCS	COLLECTOR
2025-09-23 22:06:49	3824	2413	0	0	1	1100408	2	2	0	0	19025	52716	0			SUCS	COLLECTOR
2025-09-23 22:06:49	3824	2413	0	0	1	1100101	10	10	0	0	19017	52712	0			SUCS	COLLECTOR
2025-09-23 22:06:49	3824	2413	0	0	1	540201	1	1	0	0	19018	52712	0			SUCS	COLLECTOR
2025-09-23 22:06:49	3824	2413	0	0	1	540057	1	1	0	0	19016	52714	0			SUCS	COLLECTOR
2025-09-23 22:06:49	3824	2413	0	0	1	540018	1	1	0	0	19022	52712	0			SUCS	COLLECTOR
2025-09-23 22:06:49	3824	2413	0	0	1	809607	1	1	0	0	19028	52706	0			SUCS	COLLECTOR
2025-09-23 22:06:49	3824	2413	0	0	1	2016154	1	1	0	0	19031	52705	0			SUCS	COLLECTOR
2025-09-23 22:06:49	3824	2413	0	0	1	1100408	3	3	0	0	19031	52709	0			SUCS	COLLECTOR
2025-09-23 22:06:49	3824	2413	0	0	1	1100101	9	9	0	0	19041	52708	0			SUCS	COLLECTOR
2025-09-23 22:06:49	3824	2413	0	0	1	540065	1	1	0	0	19029	52715	0			SUCS	COLLECTOR
2025-09-23 22:06:49	3824	2413	0	0	1	540019	1	1	0	0	19032	52700	0			SUCS	COLLECTOR
2025-09-23 22:06:49	3824	2413	0	0	1	540018	1	1	0	0	19042	52709	0			SUCS	COLLECTOR
2025-09-23 22:06:49	3824	2413	0	0	1	808407	1	1	0	0	19041	52708	0			SUCS	COLLECTOR
2025-09-23 22:06:49	3824	2413	0	0	1	808107	1	1	0	0	19088	52671	0			SUCS	COLLECTOR
2025-09-23 22:06:49	3824	2413	0	0	1	540018	1	1	0	0	19098	52671	0			SUCS	COLLECTOR
2025-09-23 22:06:49	3824	2413	0	0	1	1100101	9	9	0	0	19091	52669	0			SUCS	COLLECTOR
2025-09-23 22:06:49	3824	2413	0	0	1	1100408	3	3	0	0	19089	52656	0			SUCS	COLLECTOR
2025-09-23 22:06:49	3824	2413	0	0	1	2016154	1	1	0	0	19087	52671	0			SUCS	COLLECTOR
2025-09-23 22:06:49	3824	2413	0	0	1	540018	1	1	0	0	19123	52657	0			SUCS	COLLECTOR
2025-09-23 22:06:49	3824	2413	0	0	1	540061	1	1	0	0	19123	52659	0			SUCS	COLLECTOR
2025-09-23 22:06:49	3824	2413	0	0	1	1100101	7	7	0	0	19125	52656	0			SUCS	COLLECTOR
2025-09-23 22:06:49	3824	2413	0	0	1	1100408	1	1	0	0	19134	52646	0			SUCS	COLLECTOR
2025-09-23 22:06:49	3824	2413	0	0	1	2016154	1	1	0	0	19131	52662	0			SUCS	COLLECTOR
2025-09-23 22:06:49	3824	2413	0	0	1	540005	1	1	0	0	19116	52667	0			SUCS	COLLECTOR
2025-09-23 22:06:49	3824	2413	0	0	1	540061	1	1	0	0	19119	52667	0			SUCS	COLLECTOR
2025-09-23 22:06:49	3824	2413	0	0	1	540201	1	1	0	0	19106	52667	0			SUCS	COLLECTOR
2025-09-23 22:06:49	3824	2413	0	0	1	601100409	1	1	0	0	19110	52678	0			SUCS	COLLECTOR
2025-09-23 22:06:49	3824	2413	0	0	1	1100101	4	4	0	0	19118	52667	0			SUCS	COLLECTOR
2025-09-23 22:06:49	3824	2413	0	0	1	1100102	1	1	0	0	19115	52677	0			SUCS	COLLECTOR
2025-09-23 22:06:49	3824	2413	0	0	1	1100408	1	1	0	0	19103	52674	0			SUCS	COLLECTOR
2025-09-23 22:06:49	3824	2413	0	0	1	2016154	1	1	0	0	19105	52673	0			SUCS	COLLECTOR
2025-09-23 22:06:49	3824	2413	0	0	1	540018	1	1	0	0	19014	52694	0			SUCS	COLLECTOR
2025-09-23 22:06:49	3824	2413	0	0	1	540200	1	1	0	0	19019	52692	0			SUCS	COLLECTOR
2025-09-23 22:06:49	3824	2413	0	0	1	601100409	1	1	0	0	19024	52696	0			SUCS	COLLECTOR
2025-09-23 22:06:49	3824	2413	0	0	1	1100101	1	1	0	0	19022	52705	0			SUCS	COLLECTOR
2025-09-23 22:06:49	3824	2413	0	0	1	1100408	3	3	0	0	19008	52693	0			SUCS	COLLECTOR
2025-09-23 22:06:49	3824	2413	0	0	1	2016154	1	1	0	0	19019	52692	0			SUCS	COLLECTOR
2025-09-23 22:06:49	3824	2413	0	0	1	808707	1	1	0	0	19016	52698	0			SUCS	COLLECTOR
2025-09-23 22:06:49	3824	2413	0	0	1	540005	1	1	0	0	19013	52700	0			SUCS	COLLECTOR
2025-09-23 22:06:49	3824	2413	0	0	1	540052	1	1	0	0	19017	52697	0			SUCS	COLLECTOR
2025-09-23 22:06:49	3824	2413	0	0	1	540057	1	1	0	0	19022	52695	0			SUCS	COLLECTOR
2025-09-23 22:06:49	3824	2413	0	0	1	601100409	1	1	0	0	19012	52688	0			SUCS	COLLECTOR
2025-09-23 22:06:49	3824	2413	0	0	1	1100101	5	5	0	0	19025	52692	0			SUCS	COLLECTOR
2025-09-23 22:06:49	3824	2413	0	0	1	1100102	2	2	0	0	19017	52687	0			SUCS	COLLECTOR
2025-09-23 22:06:49	3824	2413	0	0	1	1100408	3	3	0	0	19022	52701	0			SUCS	COLLECTOR
2025-09-23 22:06:49	3824	2413	0	0	1	2016154	1	1	0	0	19020	52692	0			SUCS	COLLECTOR
2025-09-23 22:07:49	11132	104	0	0	0	1	0	1481292	33415	302784	0	0	0				
2025-09-23 22:07:49	3824	2413	0	0	1	2016154	1	1	0	0	19281	53623	0			SUCS	COLLECTOR
2025-09-23 22:07:49	3824	2413	0	0	1	1100408	3	3	0	0	19270	53622	0			SUCS	COLLECTOR
2025-09-23 22:07:49	3824	2413	0	0	1	1100101	7	7	0	0	19276	53626	0			SUCS	COLLECTOR
2025-09-23 22:07:49	3824	2413	0	0	1	540200	1	1	0	0	19266	53624	0			SUCS	COLLECTOR
2025-09-23 22:07:49	3824	2413	0	0	1	540019	1	1	0	0	19277	53634	0			SUCS	COLLECTOR
2025-09-23 22:07:49	3824	2413	0	0	1	2016154	1	1	0	0	19257	53671	0			SUCS	COLLECTOR
2025-09-23 22:07:49	3824	2413	0	0	1	1100408	1	1	0	0	19252	53665	0			SUCS	COLLECTOR
2025-09-23 22:07:49	3824	2413	0	0	1	540202	1	1	0	0	19149	53407	0			SUCS	COLLECTOR
2025-09-23 22:07:49	3824	2413	0	0	1	540005	1	1	0	0	19147	53402	0			SUCS	COLLECTOR
2025-09-23 22:07:49	3824	2413	0	0	1	809607	1	1	0	0	19159	53407	0			SUCS	COLLECTOR
2025-09-23 22:07:49	3824	2413	0	0	1	2016154	1	1	0	0	19157	53410	0			SUCS	COLLECTOR
2025-09-23 22:07:49	3824	2413	0	0	1	1100408	1	1	0	0	19152	53414	0			SUCS	COLLECTOR
2025-09-23 22:07:49	3824	2413	0	0	1	1100101	7	7	0	0	19158	53409	0			SUCS	COLLECTOR
2025-09-23 22:07:49	3824	2413	0	0	1	540067	1	1	0	0	19149	53412	0			SUCS	COLLECTOR
2025-09-23 22:07:49	3824	2413	0	0	1	540053	1	1	0	0	19150	53417	0			SUCS	COLLECTOR
2025-09-23 22:07:49	3824	2413	0	0	1	808707	1	1	0	0	19158	53408	0			SUCS	COLLECTOR
2025-09-23 22:07:49	3824	2413	0	0	1	2016154	1	1	0	0	19133	53430	0			SUCS	COLLECTOR
2025-09-23 22:07:49	3824	2413	0	0	1	1100408	2	2	0	0	19133	53432	0			SUCS	COLLECTOR
2025-09-23 22:07:49	3824	2413	0	0	1	1100102	1	1	0	0	19136	53432	0			SUCS	COLLECTOR
2025-09-23 22:07:49	3824	2413	0	0	1	1100101	8	8	0	0	19139	53416	0			SUCS	COLLECTOR
2025-09-23 22:07:49	3824	2413	0	0	1	601100409	1	1	0	0	19131	53432	0			SUCS	COLLECTOR
2025-09-23 22:07:49	3824	2413	0	0	1	540052	1	1	0	0	19131	53430	0			SUCS	COLLECTOR
2025-09-23 22:07:49	3824	2413	0	0	1	540019	1	1	0	0	19142	53424	0			SUCS	COLLECTOR
2025-09-23 22:07:49	3824	2413	0	0	1	808707	1	1	0	0	19128	53423	0			SUCS	COLLECTOR
2025-09-23 22:07:49	3824	2413	0	0	1	2016154	1	1	0	0	19140	53422	0			SUCS	COLLECTOR
2025-09-23 22:07:49	3824	2413	0	0	1	1100408	1	1	0	0	19127	53412	0			SUCS	COLLECTOR
2025-09-23 22:07:49	3824	2413	0	0	1	1100101	4	4	0	0	19132	53418	0			SUCS	COLLECTOR
2025-09-23 22:07:49	3824	2413	0	0	1	540018	1	1	0	0	19128	53421	0			SUCS	COLLECTOR
2025-09-23 22:07:49	3824	2413	0	0	1	540011	1	1	0	0	19130	53428	0			SUCS	COLLECTOR
2025-09-23 22:07:49	3824	2413	0	0	1	540005	1	1	0	0	19126	53427	0			SUCS	COLLECTOR
2025-09-23 22:07:49	3824	2413	0	0	1	2016154	1	1	0	0	19132	53387	0			SUCS	COLLECTOR
2025-09-23 22:07:49	3824	2413	0	0	1	1100102	1	1	0	0	19249	53658	0			SUCS	COLLECTOR
2025-09-23 22:07:49	3824	2413	0	0	1	1100101	5	5	0	0	19247	53670	0			SUCS	COLLECTOR
2025-09-23 22:07:49	3824	2413	0	0	1	540201	1	1	0	0	19247	53668	0			SUCS	COLLECTOR
2025-09-23 22:07:49	3824	2413	0	0	1	540200	1	1	0	0	19244	53668	0			SUCS	COLLECTOR
2025-09-23 22:07:49	3824	2413	0	0	1	540002	1	1	0	0	19252	53665	0			SUCS	COLLECTOR
2025-09-23 22:07:49	3824	2413	0	0	1	2016154	1	1	0	0	19151	53664	0			SUCS	COLLECTOR
2025-09-23 22:07:49	3824	2413	0	0	1	1100408	1	1	0	0	19151	53651	0			SUCS	COLLECTOR
2025-09-23 22:07:49	3824	2413	0	0	1	1100101	9	9	0	0	19149	53648	0			SUCS	COLLECTOR
2025-09-23 22:07:49	3824	2413	0	0	1	601100409	1	1	0	0	19157	53657	0			SUCS	COLLECTOR
2025-09-23 22:07:49	3824	2413	0	0	1	540201	1	1	0	0	19143	53648	0			SUCS	COLLECTOR
2025-09-23 22:07:49	3824	2413	0	0	1	540067	1	1	0	0	19146	53652	0			SUCS	COLLECTOR
2025-09-23 22:07:49	3824	2413	0	0	1	540002	1	1	0	0	19156	53652	0			SUCS	COLLECTOR
2025-09-23 22:07:49	3824	2413	0	0	1	2016154	1	1	0	0	19150	53530	0			SUCS	COLLECTOR
2025-09-23 22:07:49	3824	2413	0	0	1	1100408	3	3	0	0	19146	53521	0			SUCS	COLLECTOR
2025-09-23 22:07:49	3824	2413	0	0	1	1100102	1	1	0	0	19163	53534	0			SUCS	COLLECTOR
2025-09-23 22:07:49	3824	2413	0	0	1	1100101	7	7	0	0	19151	53522	0			SUCS	COLLECTOR
2025-09-23 22:07:49	3824	2413	0	0	1	601100409	1	1	0	0	19163	53527	0			SUCS	COLLECTOR
2025-09-23 22:07:49	3824	2413	0	0	1	540061	1	1	0	0	19150	53529	0			SUCS	COLLECTOR
2025-09-23 22:07:49	3824	2413	0	0	1	540018	1	1	0	0	19150	53529	0			SUCS	COLLECTOR
2025-09-23 22:07:49	3824	2413	0	0	1	809307	1	1	0	0	19159	53525	0			SUCS	COLLECTOR
2025-09-23 22:07:49	3824	2413	0	0	1	2016154	1	1	0	0	19168	53515	0			SUCS	COLLECTOR
2025-09-23 22:07:49	3824	2413	0	0	1	1100408	1	1	0	0	19175	53523	0			SUCS	COLLECTOR
2025-09-23 22:07:49	3824	2413	0	0	1	1100102	1	1	0	0	19178	53514	0			SUCS	COLLECTOR
2025-09-23 22:07:49	3824	2413	0	0	1	1100101	6	6	0	0	19161	53519	0			SUCS	COLLECTOR
2025-09-23 22:07:49	3824	2413	0	0	1	540018	1	1	0	0	19172	53525	0			SUCS	COLLECTOR
2025-09-23 22:07:49	3824	2413	0	0	1	540009	1	1	0	0	19170	53519	0			SUCS	COLLECTOR
2025-09-23 22:07:49	3824	2413	0	0	1	2016154	1	1	0	0	19168	53533	0			SUCS	COLLECTOR
2025-09-23 22:07:49	3824	2413	0	0	1	1100408	1	1	0	0	19167	53544	0			SUCS	COLLECTOR
2025-09-23 22:07:49	3824	2413	0	0	1	1100101	9	9	0	0	19158	53546	0			SUCS	COLLECTOR
2025-09-23 22:07:49	3824	2413	0	0	1	601100409	1	1	0	0	19160	53549	0			SUCS	COLLECTOR
2025-09-23 22:07:49	3824	2413	0	0	1	540053	1	1	0	0	19154	53532	0			SUCS	COLLECTOR
2025-09-23 22:07:49	3824	2413	0	0	1	808707	1	1	0	0	19168	53535	0			SUCS	COLLECTOR
2025-09-23 22:07:49	3824	2413	0	0	1	2016154	1	1	0	0	19136	53444	0			SUCS	COLLECTOR
2025-09-23 22:07:49	3824	2413	0	0	1	1100408	3	3	0	0	19128	53440	0			SUCS	COLLECTOR
2025-09-23 22:07:49	3824	2413	0	0	1	1100101	10	10	0	0	19136	53448	0			SUCS	COLLECTOR
2025-09-23 22:07:49	3824	2413	0	0	1	601100409	1	1	0	0	19127	53446	0			SUCS	COLLECTOR
2025-09-23 22:07:49	3824	2413	0	0	1	540200	1	1	0	0	19128	53443	0			SUCS	COLLECTOR
2025-09-23 22:07:49	3824	2413	0	0	1	540012	1	1	0	0	19141	53438	0			SUCS	COLLECTOR
2025-09-23 22:07:49	3824	2413	0	0	1	540002	1	1	0	0	19139	53442	0			SUCS	COLLECTOR
2025-09-23 22:07:49	3824	2413	0	0	1	2016154	1	1	0	0	19151	53415	0			SUCS	COLLECTOR
2025-09-23 22:07:49	3824	2413	0	0	1	1100408	2	2	0	0	19159	53413	0			SUCS	COLLECTOR
2025-09-23 22:07:49	3824	2413	0	0	1	1100101	3	3	0	0	19160	53410	0			SUCS	COLLECTOR
2025-09-23 22:07:49	3824	2413	0	0	1	601100409	1	1	0	0	19153	53414	0			SUCS	COLLECTOR
2025-09-23 22:07:49	3824	2413	0	0	1	1100408	3	3	0	0	19138	53401	0			SUCS	COLLECTOR
2025-09-23 22:07:49	3824	2413	0	0	1	1100101	10	10	0	0	19138	53403	0			SUCS	COLLECTOR
2025-09-23 22:07:49	3824	2413	0	0	1	540200	1	1	0	0	19132	53390	0			SUCS	COLLECTOR
2025-09-23 22:07:49	3824	2413	0	0	1	540018	1	1	0	0	19131	53394	0			SUCS	COLLECTOR
2025-09-23 22:07:49	3824	2413	0	0	1	809307	1	1	0	0	19129	53386	0			SUCS	COLLECTOR
2025-09-23 22:07:49	3824	2413	0	0	1	2016154	1	1	0	0	19125	53393	0			SUCS	COLLECTOR
2025-09-23 22:07:49	3824	2413	0	0	1	1100408	3	3	0	0	19120	53389	0			SUCS	COLLECTOR
2025-09-23 22:07:49	3824	2413	0	0	1	1100101	5	5	0	0	19126	53392	0			SUCS	COLLECTOR
2025-09-23 22:07:49	3824	2413	0	0	1	540057	1	1	0	0	19130	53398	0			SUCS	COLLECTOR
2025-09-23 22:07:49	3824	2413	0	0	1	540053	1	1	0	0	19125	53399	0			SUCS	COLLECTOR
2025-09-23 22:07:49	3824	2413	0	0	1	540009	1	1	0	0	19129	53391	0			SUCS	COLLECTOR
2025-09-23 22:07:49	3824	2413	0	0	1	809007	1	1	0	0	19124	53400	0			SUCS	COLLECTOR
2025-09-23 22:07:49	3824	2413	0	0	1	2016154	1	1	0	0	19120	53399	0			SUCS	COLLECTOR
2025-09-23 22:07:49	3824	2413	0	0	1	1100408	2	2	0	0	19107	53400	0			SUCS	COLLECTOR
2025-09-23 22:07:49	3824	2413	0	0	1	1100101	3	3	0	0	19119	53396	0			SUCS	COLLECTOR
2025-09-23 22:07:49	3824	2413	0	0	1	601100409	1	1	0	0	19117	53393	0			SUCS	COLLECTOR
2025-09-23 22:07:49	3824	2413	0	0	1	540059	1	1	0	0	19113	53396	0			SUCS	COLLECTOR
2025-09-23 22:07:49	3824	2413	0	0	1	540053	1	1	0	0	19112	53390	0			SUCS	COLLECTOR
2025-09-23 22:07:49	3824	2413	0	0	1	2016154	1	1	0	0	19130	53410	0			SUCS	COLLECTOR
2025-09-23 22:07:49	3824	2413	0	0	1	1100408	2	2	0	0	19129	53403	0			SUCS	COLLECTOR
2025-09-23 22:07:49	3824	2413	0	0	1	1100101	5	5	0	0	19133	53415	0			SUCS	COLLECTOR
2025-09-23 22:07:49	3824	2413	0	0	1	601100409	1	1	0	0	19121	53401	0			SUCS	COLLECTOR
2025-09-23 22:07:49	3824	2413	0	0	1	540063	1	1	0	0	19128	53416	0			SUCS	COLLECTOR
2025-09-23 22:07:49	3824	2413	0	0	1	540053	1	1	0	0	19124	53403	0			SUCS	COLLECTOR
2025-09-23 22:07:49	3824	2413	0	0	1	540006	1	1	0	0	19130	53418	0			SUCS	COLLECTOR
2025-09-23 22:07:49	3824	2413	0	0	1	809307	1	1	0	0	19125	53401	0			SUCS	COLLECTOR
2025-09-23 22:07:49	3824	2413	0	0	1	2016154	1	1	0	0	19131	53400	0			SUCS	COLLECTOR
2025-09-23 22:07:49	3824	2413	0	0	1	1100408	2	2	0	0	19114	53414	0			SUCS	COLLECTOR
2025-09-23 22:07:49	3824	2413	0	0	1	1100102	1	1	0	0	19114	53397	0			SUCS	COLLECTOR
2025-09-23 22:07:49	3824	2413	0	0	1	1100101	7	7	0	0	19127	53399	0			SUCS	COLLECTOR
2025-09-23 22:07:49	3824	2413	0	0	1	601100409	1	1	0	0	19120	53400	0			SUCS	COLLECTOR
2025-09-23 22:07:49	3824	2413	0	0	1	540067	1	1	0	0	19124	53405	0			SUCS	COLLECTOR
2025-09-23 22:07:49	3824	2413	0	0	1	540009	1	1	0	0	19126	53410	0			SUCS	COLLECTOR
2025-09-23 22:07:49	3824	2413	0	0	1	540005	1	1	0	0	19126	53414	0			SUCS	COLLECTOR
2025-09-23 22:07:49	3824	2413	0	0	1	540005	1	1	0	0	19055	52808	0			SUCS	COLLECTOR
2025-09-23 22:07:49	3824	2413	0	0	1	601100409	1	1	0	0	19059	52805	0			SUCS	COLLECTOR
2025-09-23 22:07:49	3824	2413	0	0	1	1100101	8	8	0	0	19069	52806	0			SUCS	COLLECTOR
2025-09-23 22:07:49	3824	2413	0	0	1	1100408	1	1	0	0	19069	52805	0			SUCS	COLLECTOR
2025-09-23 22:07:49	3824	2413	0	0	1	2016154	1	1	0	0	19056	52812	0			SUCS	COLLECTOR
2025-09-23 22:07:49	3824	2413	0	0	1	540065	1	1	0	0	19168	52882	0			SUCS	COLLECTOR
2025-09-23 22:07:49	3824	2413	0	0	1	601100409	1	1	0	0	19170	52884	0			SUCS	COLLECTOR
2025-09-23 22:07:49	3824	2413	0	0	1	1100101	6	6	0	0	19175	52890	0			SUCS	COLLECTOR
2025-09-23 22:07:49	3824	2413	0	0	1	1100408	2	2	0	0	19182	52894	0			SUCS	COLLECTOR
2025-09-23 22:07:49	3824	2413	0	0	1	2016154	1	1	0	0	19173	52883	0			SUCS	COLLECTOR
2025-09-23 22:07:49	3824	2413	0	0	1	540012	1	1	0	0	19317	52742	0			SUCS	COLLECTOR
2025-09-23 22:07:49	3824	2413	0	0	1	540200	1	1	0	0	19303	52737	0			SUCS	COLLECTOR
2025-09-23 22:07:49	3824	2413	0	0	1	1100101	7	7	0	0	19304	52745	0			SUCS	COLLECTOR
2025-09-23 22:07:49	3824	2413	0	0	1	1100102	1	1	0	0	19303	52734	0			SUCS	COLLECTOR
2025-09-23 22:07:49	3824	2413	0	0	1	1100408	3	3	0	0	19314	52738	0			SUCS	COLLECTOR
2025-09-23 22:07:49	3824	2413	0	0	1	2016154	1	1	0	0	19302	52735	0			SUCS	COLLECTOR
2025-09-23 22:07:49	3824	2413	0	0	1	809307	1	1	0	0	19281	52719	0			SUCS	COLLECTOR
2025-09-23 22:07:49	3824	2413	0	0	1	540010	1	1	0	0	19283	52716	0			SUCS	COLLECTOR
2025-09-23 22:07:49	3824	2413	0	0	1	540200	2	2	0	0	19287	52731	0			SUCS	COLLECTOR
2025-09-23 22:07:49	3824	2413	0	0	1	601100409	1	1	0	0	19285	52731	0			SUCS	COLLECTOR
2025-09-23 22:07:49	3824	2413	0	0	1	1100101	1	1	0	0	19279	52727	0			SUCS	COLLECTOR
2025-09-23 22:07:49	3824	2413	0	0	1	1100408	1	1	0	0	19296	52720	0			SUCS	COLLECTOR
2025-09-23 22:07:49	3824	2413	0	0	1	2016154	1	1	0	0	19282	52722	0			SUCS	COLLECTOR
2025-09-23 22:07:49	3824	2413	0	0	1	809007	1	1	0	0	19124	53397	0			SUCS	COLLECTOR
2025-09-23 22:08:13	13112	2704	1	1	22466	54184	1	22000195	22716	54166	1	9733	15	admin	Fraun	Fraun	SVR22030195
2025-09-23 22:08:15	13112	2705	1	1	22466	54184	1	22000195	22716	54166	1	9733	15	admin	Fraun	Fraun	SVR22030195
2025-09-23 22:08:32	13112	2704	1	1	22466	54184	1	22000195	22716	54166	1	9733	15	admin	Fraun	Fraun	SVR22030195
2025-09-23 22:08:34	13112	2705	1	1	22466	54184	1	22000195	22716	54166	1	9733	15	admin	Fraun	Fraun	SVR22030195
2025-09-23 22:08:49	11132	104	0	0	0	1	0	1481320	34535	310192	0	0	0				
2025-09-23 22:08:50	13112	2704	1	1	22466	54184	1	22000195	22716	54166	1	9736	5	admin	Fraun	Fraun	SVR22030195
2025-09-23 22:08:51	13112	2705	1	1	22466	54184	1	22000195	22716	54166	1	9736	5	admin	Fraun	Fraun	SVR22030195
2025-09-23 22:08:52	13112	2705	1	1	22466	54184	1	22000195	22716	54166	1	9736	5	admin	Fraun	Fraun	SVR22030195
2025-09-23 22:08:52	13112	2705	1	1	22466	54184	1	22000195	22716	54166	1	9736	5	admin	Fraun	Fraun	SVR22030195
2025-09-23 22:08:52	13112	2705	1	1	22466	54184	1	22000195	22716	54166	1	9736	5	admin	Fraun	Fraun	SVR22030195
2025-09-23 22:08:53	13112	2705	1	1	22466	54184	1	22000195	22716	54166	1	9736	5	admin	Fraun	Fraun	SVR22030195
2025-09-23 22:08:55	9676	2711	1	1	0	22000195	80000	22716	54166	22724	54155	1	0	admin	Fraun		
2025-09-23 22:09:49	11132	104	0	0	0	1	0	1481332	36340	317189	0	0	0				
2025-09-23 22:09:49	3824	2413	0	0	1	3100036	1	1	0	0	19126	54192	0			SUCS	COLLECTOR
2025-09-23 22:09:49	3824	2413	0	0	1	3100034	1	1	0	0	19136	54199	0			SUCS	COLLECTOR
2025-09-23 22:09:49	3824	2413	0	0	1	1100408	1	1	0	0	19121	54201	0			SUCS	COLLECTOR
2025-09-23 22:09:49	3824	2413	0	0	1	1100102	2	2	0	0	19131	54187	0			SUCS	COLLECTOR
2025-09-23 22:09:49	3824	2413	0	0	1	1100101	13	13	0	0	19137	54187	0			SUCS	COLLECTOR
2025-09-23 22:09:49	3824	2413	0	0	1	601100409	1	1	0	0	19132	54186	0			SUCS	COLLECTOR
2025-09-23 22:09:49	3824	2413	0	0	1	540200	1	1	0	0	19130	54188	0			SUCS	COLLECTOR
2025-09-23 22:09:49	3824	2413	0	0	1	540065	1	1	0	0	19129	54191	0			SUCS	COLLECTOR
2025-09-23 22:09:49	3824	2413	0	0	1	540059	1	1	0	0	19131	54203	0			SUCS	COLLECTOR
2025-09-23 22:09:49	3824	2413	0	0	1	2016132	3	3	0	0	19129	54188	0			SUCS	COLLECTOR
2025-09-23 22:10:49	11132	104	0	0	0	1	0	1481332	39544	333357	0	0	0				
2025-09-23 22:10:49	3824	2413	0	0	1	3100036	1	1	0	0	19028	54192	0			SUCS	COLLECTOR
2025-09-23 22:10:49	3824	2413	0	0	1	3100034	1	1	0	0	19027	54181	0			SUCS	COLLECTOR
2025-09-23 22:10:49	3824	2413	0	0	1	1100408	1	1	0	0	19032	54192	0			SUCS	COLLECTOR
2025-09-23 22:10:49	3824	2413	0	0	1	1100102	4	4	0	0	19022	54183	0			SUCS	COLLECTOR
2025-09-23 22:10:49	3824	2413	0	0	1	1100101	63	63	0	0	19025	54181	0			SUCS	COLLECTOR
2025-09-23 22:10:49	3824	2413	0	0	1	601100409	1	1	0	0	19024	54182	0			SUCS	COLLECTOR
2025-09-23 22:10:49	3824	2413	0	0	1	540055	1	1	0	0	19033	54180	0			SUCS	COLLECTOR
2025-09-23 22:10:49	3824	2413	0	0	1	540009	1	1	0	0	19023	54184	0			SUCS	COLLECTOR
2025-09-23 22:10:49	3824	2413	0	0	1	808307	1	1	0	0	19030	54186	0			SUCS	COLLECTOR
2025-09-23 22:10:49	3824	2413	0	0	1	2016132	4	4	0	0	19030	54182	0			SUCS	COLLECTOR
2025-09-23 22:11:49	11132	104	0	0	0	1	0	1481336	41485	352382	0	0	0				
2025-09-23 22:11:49	3824	2413	0	0	1	2016154	1	1	0	0	22009	54288	0			SUCS	COLLECTOR
2025-09-23 22:11:49	3824	2413	0	0	1	1100408	3	3	0	0	21995	54286	0			SUCS	COLLECTOR
2025-09-23 22:11:49	3824	2413	0	0	1	1100101	8	8	0	0	22008	54288	0			SUCS	COLLECTOR
2025-09-23 22:11:49	3824	2413	0	0	1	601100409	1	1	0	0	22004	54282	0			SUCS	COLLECTOR
2025-09-23 22:11:49	3824	2413	0	0	1	540061	1	1	0	0	21999	54289	0			SUCS	COLLECTOR
2025-09-23 22:11:49	3824	2413	0	0	1	540019	1	1	0	0	21997	54284	0			SUCS	COLLECTOR
2025-09-23 22:11:49	3824	2413	0	0	1	808107	1	1	0	0	22006	54293	0			SUCS	COLLECTOR
2025-09-23 22:11:49	3824	2413	0	0	1	2016154	1	1	0	0	22011	54320	0			SUCS	COLLECTOR
2025-09-23 22:11:49	3824	2413	0	0	1	1100408	1	1	0	0	22000	54328	0			SUCS	COLLECTOR
2025-09-23 22:11:49	3824	2413	0	0	1	1100101	4	4	0	0	22000	54322	0			SUCS	COLLECTOR
2025-09-23 22:11:49	3824	2413	0	0	1	540202	1	1	0	0	22006	54316	0			SUCS	COLLECTOR
2025-09-23 22:11:49	3824	2413	0	0	1	2016154	1	1	0	0	21866	54334	0			SUCS	COLLECTOR
2025-09-23 22:11:49	3824	2413	0	0	1	1100408	1	1	0	0	21879	54323	0			SUCS	COLLECTOR
2025-09-23 22:11:49	3824	2413	0	0	1	1100101	10	10	0	0	21864	54335	0			SUCS	COLLECTOR
2025-09-23 22:11:49	3824	2413	0	0	1	601100409	1	1	0	0	21870	54335	0			SUCS	COLLECTOR
2025-09-23 22:11:49	3824	2413	0	0	1	540067	1	1	0	0	21881	54336	0			SUCS	COLLECTOR
2025-09-23 22:11:49	3824	2413	0	0	1	540019	1	1	0	0	21865	54335	0			SUCS	COLLECTOR
2025-09-23 22:11:49	3824	2413	0	0	1	2016154	1	1	0	0	21847	54326	0			SUCS	COLLECTOR
2025-09-23 22:11:49	3824	2413	0	0	1	1100408	3	3	0	0	21856	54336	0			SUCS	COLLECTOR
2025-09-23 22:11:49	3824	2413	0	0	1	1100101	3	3	0	0	21847	54338	0			SUCS	COLLECTOR
2025-09-23 22:11:49	3824	2413	0	0	1	601100409	1	1	0	0	21861	54334	0			SUCS	COLLECTOR
2025-09-23 22:11:49	3824	2413	0	0	1	540052	1	1	0	0	21846	54340	0			SUCS	COLLECTOR
2025-09-23 22:11:49	3824	2413	0	0	1	808707	1	1	0	0	21848	54331	0			SUCS	COLLECTOR
2025-09-23 22:11:49	3824	2413	0	0	1	2016154	1	1	0	0	21857	54350	0			SUCS	COLLECTOR
2025-09-23 22:11:49	3824	2413	0	0	1	1100408	3	3	0	0	21857	54335	0			SUCS	COLLECTOR
2025-09-23 22:11:49	3824	2413	0	0	1	1100101	7	7	0	0	21868	54333	0			SUCS	COLLECTOR
2025-09-23 22:11:49	3824	2413	0	0	1	601100409	1	1	0	0	21870	54338	0			SUCS	COLLECTOR
2025-09-23 22:11:49	3824	2413	0	0	1	540005	1	1	0	0	21866	54341	0			SUCS	COLLECTOR
2025-09-23 22:11:49	3824	2413	0	0	1	809907	1	1	0	0	21855	54346	0			SUCS	COLLECTOR
2025-09-23 22:11:49	3824	2413	0	0	1	2016154	1	1	0	0	21862	54327	0			SUCS	COLLECTOR
2025-09-23 22:11:49	3824	2413	0	0	1	1100408	3	3	0	0	21865	54325	0			SUCS	COLLECTOR
2025-09-23 22:11:49	3824	2413	0	0	1	1100101	3	3	0	0	21866	54316	0			SUCS	COLLECTOR
2025-09-23 22:11:49	3824	2413	0	0	1	540019	1	1	0	0	21862	54326	0			SUCS	COLLECTOR
2025-09-23 22:11:49	3824	2413	0	0	1	540002	2	2	0	0	21860	54315	0			SUCS	COLLECTOR
2025-09-23 22:11:49	3824	2413	0	0	1	2016154	1	1	0	0	21845	54325	0			SUCS	COLLECTOR
2025-09-23 22:11:49	3824	2413	0	0	1	1100408	2	2	0	0	21840	54331	0			SUCS	COLLECTOR
2025-09-23 22:11:49	3824	2413	0	0	1	1100102	1	1	0	0	21850	54328	0			SUCS	COLLECTOR
2025-09-23 22:11:49	3824	2413	0	0	1	1100101	7	7	0	0	21847	54327	0			SUCS	COLLECTOR
2025-09-23 22:11:49	3824	2413	0	0	1	601100409	1	1	0	0	21851	54330	0			SUCS	COLLECTOR
2025-09-23 22:11:49	3824	2413	0	0	1	540065	1	1	0	0	21849	54334	0			SUCS	COLLECTOR
2025-09-23 22:11:49	3824	2413	0	0	1	540009	1	1	0	0	21844	54337	0			SUCS	COLLECTOR
2025-09-23 22:11:49	3824	2413	0	0	1	540006	1	1	0	0	21840	54333	0			SUCS	COLLECTOR
2025-09-23 22:11:49	3824	2413	0	0	1	809607	1	1	0	0	21845	54331	0			SUCS	COLLECTOR
2025-09-23 22:11:49	3824	2413	0	0	1	2016154	1	1	0	0	21848	54295	0			SUCS	COLLECTOR
2025-09-23 22:11:49	3824	2413	0	0	1	1100408	1	1	0	0	21848	54294	0			SUCS	COLLECTOR
2025-09-23 22:11:49	3824	2413	0	0	1	1100101	6	6	0	0	21847	54303	0			SUCS	COLLECTOR
2025-09-23 22:11:49	3824	2413	0	0	1	540200	1	1	0	0	21850	54300	0			SUCS	COLLECTOR
2025-09-23 22:11:49	3824	2413	0	0	1	540005	1	1	0	0	21848	54296	0			SUCS	COLLECTOR
2025-09-23 22:11:49	3824	2413	0	0	1	540002	1	1	0	0	21857	54300	0			SUCS	COLLECTOR
2025-09-23 22:11:49	3824	2413	0	0	1	809307	1	1	0	0	21857	54303	0			SUCS	COLLECTOR
2025-09-23 22:11:49	3824	2413	0	0	1	2016154	1	1	0	0	21809	54040	0			SUCS	COLLECTOR
2025-09-23 22:11:49	3824	2413	0	0	1	2016154	1	1	0	0	21188	54227	0			SUCS	COLLECTOR
2025-09-23 22:11:49	3824	2413	0	0	1	1100408	3	3	0	0	21184	54234	0			SUCS	COLLECTOR
2025-09-23 22:11:49	3824	2413	0	0	1	1100101	2	2	0	0	21180	54233	0			SUCS	COLLECTOR
2025-09-23 22:11:49	3824	2413	0	0	1	540053	1	1	0	0	21188	54240	0			SUCS	COLLECTOR
2025-09-23 22:11:49	3824	2413	0	0	1	2016154	1	1	0	0	21244	54227	0			SUCS	COLLECTOR
2025-09-23 22:11:49	3824	2413	0	0	1	1100408	3	3	0	0	21237	54231	0			SUCS	COLLECTOR
2025-09-23 22:11:49	3824	2413	0	0	1	1100101	10	10	0	0	21243	54228	0			SUCS	COLLECTOR
2025-09-23 22:11:49	3824	2413	0	0	1	601100409	1	1	0	0	21236	54241	0			SUCS	COLLECTOR
2025-09-23 22:11:49	3824	2413	0	0	1	540200	1	1	0	0	21237	54242	0			SUCS	COLLECTOR
2025-09-23 22:11:49	3824	2413	0	0	1	540019	1	1	0	0	21233	54236	0			SUCS	COLLECTOR
2025-09-23 22:11:49	3824	2413	0	0	1	540011	1	1	0	0	21235	54234	0			SUCS	COLLECTOR
2025-09-23 22:11:49	3824	2413	0	0	1	2016154	1	1	0	0	21261	54232	0			SUCS	COLLECTOR
2025-09-23 22:11:49	3824	2413	0	0	1	1100408	1	1	0	0	21254	54242	0			SUCS	COLLECTOR
2025-09-23 22:11:49	3824	2413	0	0	1	1100101	4	4	0	0	21258	54226	0			SUCS	COLLECTOR
2025-09-23 22:11:49	3824	2413	0	0	1	540012	1	1	0	0	21262	54238	0			SUCS	COLLECTOR
2025-09-23 22:11:49	3824	2413	0	0	1	808707	1	1	0	0	21262	54236	0			SUCS	COLLECTOR
2025-09-23 22:11:49	3824	2413	0	0	1	2016154	1	1	0	0	21291	54218	0			SUCS	COLLECTOR
2025-09-23 22:11:49	3824	2413	0	0	1	1100408	1	1	0	0	21290	54218	0			SUCS	COLLECTOR
2025-09-23 22:11:49	3824	2413	0	0	1	1100101	2	2	0	0	21278	54207	0			SUCS	COLLECTOR
2025-09-23 22:11:49	3824	2413	0	0	1	540055	1	1	0	0	21279	54215	0			SUCS	COLLECTOR
2025-09-23 22:11:49	3824	2413	0	0	1	540011	1	1	0	0	21291	54215	0			SUCS	COLLECTOR
2025-09-23 22:11:49	3824	2413	0	0	1	540009	1	1	0	0	21290	54206	0			SUCS	COLLECTOR
2025-09-23 22:11:49	3824	2413	0	0	1	2016154	1	1	0	0	21261	54139	0			SUCS	COLLECTOR
2025-09-23 22:11:49	3824	2413	0	0	1	1100408	1	1	0	0	21260	54140	0			SUCS	COLLECTOR
2025-09-23 22:11:49	3824	2413	0	0	1	1100101	3	3	0	0	21250	54136	0			SUCS	COLLECTOR
2025-09-23 22:11:49	3824	2413	0	0	1	540067	1	1	0	0	21249	54129	0			SUCS	COLLECTOR
2025-09-23 22:11:49	3824	2413	0	0	1	540057	1	1	0	0	21250	54141	0			SUCS	COLLECTOR
2025-09-23 22:11:49	3824	2413	0	0	1	809007	1	1	0	0	21261	54139	0			SUCS	COLLECTOR
2025-09-23 22:11:49	3824	2413	0	0	1	2016154	1	1	0	0	21265	54135	0			SUCS	COLLECTOR
2025-09-23 22:11:49	3824	2413	0	0	1	1100408	2	2	0	0	21250	54127	0			SUCS	COLLECTOR
2025-09-23 22:11:49	3824	2413	0	0	1	1100101	1	1	0	0	21257	54126	0			SUCS	COLLECTOR
2025-09-23 22:11:49	3824	2413	0	0	1	601100409	1	1	0	0	21253	54126	0			SUCS	COLLECTOR
2025-09-23 22:11:49	3824	2413	0	0	1	540010	1	1	0	0	21265	54134	0			SUCS	COLLECTOR
2025-09-23 22:11:49	3824	2413	0	0	1	809007	1	1	0	0	21253	54139	0			SUCS	COLLECTOR
2025-09-23 22:11:49	3824	2413	0	0	1	2016154	1	1	0	0	21245	54165	0			SUCS	COLLECTOR
2025-09-23 22:11:49	3824	2413	0	0	1	1100408	3	3	0	0	21241	54180	0			SUCS	COLLECTOR
2025-09-23 22:11:49	3824	2413	0	0	1	1100101	6	6	0	0	21249	54165	0			SUCS	COLLECTOR
2025-09-23 22:11:49	3824	2413	0	0	1	601100409	1	1	0	0	21244	54171	0			SUCS	COLLECTOR
2025-09-23 22:11:49	3824	2413	0	0	1	540019	1	1	0	0	21234	54166	0			SUCS	COLLECTOR
2025-09-23 22:11:49	3824	2413	0	0	1	540006	1	1	0	0	21242	54181	0			SUCS	COLLECTOR
2025-09-23 22:11:49	3824	2413	0	0	1	2016154	1	1	0	0	21204	54135	0			SUCS	COLLECTOR
2025-09-23 22:11:49	3824	2413	0	0	1	1100408	1	1	0	0	21190	54128	0			SUCS	COLLECTOR
2025-09-23 22:11:49	3824	2413	0	0	1	1100101	8	8	0	0	21194	54127	0			SUCS	COLLECTOR
2025-09-23 22:11:49	3824	2413	0	0	1	601100409	1	1	0	0	21197	54126	0			SUCS	COLLECTOR
2025-09-23 22:11:49	3824	2413	0	0	1	540019	1	1	0	0	21191	54131	0			SUCS	COLLECTOR
2025-09-23 22:11:49	3824	2413	0	0	1	540012	1	1	0	0	21189	54136	0			SUCS	COLLECTOR
2025-09-23 22:11:49	3824	2413	0	0	1	2016154	1	1	0	0	21190	54148	0			SUCS	COLLECTOR
2025-09-23 22:11:49	3824	2413	0	0	1	1100408	1	1	0	0	21194	54146	0			SUCS	COLLECTOR
2025-09-23 22:11:49	3824	2413	0	0	1	1100102	2	2	0	0	21197	54134	0			SUCS	COLLECTOR
2025-09-23 22:11:49	3824	2413	0	0	1	1100101	8	8	0	0	21198	54147	0			SUCS	COLLECTOR
2025-09-23 22:11:49	3824	2413	0	0	1	540005	1	1	0	0	21194	54146	0			SUCS	COLLECTOR
2025-09-23 22:11:49	3824	2413	0	0	1	540002	1	1	0	0	21196	54136	0			SUCS	COLLECTOR
2025-09-23 22:11:49	3824	2413	0	0	1	809307	1	1	0	0	21187	54139	0			SUCS	COLLECTOR
2025-09-23 22:11:49	3824	2413	0	0	1	2016154	1	1	0	0	21172	54183	0			SUCS	COLLECTOR
2025-09-23 22:11:49	3824	2413	0	0	1	1100408	2	2	0	0	21160	54195	0			SUCS	COLLECTOR
2025-09-23 22:11:49	3824	2413	0	0	1	1100101	7	7	0	0	21174	54188	0			SUCS	COLLECTOR
2025-09-23 22:11:49	3824	2413	0	0	1	601100409	1	1	0	0	21174	54193	0			SUCS	COLLECTOR
2025-09-23 22:11:49	3824	2413	0	0	1	540200	1	1	0	0	21159	54186	0			SUCS	COLLECTOR
2025-09-23 22:11:49	3824	2413	0	0	1	540057	1	1	0	0	21168	54189	0			SUCS	COLLECTOR
2025-09-23 22:11:49	3824	2413	0	0	1	540012	1	1	0	0	21163	54195	0			SUCS	COLLECTOR
2025-09-23 22:11:49	3824	2413	0	0	1	2016154	1	1	0	0	20700	54159	0			SUCS	COLLECTOR
2025-09-23 22:11:49	3824	2413	0	0	1	1100408	2	2	0	0	20693	54155	0			SUCS	COLLECTOR
2025-09-23 22:11:49	3824	2413	0	0	1	1100101	9	9	0	0	20708	54158	0			SUCS	COLLECTOR
2025-09-23 22:11:49	3824	2413	0	0	1	601100409	1	1	0	0	20698	54158	0			SUCS	COLLECTOR
2025-09-23 22:11:49	3824	2413	0	0	1	540067	1	1	0	0	20700	54166	0			SUCS	COLLECTOR
2025-09-23 22:11:49	3824	2413	0	0	1	540011	1	1	0	0	20699	54168	0			SUCS	COLLECTOR
2025-09-23 22:11:49	3824	2413	0	0	1	809907	1	1	0	0	20693	54166	0			SUCS	COLLECTOR
2025-09-23 22:11:49	3824	2413	0	0	1	2016154	1	1	0	0	20694	54223	0			SUCS	COLLECTOR
2025-09-23 22:11:49	3824	2413	0	0	1	1100408	2	2	0	0	20704	54215	0			SUCS	COLLECTOR
2025-09-23 22:11:49	3824	2413	0	0	1	1100102	1	1	0	0	20689	54206	0			SUCS	COLLECTOR
2025-09-23 22:11:49	3824	2413	0	0	1	1100101	8	8	0	0	20703	54214	0			SUCS	COLLECTOR
2025-09-23 22:11:49	3824	2413	0	0	1	601100409	1	1	0	0	20700	54208	0			SUCS	COLLECTOR
2025-09-23 22:11:49	3824	2413	0	0	1	540201	2	2	0	0	20698	54218	0			SUCS	COLLECTOR
2025-09-23 22:11:49	3824	2413	0	0	1	2016154	1	1	0	0	20711	54244	0			SUCS	COLLECTOR
2025-09-23 22:11:49	3824	2413	0	0	1	1100408	2	2	0	0	20713	54257	0			SUCS	COLLECTOR
2025-09-23 22:11:49	3824	2413	0	0	1	1100101	5	5	0	0	20708	54255	0			SUCS	COLLECTOR
2025-09-23 22:11:49	3824	2413	0	0	1	540011	1	1	0	0	20711	54253	0			SUCS	COLLECTOR
2025-09-23 22:11:49	3824	2413	0	0	1	540002	1	1	0	0	20705	54245	0			SUCS	COLLECTOR
2025-09-23 22:11:49	3824	2413	0	0	1	809907	1	1	0	0	20697	54252	0			SUCS	COLLECTOR
2025-09-23 22:11:49	3824	2413	0	0	1	2016154	1	1	0	0	20708	54286	0			SUCS	COLLECTOR
2025-09-23 22:11:49	3824	2413	0	0	1	1100408	2	2	0	0	20702	54283	0			SUCS	COLLECTOR
2025-09-23 22:11:49	3824	2413	0	0	1	1100101	1	1	0	0	20702	54292	0			SUCS	COLLECTOR
2025-09-23 22:11:49	3824	2413	0	0	1	601100409	1	1	0	0	20718	54288	0			SUCS	COLLECTOR
2025-09-23 22:11:49	3824	2413	0	0	1	540200	1	1	0	0	20717	54297	0			SUCS	COLLECTOR
2025-09-23 22:11:49	3824	2413	0	0	1	540052	1	1	0	0	20718	54296	0			SUCS	COLLECTOR
2025-09-23 22:11:49	3824	2413	0	0	1	540010	1	1	0	0	20716	54282	0			SUCS	COLLECTOR
2025-09-23 22:11:49	3824	2413	0	0	1	808107	1	1	0	0	20719	54291	0			SUCS	COLLECTOR
2025-09-23 22:11:49	3824	2413	0	0	1	2016154	1	1	0	0	20653	54240	0			SUCS	COLLECTOR
2025-09-23 22:11:49	3824	2413	0	0	1	1100408	3	3	0	0	20659	54240	0			SUCS	COLLECTOR
2025-09-23 22:11:49	3824	2413	0	0	1	1100101	6	6	0	0	20649	54230	0			SUCS	COLLECTOR
2025-09-23 22:11:49	3824	2413	0	0	1	601100409	1	1	0	0	20657	54240	0			SUCS	COLLECTOR
2025-09-23 22:11:49	3824	2413	0	0	1	540201	2	2	0	0	20661	54237	0			SUCS	COLLECTOR
2025-09-23 22:11:49	3824	2413	0	0	1	540009	1	1	0	0	20652	54236	0			SUCS	COLLECTOR
2025-09-23 22:11:49	3824	2413	0	0	1	2016154	1	1	0	0	20489	54140	0			SUCS	COLLECTOR
2025-09-23 22:11:49	3824	2413	0	0	1	1100408	2	2	0	0	20486	54141	0			SUCS	COLLECTOR
2025-09-23 22:11:49	3824	2413	0	0	1	1100101	1	1	0	0	20484	54144	0			SUCS	COLLECTOR
2025-09-23 22:11:49	3824	2413	0	0	1	601100409	1	1	0	0	20486	54143	0			SUCS	COLLECTOR
2025-09-23 22:11:49	3824	2413	0	0	1	540203	1	1	0	0	20487	54140	0			SUCS	COLLECTOR
2025-09-23 22:11:49	3824	2413	0	0	1	540200	1	1	0	0	20478	54138	0			SUCS	COLLECTOR
2025-09-23 22:11:49	3824	2413	0	0	1	540006	1	1	0	0	20486	54134	0			SUCS	COLLECTOR
2025-09-23 22:11:49	3824	2413	0	0	1	2016154	1	1	0	0	20493	54159	0			SUCS	COLLECTOR
2025-09-23 22:11:49	3824	2413	0	0	1	1100408	1	1	0	0	20493	54160	0			SUCS	COLLECTOR
2025-09-23 22:11:49	3824	2413	0	0	1	1100101	6	6	0	0	20499	54146	0			SUCS	COLLECTOR
2025-09-23 22:11:49	3824	2413	0	0	1	540067	1	1	0	0	20491	54157	0			SUCS	COLLECTOR
2025-09-23 22:11:49	3824	2413	0	0	1	540006	1	1	0	0	20497	54148	0			SUCS	COLLECTOR
2025-09-23 22:11:49	3824	2413	0	0	1	2016154	1	1	0	0	20477	54159	0			SUCS	COLLECTOR
2025-09-23 22:11:49	3824	2413	0	0	1	1100408	1	1	0	0	20478	54165	0			SUCS	COLLECTOR
2025-09-23 22:11:49	3824	2413	0	0	1	1100101	3	3	0	0	20484	54157	0			SUCS	COLLECTOR
2025-09-23 22:11:49	3824	2413	0	0	1	601100409	1	1	0	0	20483	54156	0			SUCS	COLLECTOR
2025-09-23 22:11:49	3824	2413	0	0	1	540067	1	1	0	0	20471	54168	0			SUCS	COLLECTOR
2025-09-23 22:11:49	3824	2413	0	0	1	540019	1	1	0	0	20485	54152	0			SUCS	COLLECTOR
2025-09-23 22:11:49	3824	2413	0	0	1	540002	1	1	0	0	20484	54165	0			SUCS	COLLECTOR
2025-09-23 22:11:49	3824	2413	0	0	1	809907	1	1	0	0	20475	54164	0			SUCS	COLLECTOR
2025-09-23 22:11:49	3824	2413	0	0	1	2016154	1	1	0	0	20482	54165	0			SUCS	COLLECTOR
2025-09-23 22:11:49	3824	2413	0	0	1	1100408	1	1	0	0	20478	54165	0			SUCS	COLLECTOR
2025-09-23 22:11:49	3824	2413	0	0	1	1100101	10	10	0	0	20472	54165	0			SUCS	COLLECTOR
2025-09-23 22:11:49	3824	2413	0	0	1	601100409	1	1	0	0	20483	54170	0			SUCS	COLLECTOR
2025-09-23 22:11:49	3824	2413	0	0	1	540079	1	1	0	0	20473	54163	0			SUCS	COLLECTOR
2025-09-23 22:11:49	3824	2413	0	0	1	540053	1	1	0	0	20475	54160	0			SUCS	COLLECTOR
2025-09-23 22:11:49	3824	2413	0	0	1	540012	1	1	0	0	20486	54161	0			SUCS	COLLECTOR
2025-09-23 22:11:49	3824	2413	0	0	1	2016154	1	1	0	0	20483	54154	0			SUCS	COLLECTOR
2025-09-23 22:11:49	3824	2413	0	0	1	1100408	1	1	0	0	20485	54156	0			SUCS	COLLECTOR
2025-09-23 22:11:49	3824	2413	0	0	1	1100101	9	9	0	0	20491	54159	0			SUCS	COLLECTOR
2025-09-23 22:11:49	3824	2413	0	0	1	601100409	1	1	0	0	20493	54166	0			SUCS	COLLECTOR
2025-09-23 22:11:49	3824	2413	0	0	1	540202	1	1	0	0	20486	54165	0			SUCS	COLLECTOR
2025-09-23 22:11:49	3824	2413	0	0	1	540019	1	1	0	0	20498	54164	0			SUCS	COLLECTOR
2025-09-23 22:11:49	3824	2413	0	0	1	540006	1	1	0	0	20498	54167	0			SUCS	COLLECTOR
2025-09-23 22:11:49	3824	2413	0	0	1	809007	1	1	0	0	20482	54160	0			SUCS	COLLECTOR
2025-09-23 22:11:49	3824	2413	0	0	1	2016154	1	1	0	0	20509	54144	0			SUCS	COLLECTOR
2025-09-23 22:11:49	3824	2413	0	0	1	1100408	1	1	0	0	20522	54137	0			SUCS	COLLECTOR
2025-09-23 22:11:49	3824	2413	0	0	1	1100101	2	2	0	0	20510	54139	0			SUCS	COLLECTOR
2025-09-23 22:11:49	3824	2413	0	0	1	540005	1	1	0	0	20521	54134	0			SUCS	COLLECTOR
2025-09-23 22:11:49	3824	2413	0	0	1	2016154	1	1	0	0	20500	54161	0			SUCS	COLLECTOR
2025-09-23 22:11:49	3824	2413	0	0	1	1100408	2	2	0	0	20509	54163	0			SUCS	COLLECTOR
2025-09-23 22:11:49	3824	2413	0	0	1	1100102	2	2	0	0	20499	54152	0			SUCS	COLLECTOR
2025-09-23 22:11:49	3824	2413	0	0	1	1100101	1	1	0	0	20500	54168	0			SUCS	COLLECTOR
2025-09-23 22:11:49	3824	2413	0	0	1	601100409	1	1	0	0	20515	54162	0			SUCS	COLLECTOR
2025-09-23 22:11:49	3824	2413	0	0	1	540018	1	1	0	0	20512	54157	0			SUCS	COLLECTOR
2025-09-23 22:11:49	3824	2413	0	0	1	540005	1	1	0	0	20515	54166	0			SUCS	COLLECTOR
2025-09-23 22:11:49	3824	2413	0	0	1	2016154	1	1	0	0	20493	54141	0			SUCS	COLLECTOR
2025-09-23 22:11:49	3824	2413	0	0	1	1100408	3	3	0	0	20502	54144	0			SUCS	COLLECTOR
2025-09-23 22:11:49	3824	2413	0	0	1	1100101	9	9	0	0	20499	54143	0			SUCS	COLLECTOR
2025-09-23 22:11:49	3824	2413	0	0	1	601100409	1	1	0	0	20503	54147	0			SUCS	COLLECTOR
2025-09-23 22:11:49	3824	2413	0	0	1	540200	1	1	0	0	20495	54147	0			SUCS	COLLECTOR
2025-09-23 22:11:49	3824	2413	0	0	1	540019	1	1	0	0	20503	54145	0			SUCS	COLLECTOR
2025-09-23 22:11:49	3824	2413	0	0	1	540002	1	1	0	0	20503	54141	0			SUCS	COLLECTOR
2025-09-23 22:11:49	3824	2413	0	0	1	2016154	1	1	0	0	20513	54145	0			SUCS	COLLECTOR
2025-09-23 22:11:49	3824	2413	0	0	1	1100408	2	2	0	0	20515	54159	0			SUCS	COLLECTOR
2025-09-23 22:11:49	3824	2413	0	0	1	1100102	3	3	0	0	20512	54150	0			SUCS	COLLECTOR
2025-09-23 22:11:49	3824	2413	0	0	1	1100101	5	5	0	0	20509	54154	0			SUCS	COLLECTOR
2025-09-23 22:11:49	3824	2413	0	0	1	540079	1	1	0	0	20516	54154	0			SUCS	COLLECTOR
2025-09-23 22:11:49	3824	2413	0	0	1	540067	1	1	0	0	20519	54142	0			SUCS	COLLECTOR
2025-09-23 22:11:49	3824	2413	0	0	1	540005	1	1	0	0	20521	54154	0			SUCS	COLLECTOR
2025-09-23 22:11:49	3824	2413	0	0	1	808107	1	1	0	0	20516	54145	0			SUCS	COLLECTOR
2025-09-23 22:11:49	3824	2413	0	0	1	2016154	1	1	0	0	20501	54149	0			SUCS	COLLECTOR
2025-09-23 22:11:49	3824	2413	0	0	1	1100408	3	3	0	0	20513	54149	0			SUCS	COLLECTOR
2025-09-23 22:11:49	3824	2413	0	0	1	1100101	1	1	0	0	20502	54140	0			SUCS	COLLECTOR
2025-09-23 22:11:49	3824	2413	0	0	1	540057	1	1	0	0	20501	54155	0			SUCS	COLLECTOR
2025-09-23 22:11:49	3824	2413	0	0	1	2016154	1	1	0	0	20510	54151	0			SUCS	COLLECTOR
2025-09-23 22:11:49	3824	2413	0	0	1	1100408	3	3	0	0	20514	54147	0			SUCS	COLLECTOR
2025-09-23 22:11:49	3824	2413	0	0	1	1100101	2	2	0	0	20506	54140	0			SUCS	COLLECTOR
2025-09-23 22:11:49	3824	2413	0	0	1	601100409	1	1	0	0	20506	54142	0			SUCS	COLLECTOR
2025-09-23 22:11:49	3824	2413	0	0	1	540018	2	2	0	0	20506	54151	0			SUCS	COLLECTOR
2025-09-23 22:11:49	3824	2413	0	0	1	540005	1	1	0	0	21196	54251	0			SUCS	COLLECTOR
2025-09-23 22:11:49	3824	2413	0	0	1	540067	1	1	0	0	21204	54253	0			SUCS	COLLECTOR
2025-09-23 22:11:49	3824	2413	0	0	1	1100101	1	1	0	0	21206	54255	0			SUCS	COLLECTOR
2025-09-23 22:11:49	3824	2413	0	0	1	1100408	2	2	0	0	21202	54254	0			SUCS	COLLECTOR
2025-09-23 22:11:49	3824	2413	0	0	1	2016154	1	1	0	0	21200	54257	0			SUCS	COLLECTOR
2025-09-23 22:11:49	3824	2413	0	0	1	540055	1	1	0	0	21112	54230	0			SUCS	COLLECTOR
2025-09-23 22:11:49	3824	2413	0	0	1	540202	1	1	0	0	21117	54242	0			SUCS	COLLECTOR
2025-09-23 22:11:49	3824	2413	0	0	1	601100409	1	1	0	0	21117	54240	0			SUCS	COLLECTOR
2025-09-23 22:11:49	3824	2413	0	0	1	1100101	3	3	0	0	21123	54238	0			SUCS	COLLECTOR
2025-09-23 22:11:49	3824	2413	0	0	1	1100102	1	1	0	0	21129	54241	0			SUCS	COLLECTOR
2025-09-23 22:11:49	3824	2413	0	0	1	1100408	3	3	0	0	21121	54227	0			SUCS	COLLECTOR
2025-09-23 22:11:49	3824	2413	0	0	1	2016154	1	1	0	0	21121	54233	0			SUCS	COLLECTOR
2025-09-23 22:11:49	3824	2413	0	0	1	540019	1	1	0	0	21176	54236	0			SUCS	COLLECTOR
2025-09-23 22:11:49	3824	2413	0	0	1	540057	1	1	0	0	21172	54233	0			SUCS	COLLECTOR
2025-09-23 22:11:49	3824	2413	0	0	1	540201	1	1	0	0	21173	54227	0			SUCS	COLLECTOR
2025-09-23 22:11:49	3824	2413	0	0	1	1100101	6	6	0	0	21187	54243	0			SUCS	COLLECTOR
2025-09-23 22:11:49	3824	2413	0	0	1	1100408	3	3	0	0	21178	54243	0			SUCS	COLLECTOR
2025-09-23 22:11:49	3824	2413	0	0	1	2016154	1	1	0	0	21184	54233	0			SUCS	COLLECTOR
2025-09-23 22:11:49	3824	2413	0	0	1	540011	1	1	0	0	21213	54219	0			SUCS	COLLECTOR
2025-09-23 22:11:49	3824	2413	0	0	1	1100101	7	7	0	0	21218	54202	0			SUCS	COLLECTOR
2025-09-23 22:11:49	3824	2413	0	0	1	1100102	1	1	0	0	21217	54203	0			SUCS	COLLECTOR
2025-09-23 22:11:49	3824	2413	0	0	1	1100408	3	3	0	0	21214	54218	0			SUCS	COLLECTOR
2025-09-23 22:11:49	3824	2413	0	0	1	2016154	1	1	0	0	21215	54219	0			SUCS	COLLECTOR
2025-09-23 22:11:49	3824	2413	0	0	1	540005	1	1	0	0	21360	54318	0			SUCS	COLLECTOR
2025-09-23 22:11:49	3824	2413	0	0	1	540018	2	2	0	0	21358	54314	0			SUCS	COLLECTOR
2025-09-23 22:11:49	3824	2413	0	0	1	1100101	3	3	0	0	21370	54315	0			SUCS	COLLECTOR
2025-09-23 22:11:49	3824	2413	0	0	1	1100408	2	2	0	0	21362	54320	0			SUCS	COLLECTOR
2025-09-23 22:11:49	3824	2413	0	0	1	2016154	1	1	0	0	21364	54325	0			SUCS	COLLECTOR
2025-09-23 22:11:49	3824	2413	0	0	1	540057	1	1	0	0	21362	54174	0			SUCS	COLLECTOR
2025-09-23 22:11:49	3824	2413	0	0	1	540065	1	1	0	0	21355	54174	0			SUCS	COLLECTOR
2025-09-23 22:11:49	3824	2413	0	0	1	1100101	8	8	0	0	21368	54187	0			SUCS	COLLECTOR
2025-09-23 22:11:49	3824	2413	0	0	1	1100408	1	1	0	0	21359	54180	0			SUCS	COLLECTOR
2025-09-23 22:11:49	3824	2413	0	0	1	2016154	1	1	0	0	21365	54182	0			SUCS	COLLECTOR
2025-09-23 22:11:49	3824	2413	0	0	1	809607	1	1	0	0	21909	54094	0			SUCS	COLLECTOR
2025-09-23 22:11:49	3824	2413	0	0	1	540009	1	1	0	0	21900	54104	0			SUCS	COLLECTOR
2025-09-23 22:11:49	3824	2413	0	0	1	601100409	1	1	0	0	21906	54096	0			SUCS	COLLECTOR
2025-09-23 22:11:49	3824	2413	0	0	1	1100101	2	2	0	0	21897	54107	0			SUCS	COLLECTOR
2025-09-23 22:11:49	3824	2413	0	0	1	1100408	2	2	0	0	21896	54101	0			SUCS	COLLECTOR
2025-09-23 22:11:49	3824	2413	0	0	1	2016154	1	1	0	0	21907	54094	0			SUCS	COLLECTOR
2025-09-23 22:11:49	3824	2413	0	0	1	540200	1	1	0	0	21886	54053	0			SUCS	COLLECTOR
2025-09-23 22:11:49	3824	2413	0	0	1	601100409	1	1	0	0	21877	54037	0			SUCS	COLLECTOR
2025-09-23 22:11:49	3824	2413	0	0	1	1100101	2	2	0	0	21890	54038	0			SUCS	COLLECTOR
2025-09-23 22:11:49	3824	2413	0	0	1	1100102	1	1	0	0	21890	54047	0			SUCS	COLLECTOR
2025-09-23 22:11:49	3824	2413	0	0	1	1100408	1	1	0	0	21875	54043	0			SUCS	COLLECTOR
2025-09-23 22:11:49	3824	2413	0	0	1	2016154	1	1	0	0	21886	54046	0			SUCS	COLLECTOR
2025-09-23 22:11:49	3824	2413	0	0	1	540005	2	2	0	0	21947	54056	0			SUCS	COLLECTOR
2025-09-23 22:11:49	3824	2413	0	0	1	540057	1	1	0	0	21956	54067	0			SUCS	COLLECTOR
2025-09-23 22:11:49	3824	2413	0	0	1	1100101	8	8	0	0	21952	54062	0			SUCS	COLLECTOR
2025-09-23 22:11:49	3824	2413	0	0	1	1100408	3	3	0	0	21942	54064	0			SUCS	COLLECTOR
2025-09-23 22:11:49	3824	2413	0	0	1	2016154	1	1	0	0	21945	54060	0			SUCS	COLLECTOR
2025-09-23 22:11:49	3824	2413	0	0	1	809907	1	1	0	0	21982	54067	0			SUCS	COLLECTOR
2025-09-23 22:11:49	3824	2413	0	0	1	540006	1	1	0	0	21974	54075	0			SUCS	COLLECTOR
2025-09-23 22:11:49	3824	2413	0	0	1	540200	1	1	0	0	21980	54072	0			SUCS	COLLECTOR
2025-09-23 22:11:49	3824	2413	0	0	1	601100409	1	1	0	0	21970	54080	0			SUCS	COLLECTOR
2025-09-23 22:11:49	3824	2413	0	0	1	1100101	8	8	0	0	21973	54069	0			SUCS	COLLECTOR
2025-09-23 22:11:49	3824	2413	0	0	1	1100408	3	3	0	0	21972	54069	0			SUCS	COLLECTOR
2025-09-23 22:11:49	3824	2413	0	0	1	2016154	1	1	0	0	21977	54078	0			SUCS	COLLECTOR
2025-09-23 22:11:49	3824	2413	0	0	1	540200	1	1	0	0	22030	54095	0			SUCS	COLLECTOR
2025-09-23 22:11:49	3824	2413	0	0	1	1100101	8	8	0	0	22035	54091	0			SUCS	COLLECTOR
2025-09-23 22:11:49	3824	2413	0	0	1	1100102	1	1	0	0	22024	54098	0			SUCS	COLLECTOR
2025-09-23 22:11:49	3824	2413	0	0	1	1100408	1	1	0	0	22023	54099	0			SUCS	COLLECTOR
2025-09-23 22:11:49	3824	2413	0	0	1	2016154	1	1	0	0	22029	54105	0			SUCS	COLLECTOR
2025-09-23 22:11:49	3824	2413	0	0	1	540053	1	1	0	0	22048	54043	0			SUCS	COLLECTOR
2025-09-23 22:11:49	3824	2413	0	0	1	540057	1	1	0	0	22060	54030	0			SUCS	COLLECTOR
2025-09-23 22:11:49	3824	2413	0	0	1	540067	1	1	0	0	22056	54033	0			SUCS	COLLECTOR
2025-09-23 22:11:49	3824	2413	0	0	1	601100409	1	1	0	0	22064	54033	0			SUCS	COLLECTOR
2025-09-23 22:11:49	3824	2413	0	0	1	1100101	9	9	0	0	22059	54047	0			SUCS	COLLECTOR
2025-09-23 22:11:49	3824	2413	0	0	1	1100408	3	3	0	0	22055	54038	0			SUCS	COLLECTOR
2025-09-23 22:11:49	3824	2413	0	0	1	2016154	1	1	0	0	22047	54046	0			SUCS	COLLECTOR
2025-09-23 22:11:49	3824	2413	0	0	1	808707	1	1	0	0	21834	54096	0			SUCS	COLLECTOR
2025-09-23 22:11:49	3824	2413	0	0	1	540005	1	1	0	0	21842	54089	0			SUCS	COLLECTOR
2025-09-23 22:11:49	3824	2413	0	0	1	540006	1	1	0	0	21845	54098	0			SUCS	COLLECTOR
2025-09-23 22:11:49	3824	2413	0	0	1	601100409	1	1	0	0	21835	54084	0			SUCS	COLLECTOR
2025-09-23 22:11:49	3824	2413	0	0	1	1100101	2	2	0	0	21833	54087	0			SUCS	COLLECTOR
2025-09-23 22:11:49	3824	2413	0	0	1	1100408	3	3	0	0	21829	54091	0			SUCS	COLLECTOR
2025-09-23 22:11:49	3824	2413	0	0	1	2016154	1	1	0	0	21833	54096	0			SUCS	COLLECTOR
2025-09-23 22:11:49	3824	2413	0	0	1	540201	1	1	0	0	21812	54037	0			SUCS	COLLECTOR
2025-09-23 22:11:49	3824	2413	0	0	1	1100101	1	1	0	0	21811	54029	0			SUCS	COLLECTOR
2025-09-23 22:11:49	3824	2413	0	0	1	1100408	2	2	0	0	21799	54036	0			SUCS	COLLECTOR
2025-09-23 22:12:49	11132	104	0	0	0	1	0	1481336	44243	377352	0	0	0				
2025-09-23 22:13:49	11132	104	0	0	0	1	0	1481344	51244	436462	0	0	0				
2025-09-23 22:13:49	3824	2413	0	0	1	3100036	1	1	0	0	22747	54192	0			SUCS	COLLECTOR
2025-09-23 22:13:49	3824	2413	0	0	1	3100035	1	1	0	0	22750	54176	0			SUCS	COLLECTOR
2025-09-23 22:13:49	3824	2413	0	0	1	1100408	3	3	0	0	22752	54184	0			SUCS	COLLECTOR
2025-09-23 22:13:49	3824	2413	0	0	1	1100101	68	68	0	0	22745	54192	0			SUCS	COLLECTOR
2025-09-23 22:13:49	3824	2413	0	0	1	601100409	1	1	0	0	22756	54183	0			SUCS	COLLECTOR
2025-09-23 22:13:49	3824	2413	0	0	1	540065	1	1	0	0	22745	54184	0			SUCS	COLLECTOR
2025-09-23 22:13:49	3824	2413	0	0	1	540059	1	1	0	0	22746	54181	0			SUCS	COLLECTOR
2025-09-23 22:13:49	3824	2413	0	0	1	2016132	1	1	0	0	22753	54179	0			SUCS	COLLECTOR
2025-09-23 22:13:49	3824	2413	0	0	1	3100037	1	1	0	0	22711	54174	0			SUCS	COLLECTOR
2025-09-23 22:13:49	3824	2413	0	0	1	3100034	1	1	0	0	22710	54157	0			SUCS	COLLECTOR
2025-09-23 22:13:49	3824	2413	0	0	1	1100408	2	2	0	0	22714	54167	0			SUCS	COLLECTOR
2025-09-23 22:13:49	3824	2413	0	0	1	1100102	7	7	0	0	22724	54160	0			SUCS	COLLECTOR
2025-09-23 22:13:49	3824	2413	0	0	1	1100101	60	60	0	0	22711	54168	0			SUCS	COLLECTOR
2025-09-23 22:13:49	3824	2413	0	0	1	601100409	1	1	0	0	22716	54167	0			SUCS	COLLECTOR
2025-09-23 22:13:49	3824	2413	0	0	1	540200	3	3	0	0	22724	54160	0			SUCS	COLLECTOR
2025-09-23 22:13:49	3824	2413	0	0	1	2016132	8	8	0	0	22722	54166	0			SUCS	COLLECTOR
2025-09-23 22:14:32	15776	2201	1	1	100	0	0	0	0	0	0	0	0	admin	Fraun		/notice  @22030205
2025-09-23 22:14:37	7624	2201	1	1	100	0	0	0	0	0	0	0	0	admin	Fraun		/run notice(@22030205)
2025-09-23 22:14:37	7624	2201	1	1	100	0	0	0	0	0	0	0	0	admin	Fraun		/run notice(@22030205)
2025-09-23 22:14:41	15776	2201	1	1	100	0	0	0	0	0	0	0	0	admin	Fraun		/run notice("@22030205")
2025-09-23 22:14:41	15776	2201	1	1	100	0	0	0	0	0	0	0	0	admin	Fraun		/run notice("@22030205")
2025-09-23 22:14:48	7624	2201	1	1	100	0	0	0	0	0	0	0	0	admin	Fraun		/run message("@22030205")
2025-09-23 22:14:48	7624	2201	1	1	100	0	0	0	0	0	0	0	0	admin	Fraun		/run message("@22030205")
2025-09-23 22:14:49	11132	104	0	0	0	1	0	694276	52807	441437	0	0	0				
2025-09-23 22:14:49	3824	2413	0	0	1	2016154	1	1	0	0	22676	55665	0			SUCS	COLLECTOR
2025-09-23 22:14:49	3824	2413	0	0	1	1100408	1	1	0	0	22676	55672	0			SUCS	COLLECTOR
2025-09-23 22:14:49	3824	2413	0	0	1	1100101	14	14	0	0	22685	55665	0			SUCS	COLLECTOR
2025-09-23 22:14:49	3824	2413	0	0	1	601100409	1	1	0	0	22687	55668	0			SUCS	COLLECTOR
2025-09-23 22:14:49	3824	2413	0	0	1	540201	1	1	0	0	22692	55676	0			SUCS	COLLECTOR
2025-09-23 22:14:49	3824	2413	0	0	1	2016132	1	1	0	0	22683	55665	0			SUCS	COLLECTOR
2025-09-23 22:14:49	3824	2413	0	0	1	3100037	1	1	0	0	22621	54089	0			SUCS	COLLECTOR
2025-09-23 22:14:49	3824	2413	0	0	1	3100034	1	1	0	0	22622	54075	0			SUCS	COLLECTOR
2025-09-23 22:14:49	3824	2413	0	0	1	1100408	3	3	0	0	22631	54089	0			SUCS	COLLECTOR
2025-09-23 22:14:49	3824	2413	0	0	1	1100102	2	2	0	0	22632	54084	0			SUCS	COLLECTOR
2025-09-23 22:14:49	3824	2413	0	0	1	1100101	20	20	0	0	22623	54088	0			SUCS	COLLECTOR
2025-09-23 22:14:49	3824	2413	0	0	1	601100409	1	1	0	0	22632	54086	0			SUCS	COLLECTOR
2025-09-23 22:14:49	3824	2413	0	0	1	540200	1	1	0	0	22625	54079	0			SUCS	COLLECTOR
2025-09-23 22:14:49	3824	2413	0	0	1	540059	1	1	0	0	22621	54092	0			SUCS	COLLECTOR
2025-09-23 22:14:49	3824	2413	0	0	1	808607	1	1	0	0	22624	54082	0			SUCS	COLLECTOR
2025-09-23 22:14:49	3824	2413	0	0	1	2016132	2	2	0	0	22634	54080	0			SUCS	COLLECTOR
2025-09-23 22:15:07	7624	2201	1	1	100	0	0	0	0	0	0	0	0	admin	Fraun		/run message("@22030347")
2025-09-23 22:15:07	7624	2201	1	1	100	0	0	0	0	0	0	0	0	admin	Fraun		/run message("@22030347")
2025-09-23 22:15:14	7624	2201	1	1	100	0	0	0	0	0	0	0	0	admin	Fraun		/run message("@22030373")
2025-09-23 22:15:14	7624	2201	1	1	100	0	0	0	0	0	0	0	0	admin	Fraun		/run message("@22030373")
2025-09-23 22:15:49	3824	2413	0	0	1	2016154	1	1	0	0	22612	55521	0			SUCS	COLLECTOR
2025-09-23 22:15:49	3824	2413	0	0	1	1100408	2	2	0	0	22619	55513	0			SUCS	COLLECTOR
2025-09-23 22:15:49	3824	2413	0	0	1	1100101	11	11	0	0	22612	55511	0			SUCS	COLLECTOR
2025-09-23 22:15:49	3824	2413	0	0	1	601100409	1	1	0	0	22607	55524	0			SUCS	COLLECTOR
2025-09-23 22:15:49	3824	2413	0	0	1	540200	1	1	0	0	22606	55518	0			SUCS	COLLECTOR
2025-09-23 22:15:49	3824	2413	0	0	1	540006	1	1	0	0	22614	55513	0			SUCS	COLLECTOR
2025-09-23 22:15:49	3824	2413	0	0	1	2016132	1	1	0	0	22612	55514	0			SUCS	COLLECTOR
2025-09-23 22:15:49	3824	2413	0	0	1	2016154	1	1	0	0	22626	55398	0			SUCS	COLLECTOR
2025-09-23 22:15:49	3824	2413	0	0	1	1100408	2	2	0	0	22623	55399	0			SUCS	COLLECTOR
2025-09-23 22:15:49	3824	2413	0	0	1	1100102	4	4	0	0	22616	55399	0			SUCS	COLLECTOR
2025-09-23 22:15:49	3824	2413	0	0	1	1100101	25	25	0	0	22630	55409	0			SUCS	COLLECTOR
2025-09-23 22:15:49	3824	2413	0	0	1	601100409	1	1	0	0	22631	55406	0			SUCS	COLLECTOR
2025-09-23 22:15:49	3824	2413	0	0	1	540200	1	1	0	0	22617	55404	0			SUCS	COLLECTOR
2025-09-23 22:15:49	3824	2413	0	0	1	540011	1	1	0	0	22629	55412	0			SUCS	COLLECTOR
2025-09-23 22:15:49	11132	104	0	0	0	1	0	694276	54466	446660	0	0	0				
2025-09-23 22:15:49	3824	2413	0	0	1	540006	1	1	0	0	22620	55401	0			SUCS	COLLECTOR
2025-09-23 22:15:49	3824	2413	0	0	1	2016154	1	1	0	0	22612	55398	0			SUCS	COLLECTOR
2025-09-23 22:15:49	3824	2413	0	0	1	1100408	3	3	0	0	22616	55399	0			SUCS	COLLECTOR
2025-09-23 22:15:49	3824	2413	0	0	1	1100102	1	1	0	0	22601	55411	0			SUCS	COLLECTOR
2025-09-23 22:15:49	3824	2413	0	0	1	1100101	9	9	0	0	22602	55404	0			SUCS	COLLECTOR
2025-09-23 22:15:49	3824	2413	0	0	1	601100409	1	1	0	0	22611	55402	0			SUCS	COLLECTOR
2025-09-23 22:15:49	3824	2413	0	0	1	540057	1	1	0	0	22602	55415	0			SUCS	COLLECTOR
2025-09-23 22:15:49	3824	2413	0	0	1	540019	1	1	0	0	22606	55408	0			SUCS	COLLECTOR
2025-09-23 22:15:49	3824	2413	0	0	1	808107	1	1	0	0	22607	55398	0			SUCS	COLLECTOR
2025-09-23 22:15:49	3824	2413	0	0	1	2016132	1	1	0	0	22605	55410	0			SUCS	COLLECTOR
2025-09-23 22:15:49	3824	2413	0	0	1	2016154	1	1	0	0	22604	55389	0			SUCS	COLLECTOR
2025-09-23 22:15:49	3824	2413	0	0	1	1100408	3	3	0	0	22602	55385	0			SUCS	COLLECTOR
2025-09-23 22:15:49	3824	2413	0	0	1	1100102	1	1	0	0	22603	55401	0			SUCS	COLLECTOR
2025-09-23 22:15:49	3824	2413	0	0	1	1100101	12	12	0	0	22610	55397	0			SUCS	COLLECTOR
2025-09-23 22:15:49	3824	2413	0	0	1	601100409	1	1	0	0	22603	55384	0			SUCS	COLLECTOR
2025-09-23 22:15:49	3824	2413	0	0	1	540005	1	1	0	0	22614	55389	0			SUCS	COLLECTOR
2025-09-23 22:15:49	3824	2413	0	0	1	2016132	1	1	0	0	22604	55400	0			SUCS	COLLECTOR
2025-09-23 22:15:49	3824	2413	0	0	1	2016154	1	1	0	0	22612	55416	0			SUCS	COLLECTOR
2025-09-23 22:15:49	3824	2413	0	0	1	1100408	2	2	0	0	22619	55421	0			SUCS	COLLECTOR
2025-09-23 22:15:49	3824	2413	0	0	1	1100102	1	1	0	0	22616	55417	0			SUCS	COLLECTOR
2025-09-23 22:15:49	3824	2413	0	0	1	1100101	33	33	0	0	22628	55421	0			SUCS	COLLECTOR
2025-09-23 22:15:49	3824	2413	0	0	1	601100409	1	1	0	0	22617	55421	0			SUCS	COLLECTOR
2025-09-23 22:15:49	3824	2413	0	0	1	540200	1	1	0	0	22620	55420	0			SUCS	COLLECTOR
2025-09-23 22:15:49	3824	2413	0	0	1	808107	1	1	0	0	22621	55414	0			SUCS	COLLECTOR
2025-09-23 22:15:49	3824	2413	0	0	1	2016132	1	1	0	0	22627	55416	0			SUCS	COLLECTOR
2025-09-23 22:16:16	9676	2704	0	0	22619	57682	1	22000205	22619	57682	1	9728	3			SVR22030205	SVR22030205
2025-09-23 22:16:17	9676	2705	0	0	22619	57682	1	22000205	22619	57682	1	9728	3			SVR22030205	SVR22030205
2025-09-23 22:16:37	9676	2711	1	1	0	22000205	80000	22619	57682	22624	57678	1	0	admin	Fraun		
2025-09-23 22:16:49	11132	104	0	0	0	1	0	694340	56451	453521	0	0	0				
2025-09-23 22:16:49	3824	2413	0	0	1	2016132	1	1	0	0	22612	55484	0			SUCS	COLLECTOR
2025-09-23 22:16:49	3824	2413	0	0	1	540010	1	1	0	0	22601	55483	0			SUCS	COLLECTOR
2025-09-23 22:16:49	3824	2413	0	0	1	540201	1	1	0	0	22596	55480	0			SUCS	COLLECTOR
2025-09-23 22:16:49	3824	2413	0	0	1	601100409	1	1	0	0	22611	55484	0			SUCS	COLLECTOR
2025-09-23 22:16:49	3824	2413	0	0	1	1100101	24	24	0	0	22606	55476	0			SUCS	COLLECTOR
2025-09-23 22:16:49	3824	2413	0	0	1	1100408	1	1	0	0	22608	55483	0			SUCS	COLLECTOR
2025-09-23 22:16:49	3824	2413	0	0	1	2016154	1	1	0	0	22604	55471	0			SUCS	COLLECTOR
2025-09-23 22:16:49	3824	2413	0	0	1	2016132	1	1	0	0	22598	55491	0			SUCS	COLLECTOR
2025-09-23 22:16:49	3824	2413	0	0	1	540011	1	1	0	0	22599	55476	0			SUCS	COLLECTOR
2025-09-23 22:16:49	3824	2413	0	0	1	601100409	1	1	0	0	22599	55483	0			SUCS	COLLECTOR
2025-09-23 22:16:49	3824	2413	0	0	1	1100101	46	46	0	0	22598	55487	0			SUCS	COLLECTOR
2025-09-23 22:16:49	3824	2413	0	0	1	1100102	3	3	0	0	22595	55487	0			SUCS	COLLECTOR
2025-09-23 22:16:49	3824	2413	0	0	1	1100408	2	2	0	0	22606	55487	0			SUCS	COLLECTOR
2025-09-23 22:16:49	3824	2413	0	0	1	2016154	1	1	0	0	22598	55486	0			SUCS	COLLECTOR
2025-09-23 22:16:49	3824	2413	0	0	1	540053	1	1	0	0	22609	55503	0			SUCS	COLLECTOR
2025-09-23 22:16:49	3824	2413	0	0	1	601100409	1	1	0	0	22603	55497	0			SUCS	COLLECTOR
2025-09-23 22:16:49	3824	2413	0	0	1	1100101	45	45	0	0	22607	55505	0			SUCS	COLLECTOR
2025-09-23 22:16:49	3824	2413	0	0	1	1100102	4	4	0	0	22611	55503	0			SUCS	COLLECTOR
2025-09-23 22:16:49	3824	2413	0	0	1	1100408	1	1	0	0	22607	55505	0			SUCS	COLLECTOR
2025-09-23 22:16:49	3824	2413	0	0	1	2016154	1	1	0	0	22606	55505	0			SUCS	COLLECTOR
2025-09-23 22:16:49	3824	2413	0	0	1	809907	1	1	0	0	22600	55495	0			SUCS	COLLECTOR
2025-09-23 22:16:49	3824	2413	0	0	1	540011	2	2	0	0	22599	55496	0			SUCS	COLLECTOR
2025-09-23 22:16:49	3824	2413	0	0	1	540201	1	1	0	0	22602	55492	0			SUCS	COLLECTOR
2025-09-23 22:16:49	3824	2413	0	0	1	601100409	1	1	0	0	22590	55497	0			SUCS	COLLECTOR
2025-09-23 22:16:49	3824	2413	0	0	1	1100101	20	20	0	0	22596	55504	0			SUCS	COLLECTOR
2025-09-23 22:16:49	3824	2413	0	0	1	1100102	4	4	0	0	22598	55498	0			SUCS	COLLECTOR
2025-09-23 22:16:49	3824	2413	0	0	1	1100408	3	3	0	0	22590	55493	0			SUCS	COLLECTOR
2025-09-23 22:16:49	3824	2413	0	0	1	2016154	1	1	0	0	22587	55492	0			SUCS	COLLECTOR
2025-09-23 22:16:49	3824	2413	0	0	1	2016132	1	1	0	0	22583	55742	0			SUCS	COLLECTOR
2025-09-23 22:16:49	3824	2413	0	0	1	808407	1	1	0	0	22582	55739	0			SUCS	COLLECTOR
2025-09-23 22:16:49	3824	2413	0	0	1	540009	2	2	0	0	22584	55736	0			SUCS	COLLECTOR
2025-09-23 22:16:49	3824	2413	0	0	1	540057	1	1	0	0	22577	55740	0			SUCS	COLLECTOR
2025-09-23 22:16:49	3824	2413	0	0	1	601100409	1	1	0	0	22580	55744	0			SUCS	COLLECTOR
2025-09-23 22:16:49	3824	2413	0	0	1	1100101	15	15	0	0	22569	55730	0			SUCS	COLLECTOR
2025-09-23 22:16:49	3824	2413	0	0	1	1100102	1	1	0	0	22578	55730	0			SUCS	COLLECTOR
2025-09-23 22:16:49	3824	2413	0	0	1	1100408	3	3	0	0	22584	55738	0			SUCS	COLLECTOR
2025-09-23 22:16:49	3824	2413	0	0	1	2016154	1	1	0	0	22580	55730	0			SUCS	COLLECTOR
2025-09-23 22:16:49	3824	2413	0	0	1	808107	1	1	0	0	22558	55738	0			SUCS	COLLECTOR
2025-09-23 22:16:49	3824	2413	0	0	1	540011	1	1	0	0	22569	55724	0			SUCS	COLLECTOR
2025-09-23 22:16:49	3824	2413	0	0	1	540012	1	1	0	0	22566	55735	0			SUCS	COLLECTOR
2025-09-23 22:16:49	3824	2413	0	0	1	601100409	1	1	0	0	22571	55739	0			SUCS	COLLECTOR
2025-09-23 22:16:49	3824	2413	0	0	1	1100101	42	42	0	0	22560	55724	0			SUCS	COLLECTOR
2025-09-23 22:16:49	3824	2413	0	0	1	1100102	1	1	0	0	22563	55729	0			SUCS	COLLECTOR
2025-09-23 22:16:49	3824	2413	0	0	1	1100408	1	1	0	0	22573	55730	0			SUCS	COLLECTOR
2025-09-23 22:16:49	3824	2413	0	0	1	2016154	1	1	0	0	22567	55731	0			SUCS	COLLECTOR
2025-09-23 22:16:49	3824	2413	0	0	1	2016132	1	1	0	0	22559	55732	0			SUCS	COLLECTOR
2025-09-23 22:16:49	3824	2413	0	0	1	808107	1	1	0	0	22555	55729	0			SUCS	COLLECTOR
2025-09-23 22:16:49	3824	2413	0	0	1	540005	2	2	0	0	22555	55727	0			SUCS	COLLECTOR
2025-09-23 22:16:49	3824	2413	0	0	1	601100409	1	1	0	0	22560	55741	0			SUCS	COLLECTOR
2025-09-23 22:16:49	3824	2413	0	0	1	1100101	43	43	0	0	22565	55741	0			SUCS	COLLECTOR
2025-09-23 22:16:49	3824	2413	0	0	1	1100102	1	1	0	0	22569	55729	0			SUCS	COLLECTOR
2025-09-23 22:16:49	3824	2413	0	0	1	1100408	3	3	0	0	22566	55727	0			SUCS	COLLECTOR
2025-09-23 22:16:49	3824	2413	0	0	1	2016154	1	1	0	0	22565	55740	0			SUCS	COLLECTOR
2025-09-23 22:16:49	3824	2413	0	0	1	2016132	1	1	0	0	22586	55721	0			SUCS	COLLECTOR
2025-09-23 22:16:49	3824	2413	0	0	1	540012	1	1	0	0	22594	55710	0			SUCS	COLLECTOR
2025-09-23 22:16:49	3824	2413	0	0	1	540053	1	1	0	0	22593	55714	0			SUCS	COLLECTOR
2025-09-23 22:16:49	3824	2413	0	0	1	540079	1	1	0	0	22596	55710	0			SUCS	COLLECTOR
2025-09-23 22:16:49	3824	2413	0	0	1	601100409	1	1	0	0	22584	55710	0			SUCS	COLLECTOR
2025-09-23 22:16:49	3824	2413	0	0	1	1100101	28	28	0	0	22591	55717	0			SUCS	COLLECTOR
2025-09-23 22:16:49	3824	2413	0	0	1	1100102	1	1	0	0	22584	55713	0			SUCS	COLLECTOR
2025-09-23 22:16:49	3824	2413	0	0	1	1100408	2	2	0	0	22600	55714	0			SUCS	COLLECTOR
2025-09-23 22:16:49	3824	2413	0	0	1	2016154	1	1	0	0	22584	55709	0			SUCS	COLLECTOR
2025-09-23 22:16:49	3824	2413	0	0	1	2016132	1	1	0	0	22570	55709	0			SUCS	COLLECTOR
2025-09-23 22:16:49	3824	2413	0	0	1	540009	1	1	0	0	22580	55718	0			SUCS	COLLECTOR
2025-09-23 22:16:49	3824	2413	0	0	1	601100409	1	1	0	0	22566	55705	0			SUCS	COLLECTOR
2025-09-23 22:16:49	3824	2413	0	0	1	1100101	45	45	0	0	22576	55714	0			SUCS	COLLECTOR
2025-09-23 22:16:49	3824	2413	0	0	1	1100102	5	5	0	0	22572	55705	0			SUCS	COLLECTOR
2025-09-23 22:16:49	3824	2413	0	0	1	1100408	1	1	0	0	22578	55717	0			SUCS	COLLECTOR
2025-09-23 22:16:49	3824	2413	0	0	1	2016154	1	1	0	0	22579	55715	0			SUCS	COLLECTOR
2025-09-23 22:16:49	3824	2413	0	0	1	540018	1	1	0	0	22428	55645	0			SUCS	COLLECTOR
2025-09-23 22:16:49	3824	2413	0	0	1	540057	1	1	0	0	22439	55655	0			SUCS	COLLECTOR
2025-09-23 22:16:49	3824	2413	0	0	1	540201	1	1	0	0	22438	55660	0			SUCS	COLLECTOR
2025-09-23 22:16:49	3824	2413	0	0	1	601100409	1	1	0	0	22425	55658	0			SUCS	COLLECTOR
2025-09-23 22:16:49	3824	2413	0	0	1	1100101	31	31	0	0	22429	55649	0			SUCS	COLLECTOR
2025-09-23 22:16:49	3824	2413	0	0	1	1100102	3	3	0	0	22422	55658	0			SUCS	COLLECTOR
2025-09-23 22:16:49	3824	2413	0	0	1	1100408	1	1	0	0	22434	55657	0			SUCS	COLLECTOR
2025-09-23 22:16:49	3824	2413	0	0	1	2016154	1	1	0	0	22434	55648	0			SUCS	COLLECTOR
2025-09-23 22:17:49	11132	104	0	0	0	1	0	694348	64981	522591	0	0	0				
2025-09-23 22:17:49	3824	2413	0	0	1	3100037	1	1	0	0	22735	57683	0			SUCS	COLLECTOR
2025-09-23 22:17:49	3824	2413	0	0	1	3100034	1	1	0	0	22721	57686	0			SUCS	COLLECTOR
2025-09-23 22:17:49	3824	2413	0	0	1	1100408	3	3	0	0	22733	57689	0			SUCS	COLLECTOR
2025-09-23 22:17:49	3824	2413	0	0	1	1100102	14	14	0	0	22725	57687	0			SUCS	COLLECTOR
2025-09-23 22:17:49	3824	2413	0	0	1	1100101	159	159	0	0	22729	57687	0			SUCS	COLLECTOR
2025-09-23 22:17:49	3824	2413	0	0	1	809307	1	1	0	0	22540	56987	0			SUCS	COLLECTOR
2025-09-23 22:17:49	3824	2413	0	0	1	2016154	1	1	0	0	22506	56973	0			SUCS	COLLECTOR
2025-09-23 22:17:49	3824	2413	0	0	1	1100408	3	3	0	0	22500	56976	0			SUCS	COLLECTOR
2025-09-23 22:17:49	3824	2413	0	0	1	1100102	2	2	0	0	22501	56976	0			SUCS	COLLECTOR
2025-09-23 22:17:49	3824	2413	0	0	1	1100101	37	37	0	0	22491	56971	0			SUCS	COLLECTOR
2025-09-23 22:17:49	3824	2413	0	0	1	601100409	1	1	0	0	22497	56984	0			SUCS	COLLECTOR
2025-09-23 22:17:49	3824	2413	0	0	1	540011	1	1	0	0	22490	56971	0			SUCS	COLLECTOR
2025-09-23 22:17:49	3824	2413	0	0	1	2016132	1	1	0	0	22447	56872	0			SUCS	COLLECTOR
2025-09-23 22:17:49	3824	2413	0	0	1	2016154	1	1	0	0	22510	57009	0			SUCS	COLLECTOR
2025-09-23 22:17:49	3824	2413	0	0	1	1100408	3	3	0	0	22506	57010	0			SUCS	COLLECTOR
2025-09-23 22:17:49	3824	2413	0	0	1	1100102	1	1	0	0	22496	57019	0			SUCS	COLLECTOR
2025-09-23 22:17:49	3824	2413	0	0	1	1100101	25	25	0	0	22500	57011	0			SUCS	COLLECTOR
2025-09-23 22:17:49	3824	2413	0	0	1	601100409	1	1	0	0	22500	57019	0			SUCS	COLLECTOR
2025-09-23 22:17:49	3824	2413	0	0	1	540079	1	1	0	0	22499	57021	0			SUCS	COLLECTOR
2025-09-23 22:17:49	3824	2413	0	0	1	540002	1	1	0	0	22495	57005	0			SUCS	COLLECTOR
2025-09-23 22:17:49	3824	2413	0	0	1	808107	1	1	0	0	22507	57015	0			SUCS	COLLECTOR
2025-09-23 22:17:49	3824	2413	0	0	1	601100409	1	1	0	0	22735	57689	0			SUCS	COLLECTOR
2025-09-23 22:17:49	3824	2413	0	0	1	540065	1	1	0	0	22721	57690	0			SUCS	COLLECTOR
2025-09-23 22:17:49	3824	2413	0	0	1	540059	1	1	0	0	22731	57691	0			SUCS	COLLECTOR
2025-09-23 22:17:49	3824	2413	0	0	1	2016132	4	4	0	0	22735	57684	0			SUCS	COLLECTOR
2025-09-23 22:17:49	3824	2413	0	0	1	2016154	1	1	0	0	22445	56867	0			SUCS	COLLECTOR
2025-09-23 22:17:49	3824	2413	0	0	1	540006	1	1	0	0	22500	56983	0			SUCS	COLLECTOR
2025-09-23 22:17:49	3824	2413	0	0	1	808707	1	1	0	0	22503	56986	0			SUCS	COLLECTOR
2025-09-23 22:17:49	3824	2413	0	0	1	2016154	1	1	0	0	22507	56979	0			SUCS	COLLECTOR
2025-09-23 22:17:49	3824	2413	0	0	1	1100408	1	1	0	0	22514	56973	0			SUCS	COLLECTOR
2025-09-23 22:17:49	3824	2413	0	0	1	1100102	2	2	0	0	22518	56972	0			SUCS	COLLECTOR
2025-09-23 22:17:49	3824	2413	0	0	1	1100101	34	34	0	0	22504	56975	0			SUCS	COLLECTOR
2025-09-23 22:17:49	3824	2413	0	0	1	601100409	1	1	0	0	22510	56982	0			SUCS	COLLECTOR
2025-09-23 22:17:49	3824	2413	0	0	1	540055	1	1	0	0	22514	56978	0			SUCS	COLLECTOR
2025-09-23 22:17:49	3824	2413	0	0	1	2016132	1	1	0	0	22515	56976	0			SUCS	COLLECTOR
2025-09-23 22:17:49	3824	2413	0	0	1	2016154	1	1	0	0	22508	56997	0			SUCS	COLLECTOR
2025-09-23 22:17:49	3824	2413	0	0	1	1100408	1	1	0	0	22521	57005	0			SUCS	COLLECTOR
2025-09-23 22:17:49	3824	2413	0	0	1	1100102	3	3	0	0	22512	56999	0			SUCS	COLLECTOR
2025-09-23 22:17:49	3824	2413	0	0	1	1100101	38	38	0	0	22508	57007	0			SUCS	COLLECTOR
2025-09-23 22:17:49	3824	2413	0	0	1	601100409	1	1	0	0	22524	57000	0			SUCS	COLLECTOR
2025-09-23 22:17:49	3824	2413	0	0	1	540057	1	1	0	0	22519	57000	0			SUCS	COLLECTOR
2025-09-23 22:17:49	3824	2413	0	0	1	540011	1	1	0	0	22510	56993	0			SUCS	COLLECTOR
2025-09-23 22:17:49	3824	2413	0	0	1	2016132	1	1	0	0	22516	57001	0			SUCS	COLLECTOR
2025-09-23 22:17:49	3824	2413	0	0	1	2016154	1	1	0	0	22524	57002	0			SUCS	COLLECTOR
2025-09-23 22:17:49	3824	2413	0	0	1	1100408	1	1	0	0	22513	56994	0			SUCS	COLLECTOR
2025-09-23 22:17:49	3824	2413	0	0	1	1100102	2	2	0	0	22520	56995	0			SUCS	COLLECTOR
2025-09-23 22:17:49	3824	2413	0	0	1	1100101	33	33	0	0	22524	56990	0			SUCS	COLLECTOR
2025-09-23 22:17:49	3824	2413	0	0	1	601100409	1	1	0	0	22525	57004	0			SUCS	COLLECTOR
2025-09-23 22:17:49	3824	2413	0	0	1	540201	1	1	0	0	22519	56995	0			SUCS	COLLECTOR
2025-09-23 22:17:49	3824	2413	0	0	1	540011	1	1	0	0	22527	56992	0			SUCS	COLLECTOR
2025-09-23 22:17:49	3824	2413	0	0	1	540005	1	1	0	0	22515	57000	0			SUCS	COLLECTOR
2025-09-23 22:17:49	3824	2413	0	0	1	2016132	1	1	0	0	22515	56992	0			SUCS	COLLECTOR
2025-09-23 22:17:49	3824	2413	0	0	1	2016154	1	1	0	0	22545	56976	0			SUCS	COLLECTOR
2025-09-23 22:17:49	3824	2413	0	0	1	1100408	3	3	0	0	22543	56986	0			SUCS	COLLECTOR
2025-09-23 22:17:49	3824	2413	0	0	1	1100102	1	1	0	0	22547	56986	0			SUCS	COLLECTOR
2025-09-23 22:17:49	3824	2413	0	0	1	1100101	26	26	0	0	22543	56984	0			SUCS	COLLECTOR
2025-09-23 22:17:49	3824	2413	0	0	1	601100409	1	1	0	0	22554	56972	0			SUCS	COLLECTOR
2025-09-23 22:17:49	3824	2413	0	0	1	540057	1	1	0	0	22538	56988	0			SUCS	COLLECTOR
2025-09-23 22:17:49	3824	2413	0	0	1	2016154	1	1	0	0	22553	56987	0			SUCS	COLLECTOR
2025-09-23 22:17:49	3824	2413	0	0	1	1100408	3	3	0	0	22545	56990	0			SUCS	COLLECTOR
2025-09-23 22:17:49	3824	2413	0	0	1	1100102	1	1	0	0	22537	56991	0			SUCS	COLLECTOR
2025-09-23 22:17:49	3824	2413	0	0	1	1100101	30	30	0	0	22549	56993	0			SUCS	COLLECTOR
2025-09-23 22:17:49	3824	2413	0	0	1	601100409	1	1	0	0	22554	56993	0			SUCS	COLLECTOR
2025-09-23 22:17:49	3824	2413	0	0	1	540011	1	1	0	0	22554	57000	0			SUCS	COLLECTOR
2025-09-23 22:17:49	3824	2413	0	0	1	540010	1	1	0	0	22550	56985	0			SUCS	COLLECTOR
2025-09-23 22:17:49	3824	2413	0	0	1	1100408	3	3	0	0	22446	56871	0			SUCS	COLLECTOR
2025-09-23 22:17:49	3824	2413	0	0	1	1100102	4	4	0	0	22446	56862	0			SUCS	COLLECTOR
2025-09-23 22:17:49	3824	2413	0	0	1	1100101	35	35	0	0	22455	56866	0			SUCS	COLLECTOR
2025-09-23 22:17:49	3824	2413	0	0	1	601100409	1	1	0	0	22449	56872	0			SUCS	COLLECTOR
2025-09-23 22:17:49	3824	2413	0	0	1	540012	1	1	0	0	22456	56865	0			SUCS	COLLECTOR
2025-09-23 22:17:49	3824	2413	0	0	1	540011	1	1	0	0	22447	56873	0			SUCS	COLLECTOR
2025-09-23 22:17:49	3824	2413	0	0	1	808107	1	1	0	0	22455	56872	0			SUCS	COLLECTOR
2025-09-23 22:17:49	3824	2413	0	0	1	540018	1	1	0	0	22548	56979	0			SUCS	COLLECTOR
2025-09-23 22:17:49	3824	2413	0	0	1	540011	1	1	0	0	22542	56985	0			SUCS	COLLECTOR
2025-09-23 22:17:49	3824	2413	0	0	1	2016154	1	1	0	0	22748	57055	0			SUCS	COLLECTOR
2025-09-23 22:17:49	3824	2413	0	0	1	1100408	3	3	0	0	22735	57053	0			SUCS	COLLECTOR
2025-09-23 22:17:49	3824	2413	0	0	1	1100102	2	2	0	0	22745	57039	0			SUCS	COLLECTOR
2025-09-23 22:17:49	3824	2413	0	0	1	1100101	26	26	0	0	22734	57043	0			SUCS	COLLECTOR
2025-09-23 22:17:49	3824	2413	0	0	1	601100409	1	1	0	0	22748	57039	0			SUCS	COLLECTOR
2025-09-23 22:17:49	3824	2413	0	0	1	540065	1	1	0	0	22742	57051	0			SUCS	COLLECTOR
2025-09-23 22:17:49	3824	2413	0	0	1	540009	1	1	0	0	22750	57056	0			SUCS	COLLECTOR
2025-09-23 22:17:49	3824	2413	0	0	1	2016132	1	1	0	0	22738	57048	0			SUCS	COLLECTOR
2025-09-23 22:17:49	3824	2413	0	0	1	2016154	1	1	0	0	22778	57006	0			SUCS	COLLECTOR
2025-09-23 22:17:49	3824	2413	0	0	1	1100408	3	3	0	0	22775	57008	0			SUCS	COLLECTOR
2025-09-23 22:17:49	3824	2413	0	0	1	1100102	2	2	0	0	22774	57010	0			SUCS	COLLECTOR
2025-09-23 22:17:49	3824	2413	0	0	1	1100101	31	31	0	0	22781	57011	0			SUCS	COLLECTOR
2025-09-23 22:17:49	3824	2413	0	0	1	601100409	1	1	0	0	22777	57008	0			SUCS	COLLECTOR
2025-09-23 22:17:49	3824	2413	0	0	1	540201	1	1	0	0	22773	57005	0			SUCS	COLLECTOR
2025-09-23 22:17:49	3824	2413	0	0	1	2016154	1	1	0	0	22741	57008	0			SUCS	COLLECTOR
2025-09-23 22:17:49	3824	2413	0	0	1	1100408	2	2	0	0	22754	57002	0			SUCS	COLLECTOR
2025-09-23 22:17:49	3824	2413	0	0	1	1100101	13	13	0	0	22758	57018	0			SUCS	COLLECTOR
2025-09-23 22:17:49	3824	2413	0	0	1	601100409	1	1	0	0	22753	57002	0			SUCS	COLLECTOR
2025-09-23 22:17:49	3824	2413	0	0	1	540201	1	1	0	0	22754	57018	0			SUCS	COLLECTOR
2025-09-23 22:17:49	3824	2413	0	0	1	540019	1	1	0	0	22745	57006	0			SUCS	COLLECTOR
2025-09-23 22:17:49	3824	2413	0	0	1	809907	1	1	0	0	22755	57017	0			SUCS	COLLECTOR
2025-09-23 22:17:49	3824	2413	0	0	1	2016132	1	1	0	0	22756	57008	0			SUCS	COLLECTOR
2025-09-23 22:17:49	3824	2413	0	0	1	2016154	1	1	0	0	22767	57018	0			SUCS	COLLECTOR
2025-09-23 22:17:49	3824	2413	0	0	1	1100408	2	2	0	0	22759	57006	0			SUCS	COLLECTOR
2025-09-23 22:17:49	3824	2413	0	0	1	1100102	3	3	0	0	22768	57010	0			SUCS	COLLECTOR
2025-09-23 22:17:49	3824	2413	0	0	1	1100101	27	27	0	0	22771	57013	0			SUCS	COLLECTOR
2025-09-23 22:17:49	3824	2413	0	0	1	601100409	1	1	0	0	22768	57014	0			SUCS	COLLECTOR
2025-09-23 22:17:49	3824	2413	0	0	1	540018	2	2	0	0	22766	57012	0			SUCS	COLLECTOR
2025-09-23 22:17:49	3824	2413	0	0	1	540002	1	1	0	0	22759	57022	0			SUCS	COLLECTOR
2025-09-23 22:17:49	3824	2413	0	0	1	2016132	1	1	0	0	22760	57010	0			SUCS	COLLECTOR
2025-09-23 22:17:49	3824	2413	0	0	1	2016154	1	1	0	0	22795	56977	0			SUCS	COLLECTOR
2025-09-23 22:17:49	3824	2413	0	0	1	1100408	2	2	0	0	22800	56976	0			SUCS	COLLECTOR
2025-09-23 22:17:49	3824	2413	0	0	1	1100102	3	3	0	0	22795	56978	0			SUCS	COLLECTOR
2025-09-23 22:17:49	3824	2413	0	0	1	1100101	45	45	0	0	22808	56962	0			SUCS	COLLECTOR
2025-09-23 22:17:49	3824	2413	0	0	1	601100409	1	1	0	0	22801	56975	0			SUCS	COLLECTOR
2025-09-23 22:17:49	3824	2413	0	0	1	540011	1	1	0	0	22803	56972	0			SUCS	COLLECTOR
2025-09-23 22:17:49	3824	2413	0	0	1	540005	1	1	0	0	22799	56968	0			SUCS	COLLECTOR
2025-09-23 22:17:49	3824	2413	0	0	1	2016132	1	1	0	0	22799	56964	0			SUCS	COLLECTOR
2025-09-23 22:17:49	3824	2413	0	0	1	2016154	1	1	0	0	22768	56953	0			SUCS	COLLECTOR
2025-09-23 22:17:49	3824	2413	0	0	1	1100408	1	1	0	0	22773	56956	0			SUCS	COLLECTOR
2025-09-23 22:17:49	3824	2413	0	0	1	1100102	1	1	0	0	22760	56947	0			SUCS	COLLECTOR
2025-09-23 22:17:49	3824	2413	0	0	1	1100101	17	17	0	0	22775	56949	0			SUCS	COLLECTOR
2025-09-23 22:17:49	3824	2413	0	0	1	601100409	1	1	0	0	22772	56956	0			SUCS	COLLECTOR
2025-09-23 22:17:49	3824	2413	0	0	1	540200	1	1	0	0	22765	56951	0			SUCS	COLLECTOR
2025-09-23 22:17:49	3824	2413	0	0	1	540076	1	1	0	0	22771	56961	0			SUCS	COLLECTOR
2025-09-23 22:17:49	3824	2413	0	0	1	540002	1	1	0	0	22772	56961	0			SUCS	COLLECTOR
2025-09-23 22:17:49	3824	2413	0	0	1	808107	1	1	0	0	22761	56957	0			SUCS	COLLECTOR
2025-09-23 22:17:49	3824	2413	0	0	1	2016132	1	1	0	0	22773	56951	0			SUCS	COLLECTOR
2025-09-23 22:17:49	3824	2413	0	0	1	2016154	1	1	0	0	22764	56906	0			SUCS	COLLECTOR
2025-09-23 22:17:49	3824	2413	0	0	1	1100408	2	2	0	0	22771	56898	0			SUCS	COLLECTOR
2025-09-23 22:17:49	3824	2413	0	0	1	1100102	1	1	0	0	22767	56900	0			SUCS	COLLECTOR
2025-09-23 22:17:49	3824	2413	0	0	1	1100101	22	22	0	0	22764	56901	0			SUCS	COLLECTOR
2025-09-23 22:17:49	3824	2413	0	0	1	601100409	1	1	0	0	22775	56904	0			SUCS	COLLECTOR
2025-09-23 22:17:49	3824	2413	0	0	1	540200	1	1	0	0	22759	56908	0			SUCS	COLLECTOR
2025-09-23 22:17:49	3824	2413	0	0	1	540005	1	1	0	0	22770	56897	0			SUCS	COLLECTOR
2025-09-23 22:17:49	3824	2413	0	0	1	809607	1	1	0	0	22767	56907	0			SUCS	COLLECTOR
2025-09-23 22:17:49	3824	2413	0	0	1	2016132	1	1	0	0	22771	56905	0			SUCS	COLLECTOR
2025-09-23 22:17:49	3824	2413	0	0	1	2016154	1	1	0	0	22776	56898	0			SUCS	COLLECTOR
2025-09-23 22:17:49	3824	2413	0	0	1	1100408	2	2	0	0	22765	56909	0			SUCS	COLLECTOR
2025-09-23 22:17:49	3824	2413	0	0	1	1100102	1	1	0	0	22759	56906	0			SUCS	COLLECTOR
2025-09-23 22:17:49	3824	2413	0	0	1	1100101	34	34	0	0	22759	56903	0			SUCS	COLLECTOR
2025-09-23 22:17:49	3824	2413	0	0	1	601100409	1	1	0	0	22771	56905	0			SUCS	COLLECTOR
2025-09-23 22:17:49	3824	2413	0	0	1	540200	1	1	0	0	22767	56903	0			SUCS	COLLECTOR
2025-09-23 22:17:49	3824	2413	0	0	1	540052	1	1	0	0	22768	56898	0			SUCS	COLLECTOR
2025-09-23 22:17:49	3824	2413	0	0	1	808707	1	1	0	0	22769	56899	0			SUCS	COLLECTOR
2025-09-23 22:17:49	3824	2413	0	0	1	2016154	1	1	0	0	22534	56475	0			SUCS	COLLECTOR
2025-09-23 22:17:49	3824	2413	0	0	1	540018	1	1	0	0	22606	56179	0			SUCS	COLLECTOR
2025-09-23 22:17:49	3824	2413	0	0	1	601100409	1	1	0	0	22599	56179	0			SUCS	COLLECTOR
2025-09-23 22:17:49	3824	2413	0	0	1	1100101	11	11	0	0	22592	56186	0			SUCS	COLLECTOR
2025-09-23 22:17:49	3824	2413	0	0	1	1100102	1	1	0	0	22603	56195	0			SUCS	COLLECTOR
2025-09-23 22:17:49	3824	2413	0	0	1	1100408	1	1	0	0	22591	56179	0			SUCS	COLLECTOR
2025-09-23 22:17:49	3824	2413	0	0	1	2016154	1	1	0	0	22602	56190	0			SUCS	COLLECTOR
2025-09-23 22:17:49	3824	2413	0	0	1	2016132	1	1	0	0	22517	56279	0			SUCS	COLLECTOR
2025-09-23 22:17:49	3824	2413	0	0	1	808707	1	1	0	0	22525	56279	0			SUCS	COLLECTOR
2025-09-23 22:17:49	3824	2413	0	0	1	540018	1	1	0	0	22525	56278	0			SUCS	COLLECTOR
2025-09-23 22:17:49	3824	2413	0	0	1	540053	1	1	0	0	22523	56267	0			SUCS	COLLECTOR
2025-09-23 22:17:49	3824	2413	0	0	1	601100409	1	1	0	0	22511	56274	0			SUCS	COLLECTOR
2025-09-23 22:17:49	3824	2413	0	0	1	1100101	20	20	0	0	22509	56280	0			SUCS	COLLECTOR
2025-09-23 22:17:49	3824	2413	0	0	1	1100102	1	1	0	0	22517	56266	0			SUCS	COLLECTOR
2025-09-23 22:17:49	3824	2413	0	0	1	1100408	1	1	0	0	22515	56270	0			SUCS	COLLECTOR
2025-09-23 22:17:49	3824	2413	0	0	1	2016154	1	1	0	0	22518	56279	0			SUCS	COLLECTOR
2025-09-23 22:17:49	3824	2413	0	0	1	2016132	1	1	0	0	22639	56350	0			SUCS	COLLECTOR
2025-09-23 22:17:49	3824	2413	0	0	1	540012	1	1	0	0	22637	56364	0			SUCS	COLLECTOR
2025-09-23 22:17:49	3824	2413	0	0	1	601100409	1	1	0	0	22639	56357	0			SUCS	COLLECTOR
2025-09-23 22:17:49	3824	2413	0	0	1	1100101	36	36	0	0	22640	56350	0			SUCS	COLLECTOR
2025-09-23 22:17:49	3824	2413	0	0	1	1100102	5	5	0	0	22637	56362	0			SUCS	COLLECTOR
2025-09-23 22:17:49	3824	2413	0	0	1	1100408	3	3	0	0	22636	56363	0			SUCS	COLLECTOR
2025-09-23 22:17:49	3824	2413	0	0	1	2016154	1	1	0	0	22640	56353	0			SUCS	COLLECTOR
2025-09-23 22:17:49	3824	2413	0	0	1	540005	1	1	0	0	22615	56347	0			SUCS	COLLECTOR
2025-09-23 22:17:49	3824	2413	0	0	1	540012	1	1	0	0	22629	56352	0			SUCS	COLLECTOR
2025-09-23 22:17:49	3824	2413	0	0	1	540200	1	1	0	0	22626	56357	0			SUCS	COLLECTOR
2025-09-23 22:17:49	3824	2413	0	0	1	601100409	1	1	0	0	22616	56349	0			SUCS	COLLECTOR
2025-09-23 22:17:49	3824	2413	0	0	1	1100101	48	48	0	0	22612	56352	0			SUCS	COLLECTOR
2025-09-23 22:17:49	3824	2413	0	0	1	1100102	2	2	0	0	22620	56349	0			SUCS	COLLECTOR
2025-09-23 22:17:49	3824	2413	0	0	1	1100408	3	3	0	0	22629	56357	0			SUCS	COLLECTOR
2025-09-23 22:17:49	3824	2413	0	0	1	2016154	1	1	0	0	22623	56347	0			SUCS	COLLECTOR
2025-09-23 22:17:49	3824	2413	0	0	1	2016132	1	1	0	0	22636	56366	0			SUCS	COLLECTOR
2025-09-23 22:17:49	3824	2413	0	0	1	540006	1	1	0	0	22625	56376	0			SUCS	COLLECTOR
2025-09-23 22:17:49	3824	2413	0	0	1	540019	1	1	0	0	22631	56369	0			SUCS	COLLECTOR
2025-09-23 22:17:49	3824	2413	0	0	1	540201	1	1	0	0	22633	56375	0			SUCS	COLLECTOR
2025-09-23 22:17:49	3824	2413	0	0	1	601100409	1	1	0	0	22627	56367	0			SUCS	COLLECTOR
2025-09-23 22:17:49	3824	2413	0	0	1	1100101	17	17	0	0	22631	56377	0			SUCS	COLLECTOR
2025-09-23 22:17:49	3824	2413	0	0	1	1100102	3	3	0	0	22627	56377	0			SUCS	COLLECTOR
2025-09-23 22:17:49	3824	2413	0	0	1	1100408	3	3	0	0	22634	56375	0			SUCS	COLLECTOR
2025-09-23 22:17:49	3824	2413	0	0	1	2016154	1	1	0	0	22629	56365	0			SUCS	COLLECTOR
2025-09-23 22:17:49	3824	2413	0	0	1	2016132	1	1	0	0	22631	56356	0			SUCS	COLLECTOR
2025-09-23 22:17:49	3824	2413	0	0	1	540052	2	2	0	0	22640	56351	0			SUCS	COLLECTOR
2025-09-23 22:17:49	3824	2413	0	0	1	601100409	1	1	0	0	22640	56346	0			SUCS	COLLECTOR
2025-09-23 22:17:49	3824	2413	0	0	1	1100101	30	30	0	0	22635	56363	0			SUCS	COLLECTOR
2025-09-23 22:17:49	3824	2413	0	0	1	1100102	3	3	0	0	22633	56349	0			SUCS	COLLECTOR
2025-09-23 22:17:49	3824	2413	0	0	1	1100408	1	1	0	0	22645	56352	0			SUCS	COLLECTOR
2025-09-23 22:17:49	3824	2413	0	0	1	2016154	1	1	0	0	22642	56352	0			SUCS	COLLECTOR
2025-09-23 22:17:49	3824	2413	0	0	1	540011	1	1	0	0	22614	56466	0			SUCS	COLLECTOR
2025-09-23 22:17:49	3824	2413	0	0	1	601100409	1	1	0	0	22615	56460	0			SUCS	COLLECTOR
2025-09-23 22:17:49	3824	2413	0	0	1	1100101	33	33	0	0	22615	56461	0			SUCS	COLLECTOR
2025-09-23 22:17:49	3824	2413	0	0	1	1100102	3	3	0	0	22621	56470	0			SUCS	COLLECTOR
2025-09-23 22:17:49	3824	2413	0	0	1	1100408	2	2	0	0	22618	56458	0			SUCS	COLLECTOR
2025-09-23 22:17:49	3824	2413	0	0	1	2016154	1	1	0	0	22614	56463	0			SUCS	COLLECTOR
2025-09-23 22:17:49	3824	2413	0	0	1	809907	1	1	0	0	22640	56453	0			SUCS	COLLECTOR
2025-09-23 22:17:49	3824	2413	0	0	1	540011	1	1	0	0	22633	56441	0			SUCS	COLLECTOR
2025-09-23 22:17:49	3824	2413	0	0	1	540019	1	1	0	0	22632	56447	0			SUCS	COLLECTOR
2025-09-23 22:17:49	3824	2413	0	0	1	601100409	1	1	0	0	22633	56438	0			SUCS	COLLECTOR
2025-09-23 22:17:49	3824	2413	0	0	1	1100101	36	36	0	0	22641	56442	0			SUCS	COLLECTOR
2025-09-23 22:17:49	3824	2413	0	0	1	1100102	2	2	0	0	22635	56440	0			SUCS	COLLECTOR
2025-09-23 22:17:49	3824	2413	0	0	1	1100408	1	1	0	0	22638	56442	0			SUCS	COLLECTOR
2025-09-23 22:17:49	3824	2413	0	0	1	2016154	1	1	0	0	22635	56445	0			SUCS	COLLECTOR
2025-09-23 22:17:49	3824	2413	0	0	1	2016132	1	1	0	0	22674	56322	0			SUCS	COLLECTOR
2025-09-23 22:17:49	3824	2413	0	0	1	809907	1	1	0	0	22665	56326	0			SUCS	COLLECTOR
2025-09-23 22:17:49	3824	2413	0	0	1	540006	1	1	0	0	22677	56316	0			SUCS	COLLECTOR
2025-09-23 22:17:49	3824	2413	0	0	1	601100409	1	1	0	0	22671	56310	0			SUCS	COLLECTOR
2025-09-23 22:17:49	3824	2413	0	0	1	1100101	47	47	0	0	22664	56318	0			SUCS	COLLECTOR
2025-09-23 22:17:49	3824	2413	0	0	1	1100102	3	3	0	0	22666	56315	0			SUCS	COLLECTOR
2025-09-23 22:17:49	3824	2413	0	0	1	1100408	1	1	0	0	22665	56314	0			SUCS	COLLECTOR
2025-09-23 22:17:49	3824	2413	0	0	1	2016154	1	1	0	0	22671	56314	0			SUCS	COLLECTOR
2025-09-23 22:17:49	3824	2413	0	0	1	540005	1	1	0	0	22676	56310	0			SUCS	COLLECTOR
2025-09-23 22:17:49	3824	2413	0	0	1	601100409	1	1	0	0	22664	56310	0			SUCS	COLLECTOR
2025-09-23 22:17:49	3824	2413	0	0	1	1100101	27	27	0	0	22670	56309	0			SUCS	COLLECTOR
2025-09-23 22:17:49	3824	2413	0	0	1	1100102	1	1	0	0	22672	56312	0			SUCS	COLLECTOR
2025-09-23 22:17:49	3824	2413	0	0	1	1100408	2	2	0	0	22674	56307	0			SUCS	COLLECTOR
2025-09-23 22:17:49	3824	2413	0	0	1	2016154	1	1	0	0	22664	56313	0			SUCS	COLLECTOR
2025-09-23 22:17:49	3824	2413	0	0	1	2016132	1	1	0	0	22676	56315	0			SUCS	COLLECTOR
2025-09-23 22:17:49	3824	2413	0	0	1	540006	1	1	0	0	22668	56311	0			SUCS	COLLECTOR
2025-09-23 22:17:49	3824	2413	0	0	1	540053	1	1	0	0	22685	56302	0			SUCS	COLLECTOR
2025-09-23 22:17:49	3824	2413	0	0	1	540057	1	1	0	0	22682	56312	0			SUCS	COLLECTOR
2025-09-23 22:17:49	3824	2413	0	0	1	601100409	1	1	0	0	22671	56303	0			SUCS	COLLECTOR
2025-09-23 22:17:49	3824	2413	0	0	1	1100101	13	13	0	0	22671	56299	0			SUCS	COLLECTOR
2025-09-23 22:17:49	3824	2413	0	0	1	1100102	2	2	0	0	22670	56315	0			SUCS	COLLECTOR
2025-09-23 22:17:49	3824	2413	0	0	1	1100408	3	3	0	0	22679	56313	0			SUCS	COLLECTOR
2025-09-23 22:17:49	3824	2413	0	0	1	2016154	1	1	0	0	22682	56316	0			SUCS	COLLECTOR
2025-09-23 22:17:49	3824	2413	0	0	1	2016132	1	1	0	0	22691	56322	0			SUCS	COLLECTOR
2025-09-23 22:17:49	3824	2413	0	0	1	808707	1	1	0	0	22689	56333	0			SUCS	COLLECTOR
2025-09-23 22:17:49	3824	2413	0	0	1	540005	1	1	0	0	22697	56321	0			SUCS	COLLECTOR
2025-09-23 22:17:49	3824	2413	0	0	1	540200	1	1	0	0	22689	56331	0			SUCS	COLLECTOR
2025-09-23 22:17:49	3824	2413	0	0	1	601100409	1	1	0	0	22702	56330	0			SUCS	COLLECTOR
2025-09-23 22:17:49	3824	2413	0	0	1	1100101	37	37	0	0	22699	56327	0			SUCS	COLLECTOR
2025-09-23 22:17:49	3824	2413	0	0	1	1100408	1	1	0	0	22695	56322	0			SUCS	COLLECTOR
2025-09-23 22:17:49	3824	2413	0	0	1	2016154	1	1	0	0	22698	56334	0			SUCS	COLLECTOR
2025-09-23 22:17:49	3824	2413	0	0	1	2016132	1	1	0	0	22666	56334	0			SUCS	COLLECTOR
2025-09-23 22:17:49	3824	2413	0	0	1	540012	1	1	0	0	22663	56326	0			SUCS	COLLECTOR
2025-09-23 22:17:49	3824	2413	0	0	1	601100409	1	1	0	0	22663	56335	0			SUCS	COLLECTOR
2025-09-23 22:17:49	3824	2413	0	0	1	1100101	18	18	0	0	22663	56326	0			SUCS	COLLECTOR
2025-09-23 22:17:49	3824	2413	0	0	1	1100102	2	2	0	0	22670	56331	0			SUCS	COLLECTOR
2025-09-23 22:17:49	3824	2413	0	0	1	1100408	2	2	0	0	22669	56326	0			SUCS	COLLECTOR
2025-09-23 22:17:49	3824	2413	0	0	1	2016154	1	1	0	0	22662	56331	0			SUCS	COLLECTOR
2025-09-23 22:17:49	3824	2413	0	0	1	808407	1	1	0	0	22690	56326	0			SUCS	COLLECTOR
2025-09-23 22:17:49	3824	2413	0	0	1	540019	1	1	0	0	22685	56321	0			SUCS	COLLECTOR
2025-09-23 22:17:49	3824	2413	0	0	1	540052	1	1	0	0	22681	56328	0			SUCS	COLLECTOR
2025-09-23 22:17:49	3824	2413	0	0	1	540076	1	1	0	0	22683	56326	0			SUCS	COLLECTOR
2025-09-23 22:17:49	3824	2413	0	0	1	601100409	1	1	0	0	22681	56322	0			SUCS	COLLECTOR
2025-09-23 22:17:49	3824	2413	0	0	1	1100101	32	32	0	0	22688	56317	0			SUCS	COLLECTOR
2025-09-23 22:17:49	3824	2413	0	0	1	1100408	1	1	0	0	22675	56332	0			SUCS	COLLECTOR
2025-09-23 22:17:49	3824	2413	0	0	1	2016154	1	1	0	0	22684	56328	0			SUCS	COLLECTOR
2025-09-23 22:17:49	3824	2413	0	0	1	2016132	1	1	0	0	22689	56326	0			SUCS	COLLECTOR
2025-09-23 22:17:49	3824	2413	0	0	1	540200	1	1	0	0	22691	56323	0			SUCS	COLLECTOR
2025-09-23 22:17:49	3824	2413	0	0	1	601100409	1	1	0	0	22686	56323	0			SUCS	COLLECTOR
2025-09-23 22:17:49	3824	2413	0	0	1	1100101	18	18	0	0	22683	56327	0			SUCS	COLLECTOR
2025-09-23 22:17:49	3824	2413	0	0	1	1100408	2	2	0	0	22688	56322	0			SUCS	COLLECTOR
2025-09-23 22:17:49	3824	2413	0	0	1	2016154	1	1	0	0	22681	56317	0			SUCS	COLLECTOR
2025-09-23 22:17:49	3824	2413	0	0	1	2016132	1	1	0	0	22540	56471	0			SUCS	COLLECTOR
2025-09-23 22:17:49	3824	2413	0	0	1	540012	1	1	0	0	22528	56462	0			SUCS	COLLECTOR
2025-09-23 22:17:49	3824	2413	0	0	1	601100409	1	1	0	0	22537	56469	0			SUCS	COLLECTOR
2025-09-23 22:17:49	3824	2413	0	0	1	1100101	40	40	0	0	22539	56472	0			SUCS	COLLECTOR
2025-09-23 22:17:49	3824	2413	0	0	1	1100102	4	4	0	0	22540	56469	0			SUCS	COLLECTOR
2025-09-23 22:17:49	3824	2413	0	0	1	1100408	3	3	0	0	22535	56479	0			SUCS	COLLECTOR
2025-09-23 22:18:26	9676	2704	1	1	19189	57663	1	22000206	19186	57646	1	9745	20	admin	Fraun	Fraun	SVR22030206
2025-09-23 22:18:27	9676	2705	1	1	19189	57663	1	22000206	19186	57646	1	9745	20	admin	Fraun	Fraun	SVR22030206
2025-09-23 22:18:29	9676	2704	1	1	19189	57663	1	22000206	19186	57646	1	9738	5	admin	Fraun	Fraun	SVR22030206
2025-09-23 22:18:30	9676	2705	1	1	19189	57663	1	22000206	19186	57646	1	9738	5	admin	Fraun	Fraun	SVR22030206
2025-09-23 22:18:49	11132	104	0	0	0	1	0	694380	66852	530234	0	0	0				
2025-09-23 22:18:53	9676	2704	1	1	19189	57663	1	22000206	19230	57699	1	9745	20	admin	Fraun	Fraun	SVR22030206
2025-09-23 22:18:54	9676	2705	1	1	19189	57663	1	22000206	19230	57699	1	9745	20	admin	Fraun	Fraun	SVR22030206
2025-09-23 22:18:58	9676	2704	1	1	19189	57663	1	22000206	19230	57699	1	9738	5	admin	Fraun	Fraun	SVR22030206
2025-09-23 22:18:59	9676	2705	1	1	19189	57663	1	22000206	19230	57699	1	9738	5	admin	Fraun	Fraun	SVR22030206
2025-09-23 22:19:10	9676	2711	1	1	0	22000206	80000	19230	57699	19260	57760	1	0	admin	Fraun		
2025-09-23 22:19:49	11132	104	0	0	0	1	1	694408	71544	605914	0	0	0				
2025-09-23 22:20:49	11132	104	0	0	0	1	0	694448	73253	609689	0	0	0				
2025-09-23 22:20:49	3824	2413	0	0	1	3100037	1	1	0	0	22621	57676	0			SUCS	COLLECTOR
2025-09-23 22:20:49	3824	2413	0	0	1	3100035	1	1	0	0	22619	57676	0			SUCS	COLLECTOR
2025-09-23 22:20:49	3824	2413	0	0	1	1100408	5	5	0	0	22612	57678	0			SUCS	COLLECTOR
2025-09-23 22:20:49	3824	2413	0	0	1	1100102	6	6	0	0	22619	57673	0			SUCS	COLLECTOR
2025-09-23 22:20:49	3824	2413	0	0	1	1100101	105	105	0	0	22618	57674	0			SUCS	COLLECTOR
2025-09-23 22:20:49	3824	2413	0	0	1	601100409	1	1	0	0	22619	57688	0			SUCS	COLLECTOR
2025-09-23 22:20:49	3824	2413	0	0	1	540065	1	1	0	0	22614	57678	0			SUCS	COLLECTOR
2025-09-23 22:20:49	3824	2413	0	0	1	540009	2	2	0	0	22616	57687	0			SUCS	COLLECTOR
2025-09-23 22:20:49	3824	2413	0	0	1	2016132	11	11	0	0	22619	57674	0			SUCS	COLLECTOR
2025-09-23 22:21:49	11132	104	0	0	0	1	0	694476	77937	645518	0	0	0				
2025-09-23 22:21:49	3824	2413	0	0	1	2016154	1	1	0	0	19918	57845	0			SUCS	COLLECTOR
2025-09-23 22:21:49	3824	2413	0	0	1	1100408	2	2	0	0	19926	57847	0			SUCS	COLLECTOR
2025-09-23 22:21:49	3824	2413	0	0	1	1100102	1	1	0	0	19929	57848	0			SUCS	COLLECTOR
2025-09-23 22:21:49	3824	2413	0	0	1	1100101	31	31	0	0	19933	57858	0			SUCS	COLLECTOR
2025-09-23 22:21:49	3824	2413	0	0	1	601100409	1	1	0	0	19931	57856	0			SUCS	COLLECTOR
2025-09-23 22:21:49	3824	2413	0	0	1	540201	1	1	0	0	19929	57854	0			SUCS	COLLECTOR
2025-09-23 22:21:49	3824	2413	0	0	1	540065	1	1	0	0	19925	57848	0			SUCS	COLLECTOR
2025-09-23 22:21:49	3824	2413	0	0	1	2016154	1	1	0	0	19815	57801	0			SUCS	COLLECTOR
2025-09-23 22:21:49	3824	2413	0	0	1	1100408	2	2	0	0	19818	57794	0			SUCS	COLLECTOR
2025-09-23 22:21:49	3824	2413	0	0	1	1100102	2	2	0	0	19809	57801	0			SUCS	COLLECTOR
2025-09-23 22:21:49	3824	2413	0	0	1	1100101	21	21	0	0	19805	57788	0			SUCS	COLLECTOR
2025-09-23 22:21:49	3824	2413	0	0	1	601100409	1	1	0	0	19812	57791	0			SUCS	COLLECTOR
2025-09-23 22:21:49	3824	2413	0	0	1	540201	1	1	0	0	19811	57796	0			SUCS	COLLECTOR
2025-09-23 22:21:49	3824	2413	0	0	1	540011	1	1	0	0	19806	57789	0			SUCS	COLLECTOR
2025-09-23 22:21:49	3824	2413	0	0	1	540009	1	1	0	0	19808	57790	0			SUCS	COLLECTOR
2025-09-23 22:21:49	3824	2413	0	0	1	808707	1	1	0	0	19802	57795	0			SUCS	COLLECTOR
2025-09-23 22:21:49	3824	2413	0	0	1	2016154	1	1	0	0	19781	57784	0			SUCS	COLLECTOR
2025-09-23 22:21:49	3824	2413	0	0	1	1100408	2	2	0	0	19793	57782	0			SUCS	COLLECTOR
2025-09-23 22:21:49	3824	2413	0	0	1	1100102	4	4	0	0	19794	57792	0			SUCS	COLLECTOR
2025-09-23 22:21:49	3824	2413	0	0	1	1100101	38	38	0	0	19783	57783	0			SUCS	COLLECTOR
2025-09-23 22:21:49	3824	2413	0	0	1	601100409	1	1	0	0	19784	57782	0			SUCS	COLLECTOR
2025-09-23 22:21:49	3824	2413	0	0	1	540012	1	1	0	0	19781	57776	0			SUCS	COLLECTOR
2025-09-23 22:21:49	3824	2413	0	0	1	540011	1	1	0	0	19785	57780	0			SUCS	COLLECTOR
2025-09-23 22:21:49	3824	2413	0	0	1	540002	1	1	0	0	19779	57775	0			SUCS	COLLECTOR
2025-09-23 22:21:49	3824	2413	0	0	1	808107	1	1	0	0	19791	57785	0			SUCS	COLLECTOR
2025-09-23 22:21:49	3824	2413	0	0	1	2016154	1	1	0	0	19792	57791	0			SUCS	COLLECTOR
2025-09-23 22:21:49	3824	2413	0	0	1	1100408	1	1	0	0	19795	57791	0			SUCS	COLLECTOR
2025-09-23 22:21:49	3824	2413	0	0	1	1100102	3	3	0	0	19793	57789	0			SUCS	COLLECTOR
2025-09-23 22:21:49	3824	2413	0	0	1	1100101	29	29	0	0	19798	57789	0			SUCS	COLLECTOR
2025-09-23 22:21:49	3824	2413	0	0	1	601100409	1	1	0	0	19795	57802	0			SUCS	COLLECTOR
2025-09-23 22:21:49	3824	2413	0	0	1	540057	1	1	0	0	19802	57790	0			SUCS	COLLECTOR
2025-09-23 22:21:49	3824	2413	0	0	1	540052	1	1	0	0	19786	57794	0			SUCS	COLLECTOR
2025-09-23 22:21:49	3824	2413	0	0	1	2016154	1	1	0	0	19800	57803	0			SUCS	COLLECTOR
2025-09-23 22:21:49	3824	2413	0	0	1	1100408	1	1	0	0	19804	57797	0			SUCS	COLLECTOR
2025-09-23 22:21:49	3824	2413	0	0	1	1100101	32	32	0	0	19805	57799	0			SUCS	COLLECTOR
2025-09-23 22:21:49	3824	2413	0	0	1	601100409	1	1	0	0	19807	57799	0			SUCS	COLLECTOR
2025-09-23 22:21:49	3824	2413	0	0	1	540057	1	1	0	0	19807	57800	0			SUCS	COLLECTOR
2025-09-23 22:21:49	3824	2413	0	0	1	2016132	1	1	0	0	19808	57798	0			SUCS	COLLECTOR
2025-09-23 22:21:49	3824	2413	0	0	1	2016154	1	1	0	0	19808	57786	0			SUCS	COLLECTOR
2025-09-23 22:21:49	3824	2413	0	0	1	1100408	3	3	0	0	19802	57780	0			SUCS	COLLECTOR
2025-09-23 22:21:49	3824	2413	0	0	1	1100102	3	3	0	0	19816	57785	0			SUCS	COLLECTOR
2025-09-23 22:21:49	3824	2413	0	0	1	1100101	43	43	0	0	19815	57787	0			SUCS	COLLECTOR
2025-09-23 22:21:49	3824	2413	0	0	1	601100409	1	1	0	0	19819	57785	0			SUCS	COLLECTOR
2025-09-23 22:21:49	3824	2413	0	0	1	540200	1	1	0	0	19817	57784	0			SUCS	COLLECTOR
2025-09-23 22:21:49	3824	2413	0	0	1	540065	1	1	0	0	19813	57790	0			SUCS	COLLECTOR
2025-09-23 22:21:49	3824	2413	0	0	1	540057	1	1	0	0	19811	57792	0			SUCS	COLLECTOR
2025-09-23 22:21:49	3824	2413	0	0	1	2016154	1	1	0	0	19728	57504	0			SUCS	COLLECTOR
2025-09-23 22:21:49	3824	2413	0	0	1	1100408	1	1	0	0	19740	57499	0			SUCS	COLLECTOR
2025-09-23 22:21:49	3824	2413	0	0	1	1100102	1	1	0	0	19736	57497	0			SUCS	COLLECTOR
2025-09-23 22:21:49	3824	2413	0	0	1	1100101	40	40	0	0	19731	57508	0			SUCS	COLLECTOR
2025-09-23 22:21:49	3824	2413	0	0	1	601100409	1	1	0	0	19729	57510	0			SUCS	COLLECTOR
2025-09-23 22:21:49	3824	2413	0	0	1	540011	1	1	0	0	19737	57510	0			SUCS	COLLECTOR
2025-09-23 22:21:49	3824	2413	0	0	1	540002	1	1	0	0	19745	57500	0			SUCS	COLLECTOR
2025-09-23 22:21:49	3824	2413	0	0	1	2016132	1	1	0	0	19741	57496	0			SUCS	COLLECTOR
2025-09-23 22:21:49	3824	2413	0	0	1	2016154	1	1	0	0	19845	57578	0			SUCS	COLLECTOR
2025-09-23 22:21:49	3824	2413	0	0	1	1100408	3	3	0	0	19835	57570	0			SUCS	COLLECTOR
2025-09-23 22:21:49	3824	2413	0	0	1	1100101	30	30	0	0	19838	57574	0			SUCS	COLLECTOR
2025-09-23 22:21:49	3824	2413	0	0	1	601100409	1	1	0	0	19835	57571	0			SUCS	COLLECTOR
2025-09-23 22:21:49	3824	2413	0	0	1	540067	1	1	0	0	19842	57574	0			SUCS	COLLECTOR
2025-09-23 22:21:49	3824	2413	0	0	1	540019	2	2	0	0	19841	57582	0			SUCS	COLLECTOR
2025-09-23 22:21:49	3824	2413	0	0	1	2016132	1	1	0	0	19844	57570	0			SUCS	COLLECTOR
2025-09-23 22:21:49	3824	2413	0	0	1	2016154	1	1	0	0	19861	57563	0			SUCS	COLLECTOR
2025-09-23 22:21:49	3824	2413	0	0	1	1100408	1	1	0	0	19866	57569	0			SUCS	COLLECTOR
2025-09-23 22:21:49	3824	2413	0	0	1	1100102	2	2	0	0	19856	57555	0			SUCS	COLLECTOR
2025-09-23 22:21:49	3824	2413	0	0	1	1100101	42	42	0	0	19870	57571	0			SUCS	COLLECTOR
2025-09-23 22:21:49	3824	2413	0	0	1	601100409	1	1	0	0	19857	57567	0			SUCS	COLLECTOR
2025-09-23 22:21:49	3824	2413	0	0	1	540200	1	1	0	0	19855	57567	0			SUCS	COLLECTOR
2025-09-23 22:21:49	3824	2413	0	0	1	2016132	1	1	0	0	19859	57564	0			SUCS	COLLECTOR
2025-09-23 22:21:49	3824	2413	0	0	1	2016154	1	1	0	0	19854	57583	0			SUCS	COLLECTOR
2025-09-23 22:21:49	3824	2413	0	0	1	1100408	3	3	0	0	19860	57570	0			SUCS	COLLECTOR
2025-09-23 22:21:49	3824	2413	0	0	1	1100101	11	11	0	0	19852	57572	0			SUCS	COLLECTOR
2025-09-23 22:21:49	3824	2413	0	0	1	601100409	1	1	0	0	19848	57583	0			SUCS	COLLECTOR
2025-09-23 22:21:49	3824	2413	0	0	1	540065	1	1	0	0	19864	57574	0			SUCS	COLLECTOR
2025-09-23 22:21:49	3824	2413	0	0	1	540019	1	1	0	0	19856	57580	0			SUCS	COLLECTOR
2025-09-23 22:21:49	3824	2413	0	0	1	540006	1	1	0	0	19856	57587	0			SUCS	COLLECTOR
2025-09-23 22:21:49	3824	2413	0	0	1	2016154	1	1	0	0	19855	57577	0			SUCS	COLLECTOR
2025-09-23 22:21:49	3824	2413	0	0	1	1100408	2	2	0	0	19865	57585	0			SUCS	COLLECTOR
2025-09-23 22:21:49	3824	2413	0	0	1	1100102	5	5	0	0	19860	57581	0			SUCS	COLLECTOR
2025-09-23 22:21:49	3824	2413	0	0	1	1100101	43	43	0	0	19854	57580	0			SUCS	COLLECTOR
2025-09-23 22:21:49	3824	2413	0	0	1	601100409	1	1	0	0	19862	57574	0			SUCS	COLLECTOR
2025-09-23 22:21:49	3824	2413	0	0	1	540200	1	1	0	0	19867	57577	0			SUCS	COLLECTOR
2025-09-23 22:21:49	3824	2413	0	0	1	540009	1	1	0	0	19861	57589	0			SUCS	COLLECTOR
2025-09-23 22:21:49	3824	2413	0	0	1	2016132	1	1	0	0	19862	57589	0			SUCS	COLLECTOR
2025-09-23 22:21:49	3824	2413	0	0	1	2016154	1	1	0	0	19851	57564	0			SUCS	COLLECTOR
2025-09-23 22:21:49	3824	2413	0	0	1	1100408	3	3	0	0	19849	57579	0			SUCS	COLLECTOR
2025-09-23 22:21:49	3824	2413	0	0	1	1100102	1	1	0	0	19851	57568	0			SUCS	COLLECTOR
2025-09-23 22:21:49	3824	2413	0	0	1	1100101	30	30	0	0	19850	57572	0			SUCS	COLLECTOR
2025-09-23 22:21:49	3824	2413	0	0	1	601100409	1	1	0	0	19854	57579	0			SUCS	COLLECTOR
2025-09-23 22:21:49	3824	2413	0	0	1	540201	1	1	0	0	19859	57574	0			SUCS	COLLECTOR
2025-09-23 22:21:49	3824	2413	0	0	1	540010	1	1	0	0	19847	57574	0			SUCS	COLLECTOR
2025-09-23 22:21:49	3824	2413	0	0	1	540009	1	1	0	0	19851	57566	0			SUCS	COLLECTOR
2025-09-23 22:21:49	3824	2413	0	0	1	2016154	1	1	0	0	19853	57584	0			SUCS	COLLECTOR
2025-09-23 22:21:49	3824	2413	0	0	1	1100408	2	2	0	0	19849	57579	0			SUCS	COLLECTOR
2025-09-23 22:21:49	3824	2413	0	0	1	1100101	23	23	0	0	19841	57575	0			SUCS	COLLECTOR
2025-09-23 22:21:49	3824	2413	0	0	1	601100409	1	1	0	0	19840	57572	0			SUCS	COLLECTOR
2025-09-23 22:21:49	3824	2413	0	0	1	540067	1	1	0	0	19844	57574	0			SUCS	COLLECTOR
2025-09-23 22:21:49	3824	2413	0	0	1	540018	1	1	0	0	19857	57577	0			SUCS	COLLECTOR
2025-09-23 22:21:49	3824	2413	0	0	1	540013	1	1	0	0	19849	57578	0			SUCS	COLLECTOR
2025-09-23 22:21:49	3824	2413	0	0	1	2016154	1	1	0	0	19909	57595	0			SUCS	COLLECTOR
2025-09-23 22:21:49	3824	2413	0	0	1	1100408	2	2	0	0	19896	57597	0			SUCS	COLLECTOR
2025-09-23 22:21:49	3824	2413	0	0	1	1100102	3	3	0	0	19898	57586	0			SUCS	COLLECTOR
2025-09-23 22:21:49	3824	2413	0	0	1	1100101	22	22	0	0	19908	57594	0			SUCS	COLLECTOR
2025-09-23 22:21:49	3824	2413	0	0	1	601100409	1	1	0	0	19894	57595	0			SUCS	COLLECTOR
2025-09-23 22:21:49	3824	2413	0	0	1	540057	1	1	0	0	19904	57597	0			SUCS	COLLECTOR
2025-09-23 22:21:49	3824	2413	0	0	1	540019	1	1	0	0	19903	57596	0			SUCS	COLLECTOR
2025-09-23 22:21:49	3824	2413	0	0	1	2016154	1	1	0	0	19952	57645	0			SUCS	COLLECTOR
2025-09-23 22:21:49	3824	2413	0	0	1	1100408	3	3	0	0	19959	57643	0			SUCS	COLLECTOR
2025-09-23 22:21:49	3824	2413	0	0	1	1100101	11	11	0	0	19966	57639	0			SUCS	COLLECTOR
2025-09-23 22:21:49	3824	2413	0	0	1	601100409	1	1	0	0	19962	57654	0			SUCS	COLLECTOR
2025-09-23 22:21:49	3824	2413	0	0	1	540005	1	1	0	0	19950	57642	0			SUCS	COLLECTOR
2025-09-23 22:21:49	3824	2413	0	0	1	2016154	1	1	0	0	19970	57656	0			SUCS	COLLECTOR
2025-09-23 22:21:49	3824	2413	0	0	1	1100408	1	1	0	0	19973	57655	0			SUCS	COLLECTOR
2025-09-23 22:21:49	3824	2413	0	0	1	1100102	2	2	0	0	19976	57653	0			SUCS	COLLECTOR
2025-09-23 22:21:49	3824	2413	0	0	1	1100101	47	47	0	0	19974	57658	0			SUCS	COLLECTOR
2025-09-23 22:21:49	3824	2413	0	0	1	601100409	1	1	0	0	19963	57660	0			SUCS	COLLECTOR
2025-09-23 22:21:49	3824	2413	0	0	1	540201	1	1	0	0	19977	57665	0			SUCS	COLLECTOR
2025-09-23 22:21:49	3824	2413	0	0	1	2016132	1	1	0	0	19980	57665	0			SUCS	COLLECTOR
2025-09-23 22:21:49	3824	2413	0	0	1	2016154	1	1	0	0	20374	57555	0			SUCS	COLLECTOR
2025-09-23 22:21:49	3824	2413	0	0	1	1100408	2	2	0	0	20363	57563	0			SUCS	COLLECTOR
2025-09-23 22:21:49	3824	2413	0	0	1	1100102	2	2	0	0	20365	57569	0			SUCS	COLLECTOR
2025-09-23 22:21:49	3824	2413	0	0	1	1100101	25	25	0	0	20370	57557	0			SUCS	COLLECTOR
2025-09-23 22:21:49	3824	2413	0	0	1	601100409	1	1	0	0	20363	57567	0			SUCS	COLLECTOR
2025-09-23 22:21:49	3824	2413	0	0	1	540059	1	1	0	0	20362	57566	0			SUCS	COLLECTOR
2025-09-23 22:21:49	3824	2413	0	0	1	540012	2	2	0	0	20367	57561	0			SUCS	COLLECTOR
2025-09-23 22:21:49	3824	2413	0	0	1	2016154	1	1	0	0	20388	57551	0			SUCS	COLLECTOR
2025-09-23 22:21:49	3824	2413	0	0	1	1100408	2	2	0	0	20382	57554	0			SUCS	COLLECTOR
2025-09-23 22:21:49	3824	2413	0	0	1	1100101	11	11	0	0	20377	57559	0			SUCS	COLLECTOR
2025-09-23 22:21:49	3824	2413	0	0	1	601100409	1	1	0	0	20379	57565	0			SUCS	COLLECTOR
2025-09-23 22:21:49	3824	2413	0	0	1	540012	1	1	0	0	20375	57548	0			SUCS	COLLECTOR
2025-09-23 22:21:49	3824	2413	0	0	1	2016132	1	1	0	0	20374	57548	0			SUCS	COLLECTOR
2025-09-23 22:21:49	3824	2413	0	0	1	2016154	1	1	0	0	20448	57685	0			SUCS	COLLECTOR
2025-09-23 22:21:49	3824	2413	0	0	1	1100408	1	1	0	0	20443	57675	0			SUCS	COLLECTOR
2025-09-23 22:21:49	3824	2413	0	0	1	1100102	1	1	0	0	20440	57674	0			SUCS	COLLECTOR
2025-09-23 22:21:49	3824	2413	0	0	1	1100101	40	40	0	0	20443	57677	0			SUCS	COLLECTOR
2025-09-23 22:21:49	3824	2413	0	0	1	601100409	1	1	0	0	20446	57682	0			SUCS	COLLECTOR
2025-09-23 22:21:49	3824	2413	0	0	1	540201	2	2	0	0	20434	57677	0			SUCS	COLLECTOR
2025-09-23 22:21:49	3824	2413	0	0	1	2016132	1	1	0	0	20435	57671	0			SUCS	COLLECTOR
2025-09-23 22:21:49	3824	2413	0	0	1	2016154	1	1	0	0	20433	57689	0			SUCS	COLLECTOR
2025-09-23 22:21:49	3824	2413	0	0	1	1100408	2	2	0	0	20438	57690	0			SUCS	COLLECTOR
2025-09-23 22:21:49	3824	2413	0	0	1	1100102	2	2	0	0	20432	57684	0			SUCS	COLLECTOR
2025-09-23 22:21:49	3824	2413	0	0	1	1100101	24	24	0	0	20425	57698	0			SUCS	COLLECTOR
2025-09-23 22:21:49	3824	2413	0	0	1	601100409	1	1	0	0	20431	57692	0			SUCS	COLLECTOR
2025-09-23 22:21:49	3824	2413	0	0	1	540057	1	1	0	0	20440	57686	0			SUCS	COLLECTOR
2025-09-23 22:21:49	3824	2413	0	0	1	540002	1	1	0	0	20427	57695	0			SUCS	COLLECTOR
2025-09-23 22:21:49	3824	2413	0	0	1	2016132	1	1	0	0	20431	57698	0			SUCS	COLLECTOR
2025-09-23 22:21:49	3824	2413	0	0	1	2016154	1	1	0	0	20429	57674	0			SUCS	COLLECTOR
2025-09-23 22:21:49	3824	2413	0	0	1	1100408	3	3	0	0	20439	57682	0			SUCS	COLLECTOR
2025-09-23 22:21:49	3824	2413	0	0	1	1100101	23	23	0	0	20432	57685	0			SUCS	COLLECTOR
2025-09-23 22:21:49	3824	2413	0	0	1	601100409	1	1	0	0	20425	57674	0			SUCS	COLLECTOR
2025-09-23 22:21:49	3824	2413	0	0	1	540052	1	1	0	0	20440	57680	0			SUCS	COLLECTOR
2025-09-23 22:21:49	3824	2413	0	0	1	540012	1	1	0	0	20435	57676	0			SUCS	COLLECTOR
2025-09-23 22:21:49	3824	2413	0	0	1	2016154	1	1	0	0	20427	57677	0			SUCS	COLLECTOR
2025-09-23 22:21:49	3824	2413	0	0	1	1100408	3	3	0	0	20443	57675	0			SUCS	COLLECTOR
2025-09-23 22:21:49	3824	2413	0	0	1	1100101	30	30	0	0	20428	57670	0			SUCS	COLLECTOR
2025-09-23 22:21:49	3824	2413	0	0	1	601100409	1	1	0	0	20432	57676	0			SUCS	COLLECTOR
2025-09-23 22:21:49	3824	2413	0	0	1	540202	1	1	0	0	20438	57670	0			SUCS	COLLECTOR
2025-09-23 22:21:49	3824	2413	0	0	1	540009	1	1	0	0	20442	57672	0			SUCS	COLLECTOR
2025-09-23 22:21:49	3824	2413	0	0	1	2016132	1	1	0	0	20435	57667	0			SUCS	COLLECTOR
2025-09-23 22:21:49	3824	2413	0	0	1	2016154	1	1	0	0	20470	57675	0			SUCS	COLLECTOR
2025-09-23 22:21:49	3824	2413	0	0	1	1100408	3	3	0	0	20469	57681	0			SUCS	COLLECTOR
2025-09-23 22:21:49	3824	2413	0	0	1	1100101	49	49	0	0	20463	57683	0			SUCS	COLLECTOR
2025-09-23 22:21:49	3824	2413	0	0	1	601100409	1	1	0	0	20460	57685	0			SUCS	COLLECTOR
2025-09-23 22:21:49	3824	2413	0	0	1	540052	1	1	0	0	20464	57676	0			SUCS	COLLECTOR
2025-09-23 22:21:49	3824	2413	0	0	1	2016132	1	1	0	0	21092	57593	0			SUCS	COLLECTOR
2025-09-23 22:21:49	3824	2413	0	0	1	2016154	1	1	0	0	21076	57609	0			SUCS	COLLECTOR
2025-09-23 22:21:49	3824	2413	0	0	1	1100408	2	2	0	0	21074	57622	0			SUCS	COLLECTOR
2025-09-23 22:21:49	3824	2413	0	0	1	1100102	1	1	0	0	21078	57621	0			SUCS	COLLECTOR
2025-09-23 22:21:49	3824	2413	0	0	1	1100101	46	46	0	0	21078	57622	0			SUCS	COLLECTOR
2025-09-23 22:21:49	3824	2413	0	0	1	601100409	1	1	0	0	21065	57611	0			SUCS	COLLECTOR
2025-09-23 22:21:49	3824	2413	0	0	1	540012	1	1	0	0	21079	57611	0			SUCS	COLLECTOR
2025-09-23 22:21:49	3824	2413	0	0	1	809007	1	1	0	0	21070	57619	0			SUCS	COLLECTOR
2025-09-23 22:21:49	3824	2413	0	0	1	2016154	1	1	0	0	21056	57601	0			SUCS	COLLECTOR
2025-09-23 22:21:49	3824	2413	0	0	1	1100408	1	1	0	0	21045	57601	0			SUCS	COLLECTOR
2025-09-23 22:21:49	3824	2413	0	0	1	1100102	1	1	0	0	21055	57609	0			SUCS	COLLECTOR
2025-09-23 22:21:49	3824	2413	0	0	1	1100101	14	14	0	0	21057	57603	0			SUCS	COLLECTOR
2025-09-23 22:21:49	3824	2413	0	0	1	601100409	1	1	0	0	21046	57606	0			SUCS	COLLECTOR
2025-09-23 22:21:49	3824	2413	0	0	1	540200	2	2	0	0	21044	57595	0			SUCS	COLLECTOR
2025-09-23 22:21:49	3824	2413	0	0	1	540018	1	1	0	0	21053	57610	0			SUCS	COLLECTOR
2025-09-23 22:21:49	3824	2413	0	0	1	809907	1	1	0	0	21045	57600	0			SUCS	COLLECTOR
2025-09-23 22:21:49	3824	2413	0	0	1	2016132	1	1	0	0	21042	57594	0			SUCS	COLLECTOR
2025-09-23 22:21:49	3824	2413	0	0	1	2016154	1	1	0	0	21043	57635	0			SUCS	COLLECTOR
2025-09-23 22:21:49	3824	2413	0	0	1	1100408	3	3	0	0	21042	57634	0			SUCS	COLLECTOR
2025-09-23 22:21:49	3824	2413	0	0	1	1100102	3	3	0	0	21032	57640	0			SUCS	COLLECTOR
2025-09-23 22:21:49	3824	2413	0	0	1	1100101	45	45	0	0	21047	57639	0			SUCS	COLLECTOR
2025-09-23 22:21:49	3824	2413	0	0	1	601100409	1	1	0	0	21048	57630	0			SUCS	COLLECTOR
2025-09-23 22:21:49	3824	2413	0	0	1	540200	1	1	0	0	21037	57629	0			SUCS	COLLECTOR
2025-09-23 22:21:49	3824	2413	0	0	1	540009	1	1	0	0	21049	57628	0			SUCS	COLLECTOR
2025-09-23 22:21:49	3824	2413	0	0	1	2016132	1	1	0	0	21049	57643	0			SUCS	COLLECTOR
2025-09-23 22:21:49	3824	2413	0	0	1	2016154	1	1	0	0	21025	57669	0			SUCS	COLLECTOR
2025-09-23 22:21:49	3824	2413	0	0	1	1100408	3	3	0	0	21009	57669	0			SUCS	COLLECTOR
2025-09-23 22:21:49	3824	2413	0	0	1	1100101	19	19	0	0	21018	57664	0			SUCS	COLLECTOR
2025-09-23 22:21:49	3824	2413	0	0	1	601100409	1	1	0	0	21011	57662	0			SUCS	COLLECTOR
2025-09-23 22:21:49	3824	2413	0	0	1	540201	1	1	0	0	21015	57666	0			SUCS	COLLECTOR
2025-09-23 22:21:49	3824	2413	0	0	1	540018	1	1	0	0	21014	57657	0			SUCS	COLLECTOR
2025-09-23 22:21:49	3824	2413	0	0	1	540005	1	1	0	0	21025	57653	0			SUCS	COLLECTOR
2025-09-23 22:21:49	3824	2413	0	0	1	809307	1	1	0	0	21015	57664	0			SUCS	COLLECTOR
2025-09-23 22:21:49	3824	2413	0	0	1	2016132	1	1	0	0	21009	57653	0			SUCS	COLLECTOR
2025-09-23 22:21:49	3824	2413	0	0	1	2016154	1	1	0	0	20997	57776	0			SUCS	COLLECTOR
2025-09-23 22:21:49	3824	2413	0	0	1	1100408	2	2	0	0	20992	57770	0			SUCS	COLLECTOR
2025-09-23 22:21:49	3824	2413	0	0	1	1100102	2	2	0	0	20992	57770	0			SUCS	COLLECTOR
2025-09-23 22:21:49	3824	2413	0	0	1	1100101	16	16	0	0	20992	57770	0			SUCS	COLLECTOR
2025-09-23 22:21:49	3824	2413	0	0	1	601100409	1	1	0	0	20998	57771	0			SUCS	COLLECTOR
2025-09-23 22:21:49	3824	2413	0	0	1	540201	1	1	0	0	20999	57778	0			SUCS	COLLECTOR
2025-09-23 22:21:49	3824	2413	0	0	1	540065	1	1	0	0	20992	57778	0			SUCS	COLLECTOR
2025-09-23 22:21:49	3824	2413	0	0	1	540018	1	1	0	0	20997	57773	0			SUCS	COLLECTOR
2025-09-23 22:21:49	3824	2413	0	0	1	2016154	1	1	0	0	21042	57769	0			SUCS	COLLECTOR
2025-09-23 22:21:49	3824	2413	0	0	1	1100408	2	2	0	0	21044	57781	0			SUCS	COLLECTOR
2025-09-23 22:21:49	3824	2413	0	0	1	1100101	47	47	0	0	21041	57772	0			SUCS	COLLECTOR
2025-09-23 22:21:49	3824	2413	0	0	1	601100409	1	1	0	0	21054	57781	0			SUCS	COLLECTOR
2025-09-23 22:21:49	3824	2413	0	0	1	540200	1	1	0	0	21051	57781	0			SUCS	COLLECTOR
2025-09-23 22:21:49	3824	2413	0	0	1	540009	1	1	0	0	21049	57776	0			SUCS	COLLECTOR
2025-09-23 22:21:49	3824	2413	0	0	1	540006	1	1	0	0	21041	57774	0			SUCS	COLLECTOR
2025-09-23 22:21:49	3824	2413	0	0	1	2016154	1	1	0	0	21054	57780	0			SUCS	COLLECTOR
2025-09-23 22:21:49	3824	2413	0	0	1	1100408	3	3	0	0	21055	57782	0			SUCS	COLLECTOR
2025-09-23 22:21:49	3824	2413	0	0	1	1100102	1	1	0	0	21055	57769	0			SUCS	COLLECTOR
2025-09-23 22:21:49	3824	2413	0	0	1	1100101	24	24	0	0	21041	57769	0			SUCS	COLLECTOR
2025-09-23 22:21:49	3824	2413	0	0	1	601100409	1	1	0	0	21052	57774	0			SUCS	COLLECTOR
2025-09-23 22:21:49	3824	2413	0	0	1	540067	1	1	0	0	21050	57776	0			SUCS	COLLECTOR
2025-09-23 22:21:49	3824	2413	0	0	1	2016154	1	1	0	0	21074	57793	0			SUCS	COLLECTOR
2025-09-23 22:21:49	3824	2413	0	0	1	1100408	3	3	0	0	21059	57803	0			SUCS	COLLECTOR
2025-09-23 22:21:49	3824	2413	0	0	1	1100102	1	1	0	0	21062	57798	0			SUCS	COLLECTOR
2025-09-23 22:21:49	3824	2413	0	0	1	1100101	12	12	0	0	21072	57803	0			SUCS	COLLECTOR
2025-09-23 22:21:49	3824	2413	0	0	1	601100409	1	1	0	0	21069	57803	0			SUCS	COLLECTOR
2025-09-23 22:21:49	3824	2413	0	0	1	540055	1	1	0	0	21072	57794	0			SUCS	COLLECTOR
2025-09-23 22:21:49	3824	2413	0	0	1	540018	2	2	0	0	21057	57797	0			SUCS	COLLECTOR
2025-09-23 22:21:49	3824	2413	0	0	1	809907	1	1	0	0	21073	57792	0			SUCS	COLLECTOR
2025-09-23 22:21:49	3824	2413	0	0	1	2016154	1	1	0	0	21096	57754	0			SUCS	COLLECTOR
2025-09-23 22:21:49	3824	2413	0	0	1	1100408	2	2	0	0	21096	57738	0			SUCS	COLLECTOR
2025-09-23 22:21:49	3824	2413	0	0	1	1100102	1	1	0	0	21092	57749	0			SUCS	COLLECTOR
2025-09-23 22:21:49	3824	2413	0	0	1	1100101	14	14	0	0	21103	57743	0			SUCS	COLLECTOR
2025-09-23 22:21:49	3824	2413	0	0	1	601100409	1	1	0	0	21091	57751	0			SUCS	COLLECTOR
2025-09-23 22:21:49	3824	2413	0	0	1	540059	1	1	0	0	21098	57743	0			SUCS	COLLECTOR
2025-09-23 22:21:49	3824	2413	0	0	1	809007	1	1	0	0	21087	57753	0			SUCS	COLLECTOR
2025-09-23 22:21:49	3824	2413	0	0	1	2016132	1	1	0	0	21104	57750	0			SUCS	COLLECTOR
2025-09-23 22:21:49	3824	2413	0	0	1	2016154	1	1	0	0	21087	57730	0			SUCS	COLLECTOR
2025-09-23 22:21:49	3824	2413	0	0	1	1100408	1	1	0	0	21082	57725	0			SUCS	COLLECTOR
2025-09-23 22:21:49	3824	2413	0	0	1	1100102	1	1	0	0	21091	57729	0			SUCS	COLLECTOR
2025-09-23 22:21:49	3824	2413	0	0	1	1100101	22	22	0	0	21082	57737	0			SUCS	COLLECTOR
2025-09-23 22:21:49	3824	2413	0	0	1	601100409	1	1	0	0	21082	57731	0			SUCS	COLLECTOR
2025-09-23 22:21:49	3824	2413	0	0	1	540200	1	1	0	0	21090	57731	0			SUCS	COLLECTOR
2025-09-23 22:21:49	3824	2413	0	0	1	540065	1	1	0	0	21092	57723	0			SUCS	COLLECTOR
2025-09-23 22:21:49	3824	2413	0	0	1	540009	1	1	0	0	21092	57739	0			SUCS	COLLECTOR
2025-09-23 22:21:49	3824	2413	0	0	1	2016132	1	1	0	0	21095	57730	0			SUCS	COLLECTOR
2025-09-23 22:21:49	3824	2413	0	0	1	2016154	1	1	0	0	21100	57729	0			SUCS	COLLECTOR
2025-09-23 22:21:49	3824	2413	0	0	1	1100408	3	3	0	0	21107	57715	0			SUCS	COLLECTOR
2025-09-23 22:21:49	3824	2413	0	0	1	1100102	2	2	0	0	21099	57724	0			SUCS	COLLECTOR
2025-09-23 22:21:49	3824	2413	0	0	1	1100101	35	35	0	0	21100	57723	0			SUCS	COLLECTOR
2025-09-23 22:21:49	3824	2413	0	0	1	601100409	1	1	0	0	21116	57725	0			SUCS	COLLECTOR
2025-09-23 22:21:49	3824	2413	0	0	1	540201	1	1	0	0	21113	57729	0			SUCS	COLLECTOR
2025-09-23 22:21:49	3824	2413	0	0	1	540079	1	1	0	0	21103	57716	0			SUCS	COLLECTOR
2025-09-23 22:21:49	3824	2413	0	0	1	540061	1	1	0	0	21100	57722	0			SUCS	COLLECTOR
2025-09-23 22:21:49	3824	2413	0	0	1	808107	1	1	0	0	21105	57724	0			SUCS	COLLECTOR
2025-09-23 22:21:49	3824	2413	0	0	1	2016154	1	1	0	0	21107	57720	0			SUCS	COLLECTOR
2025-09-23 22:21:49	3824	2413	0	0	1	1100408	3	3	0	0	21116	57718	0			SUCS	COLLECTOR
2025-09-23 22:21:49	3824	2413	0	0	1	1100102	1	1	0	0	21102	57719	0			SUCS	COLLECTOR
2025-09-23 22:21:49	3824	2413	0	0	1	1100101	17	17	0	0	21114	57724	0			SUCS	COLLECTOR
2025-09-23 22:21:49	3824	2413	0	0	1	601100409	1	1	0	0	21103	57724	0			SUCS	COLLECTOR
2025-09-23 22:21:49	3824	2413	0	0	1	540201	1	1	0	0	21104	57722	0			SUCS	COLLECTOR
2025-09-23 22:21:49	3824	2413	0	0	1	540052	1	1	0	0	21101	57727	0			SUCS	COLLECTOR
2025-09-23 22:21:49	3824	2413	0	0	1	540019	1	1	0	0	21115	57726	0			SUCS	COLLECTOR
2025-09-23 22:21:49	3824	2413	0	0	1	808407	1	1	0	0	21106	57717	0			SUCS	COLLECTOR
2025-09-23 22:21:49	3824	2413	0	0	1	2016154	1	1	0	0	21094	57684	0			SUCS	COLLECTOR
2025-09-23 22:21:49	3824	2413	0	0	1	1100408	1	1	0	0	21097	57682	0			SUCS	COLLECTOR
2025-09-23 22:21:49	3824	2413	0	0	1	1100102	2	2	0	0	21094	57682	0			SUCS	COLLECTOR
2025-09-23 22:21:49	3824	2413	0	0	1	1100101	19	19	0	0	21091	57688	0			SUCS	COLLECTOR
2025-09-23 22:21:49	3824	2413	0	0	1	601100409	1	1	0	0	21104	57689	0			SUCS	COLLECTOR
2025-09-23 22:21:49	3824	2413	0	0	1	540079	1	1	0	0	21101	57685	0			SUCS	COLLECTOR
2025-09-23 22:21:49	3824	2413	0	0	1	540055	1	1	0	0	21100	57698	0			SUCS	COLLECTOR
2025-09-23 22:21:49	3824	2413	0	0	1	540053	1	1	0	0	21101	57683	0			SUCS	COLLECTOR
2025-09-23 22:21:49	3824	2413	0	0	1	2016132	1	1	0	0	21092	57693	0			SUCS	COLLECTOR
2025-09-23 22:21:49	3824	2413	0	0	1	808407	1	1	0	0	21100	57581	0			SUCS	COLLECTOR
2025-09-23 22:21:49	3824	2413	0	0	1	540002	1	1	0	0	21092	57589	0			SUCS	COLLECTOR
2025-09-23 22:21:49	3824	2413	0	0	1	540018	1	1	0	0	21087	57589	0			SUCS	COLLECTOR
2025-09-23 22:21:49	3824	2413	0	0	1	540200	1	1	0	0	21091	57585	0			SUCS	COLLECTOR
2025-09-23 22:21:49	3824	2413	0	0	1	601100409	1	1	0	0	21097	57578	0			SUCS	COLLECTOR
2025-09-23 22:21:49	3824	2413	0	0	1	1100101	35	35	0	0	21101	57580	0			SUCS	COLLECTOR
2025-09-23 22:21:49	3824	2413	0	0	1	1100102	1	1	0	0	21089	57578	0			SUCS	COLLECTOR
2025-09-23 22:21:49	3824	2413	0	0	1	1100408	1	1	0	0	21094	57580	0			SUCS	COLLECTOR
2025-09-23 22:21:49	3824	2413	0	0	1	2016154	1	1	0	0	21094	57594	0			SUCS	COLLECTOR
2025-09-23 22:21:49	3824	2413	0	0	1	2016132	1	1	0	0	21112	57601	0			SUCS	COLLECTOR
2025-09-23 22:21:49	3824	2413	0	0	1	808407	1	1	0	0	21100	57592	0			SUCS	COLLECTOR
2025-09-23 22:21:49	3824	2413	0	0	1	540010	1	1	0	0	21116	57598	0			SUCS	COLLECTOR
2025-09-23 22:21:49	3824	2413	0	0	1	540018	1	1	0	0	21114	57594	0			SUCS	COLLECTOR
2025-09-23 22:21:49	3824	2413	0	0	1	601100409	1	1	0	0	21103	57586	0			SUCS	COLLECTOR
2025-09-23 22:21:49	3824	2413	0	0	1	1100101	17	17	0	0	21115	57597	0			SUCS	COLLECTOR
2025-09-23 22:21:49	3824	2413	0	0	1	1100408	2	2	0	0	21108	57597	0			SUCS	COLLECTOR
2025-09-23 22:21:49	3824	2413	0	0	1	2016154	1	1	0	0	21107	57588	0			SUCS	COLLECTOR
2025-09-23 22:21:49	3824	2413	0	0	1	2016132	1	1	0	0	21089	57637	0			SUCS	COLLECTOR
2025-09-23 22:21:49	3824	2413	0	0	1	540002	1	1	0	0	21096	57648	0			SUCS	COLLECTOR
2025-09-23 22:21:49	3824	2413	0	0	1	540052	1	1	0	0	21097	57636	0			SUCS	COLLECTOR
2025-09-23 22:21:49	3824	2413	0	0	1	601100409	1	1	0	0	21102	57638	0			SUCS	COLLECTOR
2025-09-23 22:21:49	3824	2413	0	0	1	1100101	23	23	0	0	21094	57640	0			SUCS	COLLECTOR
2025-09-23 22:21:49	3824	2413	0	0	1	1100102	1	1	0	0	21106	57653	0			SUCS	COLLECTOR
2025-09-23 22:21:49	3824	2413	0	0	1	1100408	3	3	0	0	21099	57650	0			SUCS	COLLECTOR
2025-09-23 22:21:49	3824	2413	0	0	1	2016154	1	1	0	0	21103	57641	0			SUCS	COLLECTOR
2025-09-23 22:21:49	3824	2413	0	0	1	808107	1	1	0	0	20605	57710	0			SUCS	COLLECTOR
2025-09-23 22:21:49	3824	2413	0	0	1	540201	1	1	0	0	20599	57718	0			SUCS	COLLECTOR
2025-09-23 22:21:49	3824	2413	0	0	1	601100409	1	1	0	0	20607	57711	0			SUCS	COLLECTOR
2025-09-23 22:21:49	3824	2413	0	0	1	1100101	34	34	0	0	20601	57717	0			SUCS	COLLECTOR
2025-09-23 22:21:49	3824	2413	0	0	1	1100102	2	2	0	0	20598	57718	0			SUCS	COLLECTOR
2025-09-23 22:21:49	3824	2413	0	0	1	1100408	2	2	0	0	20600	57702	0			SUCS	COLLECTOR
2025-09-23 22:21:49	3824	2413	0	0	1	2016154	1	1	0	0	20603	57703	0			SUCS	COLLECTOR
2025-09-23 22:21:49	3824	2413	0	0	1	540005	1	1	0	0	20586	57708	0			SUCS	COLLECTOR
2025-09-23 22:21:49	3824	2413	0	0	1	601100409	1	1	0	0	20582	57709	0			SUCS	COLLECTOR
2025-09-23 22:21:49	3824	2413	0	0	1	1100101	18	18	0	0	20595	57704	0			SUCS	COLLECTOR
2025-09-23 22:21:49	3824	2413	0	0	1	1100102	1	1	0	0	20596	57704	0			SUCS	COLLECTOR
2025-09-23 22:21:49	3824	2413	0	0	1	1100408	3	3	0	0	20592	57715	0			SUCS	COLLECTOR
2025-09-23 22:21:49	3824	2413	0	0	1	2016154	1	1	0	0	20597	57704	0			SUCS	COLLECTOR
2025-09-23 22:21:49	3824	2413	0	0	1	2016132	1	1	0	0	20580	57749	0			SUCS	COLLECTOR
2025-09-23 22:21:49	3824	2413	0	0	1	809607	1	1	0	0	20590	57749	0			SUCS	COLLECTOR
2025-09-23 22:21:49	3824	2413	0	0	1	540012	1	1	0	0	20590	57748	0			SUCS	COLLECTOR
2025-09-23 22:21:49	3824	2413	0	0	1	601100409	1	1	0	0	20587	57742	0			SUCS	COLLECTOR
2025-09-23 22:21:49	3824	2413	0	0	1	1100101	46	46	0	0	20588	57746	0			SUCS	COLLECTOR
2025-09-23 22:21:49	3824	2413	0	0	1	1100102	2	2	0	0	20588	57739	0			SUCS	COLLECTOR
2025-09-23 22:21:49	3824	2413	0	0	1	1100408	2	2	0	0	20584	57744	0			SUCS	COLLECTOR
2025-09-23 22:21:49	3824	2413	0	0	1	2016154	1	1	0	0	20574	57737	0			SUCS	COLLECTOR
2025-09-23 22:21:49	3824	2413	0	0	1	540010	1	1	0	0	20566	57656	0			SUCS	COLLECTOR
2025-09-23 22:21:49	3824	2413	0	0	1	540018	1	1	0	0	20570	57659	0			SUCS	COLLECTOR
2025-09-23 22:21:49	3824	2413	0	0	1	540057	1	1	0	0	20570	57668	0			SUCS	COLLECTOR
2025-09-23 22:21:49	3824	2413	0	0	1	601100409	1	1	0	0	20579	57671	0			SUCS	COLLECTOR
2025-09-23 22:21:49	3824	2413	0	0	1	1100101	20	20	0	0	20568	57673	0			SUCS	COLLECTOR
2025-09-23 22:21:49	3824	2413	0	0	1	1100102	2	2	0	0	20571	57671	0			SUCS	COLLECTOR
2025-09-23 22:21:49	3824	2413	0	0	1	1100408	2	2	0	0	20570	57665	0			SUCS	COLLECTOR
2025-09-23 22:21:49	3824	2413	0	0	1	2016154	1	1	0	0	20579	57672	0			SUCS	COLLECTOR
2025-09-23 22:21:49	3824	2413	0	0	1	540018	1	1	0	0	20549	57641	0			SUCS	COLLECTOR
2025-09-23 22:21:49	3824	2413	0	0	1	540200	1	1	0	0	20559	57636	0			SUCS	COLLECTOR
2025-09-23 22:21:49	3824	2413	0	0	1	601100409	1	1	0	0	20553	57642	0			SUCS	COLLECTOR
2025-09-23 22:21:49	3824	2413	0	0	1	1100101	38	38	0	0	20562	57626	0			SUCS	COLLECTOR
2025-09-23 22:21:49	3824	2413	0	0	1	1100102	2	2	0	0	20560	57626	0			SUCS	COLLECTOR
2025-09-23 22:21:49	3824	2413	0	0	1	1100408	3	3	0	0	20550	57626	0			SUCS	COLLECTOR
2025-09-23 22:21:49	3824	2413	0	0	1	2016154	1	1	0	0	20555	57625	0			SUCS	COLLECTOR
2025-09-23 22:21:49	3824	2413	0	0	1	809607	1	1	0	0	20565	57591	0			SUCS	COLLECTOR
2025-09-23 22:21:49	3824	2413	0	0	1	540052	1	1	0	0	20554	57591	0			SUCS	COLLECTOR
2025-09-23 22:21:49	3824	2413	0	0	1	540200	1	1	0	0	20561	57585	0			SUCS	COLLECTOR
2025-09-23 22:21:49	3824	2413	0	0	1	601100409	1	1	0	0	20569	57582	0			SUCS	COLLECTOR
2025-09-23 22:21:49	3824	2413	0	0	1	1100101	35	35	0	0	20569	57583	0			SUCS	COLLECTOR
2025-09-23 22:21:49	3824	2413	0	0	1	1100102	1	1	0	0	20557	57588	0			SUCS	COLLECTOR
2025-09-23 22:21:49	3824	2413	0	0	1	1100408	1	1	0	0	20559	57595	0			SUCS	COLLECTOR
2025-09-23 22:21:49	3824	2413	0	0	1	2016154	1	1	0	0	20570	57588	0			SUCS	COLLECTOR
2025-09-23 22:21:49	3824	2413	0	0	1	2016132	1	1	0	0	20494	57639	0			SUCS	COLLECTOR
2025-09-23 22:21:49	3824	2413	0	0	1	540019	1	1	0	0	20490	57642	0			SUCS	COLLECTOR
2025-09-23 22:21:49	3824	2413	0	0	1	540079	1	1	0	0	20494	57632	0			SUCS	COLLECTOR
2025-09-23 22:21:49	3824	2413	0	0	1	601100409	1	1	0	0	20492	57634	0			SUCS	COLLECTOR
2025-09-23 22:21:49	3824	2413	0	0	1	1100101	45	45	0	0	20500	57639	0			SUCS	COLLECTOR
2025-09-23 22:21:49	3824	2413	0	0	1	1100102	3	3	0	0	20494	57634	0			SUCS	COLLECTOR
2025-09-23 22:21:49	3824	2413	0	0	1	1100408	2	2	0	0	20489	57639	0			SUCS	COLLECTOR
2025-09-23 22:21:49	3824	2413	0	0	1	2016154	1	1	0	0	20504	57642	0			SUCS	COLLECTOR
2025-09-23 22:21:49	3824	2413	0	0	1	809307	1	1	0	0	20463	57689	0			SUCS	COLLECTOR
2025-09-23 22:21:49	3824	2413	0	0	1	540006	1	1	0	0	20461	57689	0			SUCS	COLLECTOR
2025-09-23 22:21:49	3824	2413	0	0	1	601100409	1	1	0	0	20475	57678	0			SUCS	COLLECTOR
2025-09-23 22:21:49	3824	2413	0	0	1	1100101	41	41	0	0	20475	57685	0			SUCS	COLLECTOR
2025-09-23 22:21:49	3824	2413	0	0	1	1100102	3	3	0	0	20468	57681	0			SUCS	COLLECTOR
2025-09-23 22:21:49	3824	2413	0	0	1	1100408	2	2	0	0	20467	57675	0			SUCS	COLLECTOR
2025-09-23 22:21:49	3824	2413	0	0	1	2016154	1	1	0	0	20460	57690	0			SUCS	COLLECTOR
2025-09-23 22:21:49	3824	2413	0	0	1	2016132	1	1	0	0	20475	57663	0			SUCS	COLLECTOR
2025-09-23 22:21:49	3824	2413	0	0	1	540011	1	1	0	0	20462	57668	0			SUCS	COLLECTOR
2025-09-23 22:21:49	3824	2413	0	0	1	540019	1	1	0	0	20474	57667	0			SUCS	COLLECTOR
2025-09-23 22:21:49	3824	2413	0	0	1	601100409	1	1	0	0	20473	57661	0			SUCS	COLLECTOR
2025-09-23 22:21:49	3824	2413	0	0	1	1100101	18	18	0	0	20469	57672	0			SUCS	COLLECTOR
2025-09-23 22:21:49	3824	2413	0	0	1	1100102	1	1	0	0	20466	57671	0			SUCS	COLLECTOR
2025-09-23 22:21:49	3824	2413	0	0	1	1100408	1	1	0	0	20462	57667	0			SUCS	COLLECTOR
2025-09-23 22:21:49	3824	2413	0	0	1	2016154	1	1	0	0	20461	57675	0			SUCS	COLLECTOR
2025-09-23 22:21:49	3824	2413	0	0	1	2016132	1	1	0	0	20460	57671	0			SUCS	COLLECTOR
2025-09-23 22:21:49	3824	2413	0	0	1	809907	1	1	0	0	20463	57678	0			SUCS	COLLECTOR
2025-09-23 22:22:49	11132	104	0	0	0	1	0	694508	81620	681762	0	0	0				
2025-09-23 22:23:47	9676	2711	1	1	0	22000216	80000	19128	61224	19140	61192	1	0	admin	Fraun		
2025-09-23 22:23:49	11132	104	0	0	0	1	0	694700	86256	723144	0	0	0				
2025-09-23 22:23:49	3824	2413	0	0	1	3100037	1	1	0	0	19013	57681	0			SUCS	COLLECTOR
2025-09-23 22:23:49	3824	2413	0	0	1	3100035	1	1	0	0	19013	57679	0			SUCS	COLLECTOR
2025-09-23 22:23:49	3824	2413	0	0	1	1100408	4	4	0	0	19006	57687	0			SUCS	COLLECTOR
2025-09-23 22:23:49	3824	2413	0	0	1	1100102	10	10	0	0	19011	57679	0			SUCS	COLLECTOR
2025-09-23 22:23:49	3824	2413	0	0	1	1100101	131	131	0	0	19007	57691	0			SUCS	COLLECTOR
2025-09-23 22:23:49	3824	2413	0	0	1	601100409	1	1	0	0	19004	57688	0			SUCS	COLLECTOR
2025-09-23 22:23:49	3824	2413	0	0	1	540200	1	1	0	0	19008	57690	0			SUCS	COLLECTOR
2025-09-23 22:23:49	3824	2413	0	0	1	540010	1	1	0	0	19011	57687	0			SUCS	COLLECTOR
2025-09-23 22:23:49	3824	2413	0	0	1	809207	1	1	0	0	19003	57680	0			SUCS	COLLECTOR
2025-09-23 22:23:49	3824	2413	0	0	1	2016132	13	13	0	0	19003	57680	0			SUCS	COLLECTOR
2025-09-23 22:23:49	3824	2413	0	0	1	3100036	1	1	0	0	19123	57576	0			SUCS	COLLECTOR
2025-09-23 22:23:49	3824	2413	0	0	1	3100034	1	1	0	0	19128	57577	0			SUCS	COLLECTOR
2025-09-23 22:23:49	3824	2413	0	0	1	1100408	2	2	0	0	19128	57580	0			SUCS	COLLECTOR
2025-09-23 22:23:49	3824	2413	0	0	1	1100102	5	5	0	0	19125	57583	0			SUCS	COLLECTOR
2025-09-23 22:23:49	3824	2413	0	0	1	1100101	114	114	0	0	19122	57585	0			SUCS	COLLECTOR
2025-09-23 22:23:49	3824	2413	0	0	1	601100409	1	1	0	0	19123	57577	0			SUCS	COLLECTOR
2025-09-23 22:23:49	3824	2413	0	0	1	540067	1	1	0	0	19130	57585	0			SUCS	COLLECTOR
2025-09-23 22:23:49	3824	2413	0	0	1	540065	1	1	0	0	19129	57589	0			SUCS	COLLECTOR
2025-09-23 22:23:49	3824	2413	0	0	1	2016132	16	16	0	0	19132	57581	0			SUCS	COLLECTOR
2025-09-23 22:23:49	3824	2413	0	0	1	3100037	1	1	0	0	19231	57702	0			SUCS	COLLECTOR
2025-09-23 22:23:49	3824	2413	0	0	1	3100034	1	1	0	0	19236	57695	0			SUCS	COLLECTOR
2025-09-23 22:23:49	3824	2413	0	0	1	1100408	5	5	0	0	19226	57693	0			SUCS	COLLECTOR
2025-09-23 22:23:49	3824	2413	0	0	1	1100102	8	8	0	0	19236	57695	0			SUCS	COLLECTOR
2025-09-23 22:23:49	3824	2413	0	0	1	1100101	215	215	0	0	19231	57692	0			SUCS	COLLECTOR
2025-09-23 22:23:49	3824	2413	0	0	1	601100409	1	1	0	0	19229	57703	0			SUCS	COLLECTOR
2025-09-23 22:23:49	3824	2413	0	0	1	540200	2	2	0	0	19221	57701	0			SUCS	COLLECTOR
2025-09-23 22:23:49	3824	2413	0	0	1	2016132	16	16	0	0	19233	57699	0			SUCS	COLLECTOR
2025-09-23 22:24:49	11132	104	0	0	0	1	0	694744	90940	758039	0	0	0				
2025-09-23 22:25:49	11132	104	0	0	0	1	0	694744	92007	758561	0	0	0				
2025-09-23 22:25:49	3824	2413	0	0	1	2016154	1	1	0	0	18923	59021	0			SUCS	COLLECTOR
2025-09-23 22:25:49	3824	2413	0	0	1	1100408	3	3	0	0	18928	59028	0			SUCS	COLLECTOR
2025-09-23 22:25:49	3824	2413	0	0	1	1100102	4	4	0	0	18925	59014	0			SUCS	COLLECTOR
2025-09-23 22:25:49	3824	2413	0	0	1	1100101	31	31	0	0	18933	59025	0			SUCS	COLLECTOR
2025-09-23 22:25:49	3824	2413	0	0	1	601100409	1	1	0	0	18926	59023	0			SUCS	COLLECTOR
2025-09-23 22:25:49	3824	2413	0	0	1	540065	1	1	0	0	18926	59025	0			SUCS	COLLECTOR
2025-09-23 22:25:49	3824	2413	0	0	1	540011	1	1	0	0	18933	59017	0			SUCS	COLLECTOR
2025-09-23 22:25:49	3824	2413	0	0	1	540005	1	1	0	0	18923	59027	0			SUCS	COLLECTOR
2025-09-23 22:25:49	3824	2413	0	0	1	540002	2	2	0	0	18934	59028	0			SUCS	COLLECTOR
2025-09-23 22:25:49	3824	2413	0	0	1	808107	1	1	0	0	18934	59023	0			SUCS	COLLECTOR
2025-09-23 22:25:49	3824	2413	0	0	1	2016132	1	1	0	0	18931	59028	0			SUCS	COLLECTOR
2025-09-23 22:25:49	3824	2413	0	0	1	2016154	1	1	0	0	18910	59012	0			SUCS	COLLECTOR
2025-09-23 22:25:49	3824	2413	0	0	1	1100408	2	2	0	0	18912	59011	0			SUCS	COLLECTOR
2025-09-23 22:25:49	3824	2413	0	0	1	1100102	3	3	0	0	18905	58999	0			SUCS	COLLECTOR
2025-09-23 22:25:49	3824	2413	0	0	1	1100101	32	32	0	0	18909	58999	0			SUCS	COLLECTOR
2025-09-23 22:25:49	3824	2413	0	0	1	601100409	1	1	0	0	18902	59008	0			SUCS	COLLECTOR
2025-09-23 22:25:49	3824	2413	0	0	1	540057	1	1	0	0	18914	58995	0			SUCS	COLLECTOR
2025-09-23 22:25:49	3824	2413	0	0	1	540018	1	1	0	0	18910	59010	0			SUCS	COLLECTOR
2025-09-23 22:25:49	3824	2413	0	0	1	540006	1	1	0	0	18908	59002	0			SUCS	COLLECTOR
2025-09-23 22:25:49	3824	2413	0	0	1	540005	1	1	0	0	18908	59008	0			SUCS	COLLECTOR
2025-09-23 22:25:49	3824	2413	0	0	1	809907	1	1	0	0	18911	59005	0			SUCS	COLLECTOR
2025-09-23 22:25:49	3824	2413	0	0	1	2016132	1	1	0	0	18909	59012	0			SUCS	COLLECTOR
2025-09-23 22:25:49	3824	2413	0	0	1	2016154	1	1	0	0	18910	59016	0			SUCS	COLLECTOR
2025-09-23 22:25:49	3824	2413	0	0	1	1100408	1	1	0	0	18893	59012	0			SUCS	COLLECTOR
2025-09-23 22:25:49	3824	2413	0	0	1	1100102	2	2	0	0	18901	59019	0			SUCS	COLLECTOR
2025-09-23 22:25:49	3824	2413	0	0	1	1100101	46	46	0	0	18903	59015	0			SUCS	COLLECTOR
2025-09-23 22:25:49	3824	2413	0	0	1	601100409	1	1	0	0	18895	59011	0			SUCS	COLLECTOR
2025-09-23 22:25:49	3824	2413	0	0	1	540012	1	1	0	0	18901	59022	0			SUCS	COLLECTOR
2025-09-23 22:25:49	3824	2413	0	0	1	809307	1	1	0	0	18909	59015	0			SUCS	COLLECTOR
2025-09-23 22:25:49	3824	2413	0	0	1	808407	1	1	0	0	18905	59013	0			SUCS	COLLECTOR
2025-09-23 22:25:49	3824	2413	0	0	1	2016132	1	1	0	0	18896	59024	0			SUCS	COLLECTOR
2025-09-23 22:25:49	3824	2413	0	0	1	2016154	1	1	0	0	18932	59070	0			SUCS	COLLECTOR
2025-09-23 22:25:49	3824	2413	0	0	1	1100408	2	2	0	0	18930	59068	0			SUCS	COLLECTOR
2025-09-23 22:25:49	3824	2413	0	0	1	1100102	2	2	0	0	18930	59084	0			SUCS	COLLECTOR
2025-09-23 22:25:49	3824	2413	0	0	1	1100101	43	43	0	0	18929	59078	0			SUCS	COLLECTOR
2025-09-23 22:25:49	3824	2413	0	0	1	601100409	1	1	0	0	18917	59076	0			SUCS	COLLECTOR
2025-09-23 22:25:49	3824	2413	0	0	1	540200	2	2	0	0	18917	59067	0			SUCS	COLLECTOR
2025-09-23 22:25:49	3824	2413	0	0	1	540059	1	1	0	0	18925	59067	0			SUCS	COLLECTOR
2025-09-23 22:25:49	3824	2413	0	0	1	540011	1	1	0	0	18921	59076	0			SUCS	COLLECTOR
2025-09-23 22:25:49	3824	2413	0	0	1	2016132	1	1	0	0	18917	59078	0			SUCS	COLLECTOR
2025-09-23 22:25:49	3824	2413	0	0	1	2016154	1	1	0	0	18929	59091	0			SUCS	COLLECTOR
2025-09-23 22:25:49	3824	2413	0	0	1	1100408	2	2	0	0	18918	59087	0			SUCS	COLLECTOR
2025-09-23 22:25:49	3824	2413	0	0	1	1100102	1	1	0	0	18919	59091	0			SUCS	COLLECTOR
2025-09-23 22:25:49	3824	2413	0	0	1	1100101	39	39	0	0	18921	59075	0			SUCS	COLLECTOR
2025-09-23 22:25:49	3824	2413	0	0	1	601100409	1	1	0	0	18926	59079	0			SUCS	COLLECTOR
2025-09-23 22:25:49	3824	2413	0	0	1	540057	1	1	0	0	18927	59084	0			SUCS	COLLECTOR
2025-09-23 22:25:49	3824	2413	0	0	1	540005	1	1	0	0	18926	59091	0			SUCS	COLLECTOR
2025-09-23 22:25:49	3824	2413	0	0	1	2016132	1	1	0	0	18920	59075	0			SUCS	COLLECTOR
2025-09-23 22:25:49	3824	2413	0	0	1	2016154	1	1	0	0	19116	59283	0			SUCS	COLLECTOR
2025-09-23 22:25:49	3824	2413	0	0	1	1100408	3	3	0	0	19122	59281	0			SUCS	COLLECTOR
2025-09-23 22:25:49	3824	2413	0	0	1	1100102	2	2	0	0	19126	59280	0			SUCS	COLLECTOR
2025-09-23 22:25:49	3824	2413	0	0	1	1100101	34	34	0	0	19122	59280	0			SUCS	COLLECTOR
2025-09-23 22:25:49	3824	2413	0	0	1	601100409	1	1	0	0	19122	59278	0			SUCS	COLLECTOR
2025-09-23 22:25:49	3824	2413	0	0	1	540201	1	1	0	0	19125	59277	0			SUCS	COLLECTOR
2025-09-23 22:25:49	3824	2413	0	0	1	540200	1	1	0	0	19124	59269	0			SUCS	COLLECTOR
2025-09-23 22:25:49	3824	2413	0	0	1	540006	1	1	0	0	19119	59279	0			SUCS	COLLECTOR
2025-09-23 22:25:49	3824	2413	0	0	1	2016132	1	1	0	0	19117	59283	0			SUCS	COLLECTOR
2025-09-23 22:25:49	3824	2413	0	0	1	2016154	1	1	0	0	19055	59219	0			SUCS	COLLECTOR
2025-09-23 22:25:49	3824	2413	0	0	1	1100408	2	2	0	0	19049	59220	0			SUCS	COLLECTOR
2025-09-23 22:25:49	3824	2413	0	0	1	1100102	4	4	0	0	19051	59230	0			SUCS	COLLECTOR
2025-09-23 22:25:49	3824	2413	0	0	1	1100101	33	33	0	0	19054	59224	0			SUCS	COLLECTOR
2025-09-23 22:25:49	3824	2413	0	0	1	601100409	1	1	0	0	19058	59214	0			SUCS	COLLECTOR
2025-09-23 22:25:49	3824	2413	0	0	1	540052	2	2	0	0	19057	59230	0			SUCS	COLLECTOR
2025-09-23 22:25:49	3824	2413	0	0	1	540011	1	1	0	0	19049	59228	0			SUCS	COLLECTOR
2025-09-23 22:25:49	3824	2413	0	0	1	2016132	1	1	0	0	19062	59226	0			SUCS	COLLECTOR
2025-09-23 22:25:49	3824	2413	0	0	1	2016154	1	1	0	0	19124	59112	0			SUCS	COLLECTOR
2025-09-23 22:25:49	3824	2413	0	0	1	1100408	3	3	0	0	19138	59109	0			SUCS	COLLECTOR
2025-09-23 22:25:49	3824	2413	0	0	1	1100102	3	3	0	0	19129	59095	0			SUCS	COLLECTOR
2025-09-23 22:25:49	3824	2413	0	0	1	1100101	32	32	0	0	19126	59103	0			SUCS	COLLECTOR
2025-09-23 22:25:49	3824	2413	0	0	1	601100409	1	1	0	0	19133	59111	0			SUCS	COLLECTOR
2025-09-23 22:25:49	3824	2413	0	0	1	540200	1	1	0	0	19128	59095	0			SUCS	COLLECTOR
2025-09-23 22:25:49	3824	2413	0	0	1	540019	1	1	0	0	19137	59109	0			SUCS	COLLECTOR
2025-09-23 22:25:49	3824	2413	0	0	1	540006	1	1	0	0	19127	59106	0			SUCS	COLLECTOR
2025-09-23 22:25:49	3824	2413	0	0	1	809007	1	1	0	0	19135	59099	0			SUCS	COLLECTOR
2025-09-23 22:25:49	3824	2413	0	0	1	2016132	1	1	0	0	19135	59112	0			SUCS	COLLECTOR
2025-09-23 22:25:49	3824	2413	0	0	1	2016154	1	1	0	0	19254	58930	0			SUCS	COLLECTOR
2025-09-23 22:25:49	3824	2413	0	0	1	1100408	2	2	0	0	19250	58934	0			SUCS	COLLECTOR
2025-09-23 22:25:49	3824	2413	0	0	1	1100102	6	6	0	0	19251	58940	0			SUCS	COLLECTOR
2025-09-23 22:25:49	3824	2413	0	0	1	1100101	33	33	0	0	19259	58933	0			SUCS	COLLECTOR
2025-09-23 22:25:49	3824	2413	0	0	1	601100409	1	1	0	0	19263	58930	0			SUCS	COLLECTOR
2025-09-23 22:25:49	3824	2413	0	0	1	540200	1	1	0	0	19248	58936	0			SUCS	COLLECTOR
2025-09-23 22:25:49	3824	2413	0	0	1	808107	1	1	0	0	19261	58933	0			SUCS	COLLECTOR
2025-09-23 22:25:49	3824	2413	0	0	1	2016132	1	1	0	0	19262	58927	0			SUCS	COLLECTOR
2025-09-23 22:25:49	3824	2413	0	0	1	2016154	1	1	0	0	19198	59047	0			SUCS	COLLECTOR
2025-09-23 22:25:49	3824	2413	0	0	1	1100408	1	1	0	0	19190	59039	0			SUCS	COLLECTOR
2025-09-23 22:25:49	3824	2413	0	0	1	1100102	4	4	0	0	19182	59036	0			SUCS	COLLECTOR
2025-09-23 22:25:49	3824	2413	0	0	1	1100101	43	43	0	0	19187	59038	0			SUCS	COLLECTOR
2025-09-23 22:25:49	3824	2413	0	0	1	601100409	1	1	0	0	19197	59034	0			SUCS	COLLECTOR
2025-09-23 22:25:49	3824	2413	0	0	1	540053	1	1	0	0	19196	59038	0			SUCS	COLLECTOR
2025-09-23 22:25:49	3824	2413	0	0	1	2016132	1	1	0	0	19189	59040	0			SUCS	COLLECTOR
2025-09-23 22:25:49	3824	2413	0	0	1	2016154	1	1	0	0	19161	59116	0			SUCS	COLLECTOR
2025-09-23 22:25:49	3824	2413	0	0	1	1100408	3	3	0	0	19156	59121	0			SUCS	COLLECTOR
2025-09-23 22:25:49	3824	2413	0	0	1	1100102	2	2	0	0	19159	59114	0			SUCS	COLLECTOR
2025-09-23 22:25:49	3824	2413	0	0	1	1100101	44	44	0	0	19164	59118	0			SUCS	COLLECTOR
2025-09-23 22:25:49	3824	2413	0	0	1	601100409	1	1	0	0	19154	59112	0			SUCS	COLLECTOR
2025-09-23 22:25:49	3824	2413	0	0	1	540006	1	1	0	0	19162	59108	0			SUCS	COLLECTOR
2025-09-23 22:25:49	3824	2413	0	0	1	2016132	1	1	0	0	19161	59111	0			SUCS	COLLECTOR
2025-09-23 22:25:49	3824	2413	0	0	1	2016154	1	1	0	0	19142	59121	0			SUCS	COLLECTOR
2025-09-23 22:25:49	3824	2413	0	0	1	1100408	2	2	0	0	19130	59126	0			SUCS	COLLECTOR
2025-09-23 22:25:49	3824	2413	0	0	1	1100102	4	4	0	0	19137	59123	0			SUCS	COLLECTOR
2025-09-23 22:25:49	3824	2413	0	0	1	1100101	43	43	0	0	19144	59116	0			SUCS	COLLECTOR
2025-09-23 22:25:49	3824	2413	0	0	1	601100409	1	1	0	0	19137	59112	0			SUCS	COLLECTOR
2025-09-23 22:25:49	3824	2413	0	0	1	540053	2	2	0	0	19140	59127	0			SUCS	COLLECTOR
2025-09-23 22:25:49	3824	2413	0	0	1	540052	1	1	0	0	19143	59123	0			SUCS	COLLECTOR
2025-09-23 22:25:49	3824	2413	0	0	1	540019	1	1	0	0	19147	59125	0			SUCS	COLLECTOR
2025-09-23 22:25:49	3824	2413	0	0	1	540011	1	1	0	0	19143	59118	0			SUCS	COLLECTOR
2025-09-23 22:25:49	3824	2413	0	0	1	808707	1	1	0	0	19134	59118	0			SUCS	COLLECTOR
2025-09-23 22:25:49	3824	2413	0	0	1	2016132	1	1	0	0	19141	59115	0			SUCS	COLLECTOR
2025-09-23 22:25:49	3824	2413	0	0	1	2016154	1	1	0	0	19148	59107	0			SUCS	COLLECTOR
2025-09-23 22:25:49	3824	2413	0	0	1	1100408	2	2	0	0	19144	59109	0			SUCS	COLLECTOR
2025-09-23 22:25:49	3824	2413	0	0	1	1100102	5	5	0	0	19154	59108	0			SUCS	COLLECTOR
2025-09-23 22:25:49	3824	2413	0	0	1	1100101	42	42	0	0	19158	59112	0			SUCS	COLLECTOR
2025-09-23 22:25:49	3824	2413	0	0	1	601100409	1	1	0	0	19153	59097	0			SUCS	COLLECTOR
2025-09-23 22:25:49	3824	2413	0	0	1	540200	1	1	0	0	19153	59112	0			SUCS	COLLECTOR
2025-09-23 22:25:49	3824	2413	0	0	1	540052	1	1	0	0	19152	59101	0			SUCS	COLLECTOR
2025-09-23 22:25:49	3824	2413	0	0	1	540011	1	1	0	0	19152	59101	0			SUCS	COLLECTOR
2025-09-23 22:25:49	3824	2413	0	0	1	808407	1	1	0	0	19160	59095	0			SUCS	COLLECTOR
2025-09-23 22:25:49	3824	2413	0	0	1	2016132	1	1	0	0	19152	59097	0			SUCS	COLLECTOR
2025-09-23 22:25:49	3824	2413	0	0	1	2016154	1	1	0	0	19178	59148	0			SUCS	COLLECTOR
2025-09-23 22:25:49	3824	2413	0	0	1	1100408	1	1	0	0	19181	59142	0			SUCS	COLLECTOR
2025-09-23 22:25:49	3824	2413	0	0	1	1100102	3	3	0	0	19179	59138	0			SUCS	COLLECTOR
2025-09-23 22:25:49	3824	2413	0	0	1	1100101	29	29	0	0	19174	59141	0			SUCS	COLLECTOR
2025-09-23 22:25:49	3824	2413	0	0	1	601100409	1	1	0	0	19175	59146	0			SUCS	COLLECTOR
2025-09-23 22:25:49	3824	2413	0	0	1	540201	1	1	0	0	19178	59145	0			SUCS	COLLECTOR
2025-09-23 22:25:49	3824	2413	0	0	1	540009	1	1	0	0	19181	59143	0			SUCS	COLLECTOR
2025-09-23 22:25:49	3824	2413	0	0	1	809307	1	1	0	0	19181	59135	0			SUCS	COLLECTOR
2025-09-23 22:25:49	3824	2413	0	0	1	2016132	1	1	0	0	19184	59147	0			SUCS	COLLECTOR
2025-09-23 22:25:49	3824	2413	0	0	1	2016154	1	1	0	0	19207	59160	0			SUCS	COLLECTOR
2025-09-23 22:25:49	3824	2413	0	0	1	1100408	1	1	0	0	19205	59144	0			SUCS	COLLECTOR
2025-09-23 22:25:49	3824	2413	0	0	1	1100102	3	3	0	0	19198	59146	0			SUCS	COLLECTOR
2025-09-23 22:25:49	3824	2413	0	0	1	1100101	42	42	0	0	19201	59152	0			SUCS	COLLECTOR
2025-09-23 22:25:49	3824	2413	0	0	1	601100409	1	1	0	0	19197	59156	0			SUCS	COLLECTOR
2025-09-23 22:25:49	3824	2413	0	0	1	540200	2	2	0	0	19203	59144	0			SUCS	COLLECTOR
2025-09-23 22:25:49	3824	2413	0	0	1	540013	1	1	0	0	19204	59148	0			SUCS	COLLECTOR
2025-09-23 22:25:49	3824	2413	0	0	1	540009	1	1	0	0	19203	59145	0			SUCS	COLLECTOR
2025-09-23 22:25:49	3824	2413	0	0	1	540006	1	1	0	0	19192	59146	0			SUCS	COLLECTOR
2025-09-23 22:25:49	3824	2413	0	0	1	809307	1	1	0	0	19199	59152	0			SUCS	COLLECTOR
2025-09-23 22:25:49	3824	2413	0	0	1	809007	1	1	0	0	19202	59153	0			SUCS	COLLECTOR
2025-09-23 22:25:49	3824	2413	0	0	1	2016132	1	1	0	0	19203	59152	0			SUCS	COLLECTOR
2025-09-23 22:25:49	3824	2413	0	0	1	2016154	1	1	0	0	19179	59163	0			SUCS	COLLECTOR
2025-09-23 22:25:49	3824	2413	0	0	1	1100408	2	2	0	0	19184	59155	0			SUCS	COLLECTOR
2025-09-23 22:25:49	3824	2413	0	0	1	1100102	1	1	0	0	19182	59164	0			SUCS	COLLECTOR
2025-09-23 22:25:49	3824	2413	0	0	1	1100101	34	34	0	0	19180	59161	0			SUCS	COLLECTOR
2025-09-23 22:25:49	3824	2413	0	0	1	601100409	1	1	0	0	19188	59161	0			SUCS	COLLECTOR
2025-09-23 22:25:49	3824	2413	0	0	1	540065	1	1	0	0	19181	59167	0			SUCS	COLLECTOR
2025-09-23 22:25:49	3824	2413	0	0	1	540006	1	1	0	0	19187	59161	0			SUCS	COLLECTOR
2025-09-23 22:25:49	3824	2413	0	0	1	808407	1	1	0	0	19175	59163	0			SUCS	COLLECTOR
2025-09-23 22:25:49	3824	2413	0	0	1	2016132	1	1	0	0	19183	59154	0			SUCS	COLLECTOR
2025-09-23 22:26:49	11132	104	0	0	0	1	0	694744	93613	760922	0	0	0				
2025-09-23 22:26:49	3824	2413	0	0	1	2016132	1	1	0	0	19129	59587	0			SUCS	COLLECTOR
2025-09-23 22:26:49	3824	2413	0	0	1	540005	1	1	0	0	19128	59599	0			SUCS	COLLECTOR
2025-09-23 22:26:49	3824	2413	0	0	1	540006	1	1	0	0	19128	59588	0			SUCS	COLLECTOR
2025-09-23 22:26:49	3824	2413	0	0	1	540053	1	1	0	0	19117	59588	0			SUCS	COLLECTOR
2025-09-23 22:26:49	3824	2413	0	0	1	540200	1	1	0	0	19131	59595	0			SUCS	COLLECTOR
2025-09-23 22:26:49	3824	2413	0	0	1	540202	1	1	0	0	19123	59596	0			SUCS	COLLECTOR
2025-09-23 22:26:49	3824	2413	0	0	1	601100409	1	1	0	0	19126	59600	0			SUCS	COLLECTOR
2025-09-23 22:26:49	3824	2413	0	0	1	1100101	34	34	0	0	19116	59592	0			SUCS	COLLECTOR
2025-09-23 22:26:49	3824	2413	0	0	1	1100102	4	4	0	0	19131	59597	0			SUCS	COLLECTOR
2025-09-23 22:26:49	3824	2413	0	0	1	1100408	1	1	0	0	19130	59593	0			SUCS	COLLECTOR
2025-09-23 22:26:49	3824	2413	0	0	1	2016154	1	1	0	0	19127	59601	0			SUCS	COLLECTOR
2025-09-23 22:26:49	3824	2413	0	0	1	2016132	1	1	0	0	19114	59589	0			SUCS	COLLECTOR
2025-09-23 22:26:49	3824	2413	0	0	1	540005	1	1	0	0	19130	59592	0			SUCS	COLLECTOR
2025-09-23 22:26:49	3824	2413	0	0	1	540019	1	1	0	0	19113	59585	0			SUCS	COLLECTOR
2025-09-23 22:26:49	3824	2413	0	0	1	601100409	1	1	0	0	19116	59586	0			SUCS	COLLECTOR
2025-09-23 22:26:49	3824	2413	0	0	1	1100101	45	45	0	0	19120	59589	0			SUCS	COLLECTOR
2025-09-23 22:26:49	3824	2413	0	0	1	1100408	1	1	0	0	19117	59602	0			SUCS	COLLECTOR
2025-09-23 22:26:49	3824	2413	0	0	1	2016154	1	1	0	0	19123	59585	0			SUCS	COLLECTOR
2025-09-23 22:26:49	3824	2413	0	0	1	2016132	1	1	0	0	19126	59741	0			SUCS	COLLECTOR
2025-09-23 22:26:49	3824	2413	0	0	1	540019	1	1	0	0	19124	59752	0			SUCS	COLLECTOR
2025-09-23 22:26:49	3824	2413	0	0	1	601100409	1	1	0	0	19123	59757	0			SUCS	COLLECTOR
2025-09-23 22:26:49	3824	2413	0	0	1	1100101	31	31	0	0	19133	59751	0			SUCS	COLLECTOR
2025-09-23 22:26:49	3824	2413	0	0	1	1100102	1	1	0	0	19131	59744	0			SUCS	COLLECTOR
2025-09-23 22:26:49	3824	2413	0	0	1	1100408	2	2	0	0	19126	59750	0			SUCS	COLLECTOR
2025-09-23 22:26:49	3824	2413	0	0	1	2016154	1	1	0	0	19124	59742	0			SUCS	COLLECTOR
2025-09-23 22:26:49	3824	2413	0	0	1	2016132	1	1	0	0	19111	59750	0			SUCS	COLLECTOR
2025-09-23 22:26:49	3824	2413	0	0	1	808107	1	1	0	0	19127	59741	0			SUCS	COLLECTOR
2025-09-23 22:26:49	3824	2413	0	0	1	809907	1	1	0	0	19111	59742	0			SUCS	COLLECTOR
2025-09-23 22:26:49	3824	2413	0	0	1	540019	2	2	0	0	19113	59740	0			SUCS	COLLECTOR
2025-09-23 22:26:49	3824	2413	0	0	1	540061	1	1	0	0	19111	59738	0			SUCS	COLLECTOR
2025-09-23 22:26:49	3824	2413	0	0	1	540200	1	1	0	0	19112	59753	0			SUCS	COLLECTOR
2025-09-23 22:26:49	3824	2413	0	0	1	601100409	1	1	0	0	19122	59747	0			SUCS	COLLECTOR
2025-09-23 22:26:49	3824	2413	0	0	1	1100101	47	47	0	0	19119	59742	0			SUCS	COLLECTOR
2025-09-23 22:26:49	3824	2413	0	0	1	1100102	2	2	0	0	19125	59748	0			SUCS	COLLECTOR
2025-09-23 22:26:49	3824	2413	0	0	1	1100408	1	1	0	0	19111	59748	0			SUCS	COLLECTOR
2025-09-23 22:26:49	3824	2413	0	0	1	2016154	1	1	0	0	19122	59747	0			SUCS	COLLECTOR
2025-09-23 22:26:49	3824	2413	0	0	1	2016132	1	1	0	0	19107	59773	0			SUCS	COLLECTOR
2025-09-23 22:26:49	3824	2413	0	0	1	809007	1	1	0	0	19109	59777	0			SUCS	COLLECTOR
2025-09-23 22:26:49	3824	2413	0	0	1	540002	1	1	0	0	19106	59766	0			SUCS	COLLECTOR
2025-09-23 22:26:49	3824	2413	0	0	1	540019	1	1	0	0	19115	59760	0			SUCS	COLLECTOR
2025-09-23 22:26:49	3824	2413	0	0	1	601100409	1	1	0	0	19110	59772	0			SUCS	COLLECTOR
2025-09-23 22:26:49	3824	2413	0	0	1	1100101	47	47	0	0	19109	59772	0			SUCS	COLLECTOR
2025-09-23 22:26:49	3824	2413	0	0	1	1100102	2	2	0	0	19112	59765	0			SUCS	COLLECTOR
2025-09-23 22:26:49	3824	2413	0	0	1	1100408	2	2	0	0	19112	59760	0			SUCS	COLLECTOR
2025-09-23 22:26:49	3824	2413	0	0	1	2016154	1	1	0	0	19110	59768	0			SUCS	COLLECTOR
2025-09-23 22:26:49	3824	2413	0	0	1	2016132	1	1	0	0	19091	59755	0			SUCS	COLLECTOR
2025-09-23 22:26:49	3824	2413	0	0	1	808107	1	1	0	0	19094	59752	0			SUCS	COLLECTOR
2025-09-23 22:26:49	3824	2413	0	0	1	540005	1	1	0	0	19102	59768	0			SUCS	COLLECTOR
2025-09-23 22:26:49	3824	2413	0	0	1	540011	1	1	0	0	19091	59761	0			SUCS	COLLECTOR
2025-09-23 22:26:49	3824	2413	0	0	1	540019	1	1	0	0	19102	59754	0			SUCS	COLLECTOR
2025-09-23 22:26:49	3824	2413	0	0	1	540079	1	1	0	0	19099	59766	0			SUCS	COLLECTOR
2025-09-23 22:26:49	3824	2413	0	0	1	601100409	1	1	0	0	19100	59762	0			SUCS	COLLECTOR
2025-09-23 22:26:49	3824	2413	0	0	1	1100101	32	32	0	0	19101	59755	0			SUCS	COLLECTOR
2025-09-23 22:26:49	3824	2413	0	0	1	1100102	2	2	0	0	19099	59757	0			SUCS	COLLECTOR
2025-09-23 22:26:49	3824	2413	0	0	1	1100408	3	3	0	0	19096	59759	0			SUCS	COLLECTOR
2025-09-23 22:26:49	3824	2413	0	0	1	2016154	1	1	0	0	19095	59756	0			SUCS	COLLECTOR
2025-09-23 22:26:49	3824	2413	0	0	1	2016132	1	1	0	0	19126	59891	0			SUCS	COLLECTOR
2025-09-23 22:26:49	3824	2413	0	0	1	809607	1	1	0	0	19129	59886	0			SUCS	COLLECTOR
2025-09-23 22:26:49	3824	2413	0	0	1	540011	1	1	0	0	19120	59882	0			SUCS	COLLECTOR
2025-09-23 22:26:49	3824	2413	0	0	1	540057	1	1	0	0	19128	59891	0			SUCS	COLLECTOR
2025-09-23 22:26:49	3824	2413	0	0	1	601100409	1	1	0	0	19125	59881	0			SUCS	COLLECTOR
2025-09-23 22:26:49	3824	2413	0	0	1	1100101	39	39	0	0	19130	59890	0			SUCS	COLLECTOR
2025-09-23 22:26:49	3824	2413	0	0	1	1100102	1	1	0	0	19128	59890	0			SUCS	COLLECTOR
2025-09-23 22:26:49	3824	2413	0	0	1	1100408	2	2	0	0	19117	59896	0			SUCS	COLLECTOR
2025-09-23 22:26:49	3824	2413	0	0	1	2016154	1	1	0	0	19125	59894	0			SUCS	COLLECTOR
2025-09-23 22:26:49	3824	2413	0	0	1	2016132	1	1	0	0	19035	59890	0			SUCS	COLLECTOR
2025-09-23 22:26:49	3824	2413	0	0	1	808407	1	1	0	0	19049	59894	0			SUCS	COLLECTOR
2025-09-23 22:26:49	3824	2413	0	0	1	540005	1	1	0	0	19050	59896	0			SUCS	COLLECTOR
2025-09-23 22:26:49	3824	2413	0	0	1	540065	1	1	0	0	19039	59893	0			SUCS	COLLECTOR
2025-09-23 22:26:49	3824	2413	0	0	1	540200	2	2	0	0	19043	59892	0			SUCS	COLLECTOR
2025-09-23 22:26:49	3824	2413	0	0	1	540201	1	1	0	0	19034	59901	0			SUCS	COLLECTOR
2025-09-23 22:26:49	3824	2413	0	0	1	601100409	1	1	0	0	19034	59898	0			SUCS	COLLECTOR
2025-09-23 22:26:49	3824	2413	0	0	1	1100101	49	49	0	0	19050	59899	0			SUCS	COLLECTOR
2025-09-23 22:26:49	3824	2413	0	0	1	1100408	3	3	0	0	19043	59898	0			SUCS	COLLECTOR
2025-09-23 22:26:49	3824	2413	0	0	1	2016154	1	1	0	0	19035	59888	0			SUCS	COLLECTOR
2025-09-23 22:26:49	3824	2413	0	0	1	2016132	1	1	0	0	19040	59897	0			SUCS	COLLECTOR
2025-09-23 22:26:49	3824	2413	0	0	1	540011	1	1	0	0	19034	59899	0			SUCS	COLLECTOR
2025-09-23 22:26:49	3824	2413	0	0	1	540019	1	1	0	0	19043	59901	0			SUCS	COLLECTOR
2025-09-23 22:26:49	3824	2413	0	0	1	540200	1	1	0	0	19040	59900	0			SUCS	COLLECTOR
2025-09-23 22:26:49	3824	2413	0	0	1	601100409	1	1	0	0	19033	59884	0			SUCS	COLLECTOR
2025-09-23 22:26:49	3824	2413	0	0	1	1100101	42	42	0	0	19046	59892	0			SUCS	COLLECTOR
2025-09-23 22:26:49	3824	2413	0	0	1	1100102	5	5	0	0	19030	59899	0			SUCS	COLLECTOR
2025-09-23 22:26:49	3824	2413	0	0	1	1100408	3	3	0	0	19041	59895	0			SUCS	COLLECTOR
2025-09-23 22:26:49	3824	2413	0	0	1	2016154	1	1	0	0	19043	59886	0			SUCS	COLLECTOR
2025-09-23 22:26:49	3824	2413	0	0	1	2016132	1	1	0	0	19062	59915	0			SUCS	COLLECTOR
2025-09-23 22:26:49	3824	2413	0	0	1	808707	1	1	0	0	19069	59923	0			SUCS	COLLECTOR
2025-09-23 22:26:49	3824	2413	0	0	1	540009	1	1	0	0	19063	59915	0			SUCS	COLLECTOR
2025-09-23 22:26:49	3824	2413	0	0	1	540067	2	2	0	0	19069	59929	0			SUCS	COLLECTOR
2025-09-23 22:26:49	3824	2413	0	0	1	601100409	1	1	0	0	19065	59928	0			SUCS	COLLECTOR
2025-09-23 22:26:49	3824	2413	0	0	1	1100101	33	33	0	0	19067	59914	0			SUCS	COLLECTOR
2025-09-23 22:26:49	3824	2413	0	0	1	1100102	3	3	0	0	19056	59916	0			SUCS	COLLECTOR
2025-09-23 22:26:49	3824	2413	0	0	1	1100408	1	1	0	0	19070	59912	0			SUCS	COLLECTOR
2025-09-23 22:26:49	3824	2413	0	0	1	2016154	1	1	0	0	19066	59926	0			SUCS	COLLECTOR
2025-09-23 22:26:49	3824	2413	0	0	1	2016132	1	1	0	0	19055	59900	0			SUCS	COLLECTOR
2025-09-23 22:26:49	3824	2413	0	0	1	540010	1	1	0	0	19054	59901	0			SUCS	COLLECTOR
2025-09-23 22:26:49	3824	2413	0	0	1	540019	2	2	0	0	19050	59907	0			SUCS	COLLECTOR
2025-09-23 22:26:49	3824	2413	0	0	1	540065	1	1	0	0	19058	59906	0			SUCS	COLLECTOR
2025-09-23 22:26:49	3824	2413	0	0	1	540201	1	1	0	0	19053	59906	0			SUCS	COLLECTOR
2025-09-23 22:26:49	3824	2413	0	0	1	601100409	1	1	0	0	19053	59894	0			SUCS	COLLECTOR
2025-09-23 22:26:49	3824	2413	0	0	1	1100101	46	46	0	0	19053	59906	0			SUCS	COLLECTOR
2025-09-23 22:26:49	3824	2413	0	0	1	1100408	3	3	0	0	19048	59892	0			SUCS	COLLECTOR
2025-09-23 22:26:49	3824	2413	0	0	1	2016154	1	1	0	0	19048	59902	0			SUCS	COLLECTOR
2025-09-23 22:26:49	3824	2413	0	0	1	2016132	1	1	0	0	19067	59922	0			SUCS	COLLECTOR
2025-09-23 22:26:49	3824	2413	0	0	1	808107	1	1	0	0	19074	59914	0			SUCS	COLLECTOR
2025-09-23 22:26:49	3824	2413	0	0	1	540002	3	3	0	0	19075	59921	0			SUCS	COLLECTOR
2025-09-23 22:26:49	3824	2413	0	0	1	540005	1	1	0	0	19073	59923	0			SUCS	COLLECTOR
2025-09-23 22:26:49	3824	2413	0	0	1	540200	1	1	0	0	19069	59912	0			SUCS	COLLECTOR
2025-09-23 22:26:49	3824	2413	0	0	1	601100409	1	1	0	0	19075	59927	0			SUCS	COLLECTOR
2025-09-23 22:26:49	3824	2413	0	0	1	1100101	35	35	0	0	19062	59911	0			SUCS	COLLECTOR
2025-09-23 22:26:49	3824	2413	0	0	1	1100102	4	4	0	0	19070	59925	0			SUCS	COLLECTOR
2025-09-23 22:26:49	3824	2413	0	0	1	1100408	3	3	0	0	19066	59920	0			SUCS	COLLECTOR
2025-09-23 22:26:49	3824	2413	0	0	1	2016154	1	1	0	0	19069	59916	0			SUCS	COLLECTOR
2025-09-23 22:26:49	3824	2413	0	0	1	2016132	1	1	0	0	18965	59928	0			SUCS	COLLECTOR
2025-09-23 22:26:49	3824	2413	0	0	1	540011	1	1	0	0	18968	59940	0			SUCS	COLLECTOR
2025-09-23 22:26:49	3824	2413	0	0	1	540013	1	1	0	0	18966	59938	0			SUCS	COLLECTOR
2025-09-23 22:26:49	3824	2413	0	0	1	540053	1	1	0	0	18966	59936	0			SUCS	COLLECTOR
2025-09-23 22:26:49	3824	2413	0	0	1	540065	1	1	0	0	18964	59937	0			SUCS	COLLECTOR
2025-09-23 22:26:49	3824	2413	0	0	1	540200	1	1	0	0	18967	59939	0			SUCS	COLLECTOR
2025-09-23 22:26:49	3824	2413	0	0	1	601100409	1	1	0	0	18979	59941	0			SUCS	COLLECTOR
2025-09-23 22:26:49	3824	2413	0	0	1	1100101	37	37	0	0	18965	59926	0			SUCS	COLLECTOR
2025-09-23 22:26:49	3824	2413	0	0	1	1100102	2	2	0	0	18969	59937	0			SUCS	COLLECTOR
2025-09-23 22:26:49	3824	2413	0	0	1	1100408	1	1	0	0	18963	59931	0			SUCS	COLLECTOR
2025-09-23 22:26:49	3824	2413	0	0	1	2016154	1	1	0	0	18972	59930	0			SUCS	COLLECTOR
2025-09-23 22:26:49	3824	2413	0	0	1	2016132	1	1	0	0	19227	59998	0			SUCS	COLLECTOR
2025-09-23 22:26:49	3824	2413	0	0	1	809907	1	1	0	0	19223	59994	0			SUCS	COLLECTOR
2025-09-23 22:26:49	3824	2413	0	0	1	540057	1	1	0	0	19226	59988	0			SUCS	COLLECTOR
2025-09-23 22:26:49	3824	2413	0	0	1	540201	1	1	0	0	19230	59993	0			SUCS	COLLECTOR
2025-09-23 22:26:49	3824	2413	0	0	1	601100409	1	1	0	0	19221	59992	0			SUCS	COLLECTOR
2025-09-23 22:26:49	3824	2413	0	0	1	1100101	29	29	0	0	19218	59989	0			SUCS	COLLECTOR
2025-09-23 22:26:49	3824	2413	0	0	1	1100102	1	1	0	0	19215	60001	0			SUCS	COLLECTOR
2025-09-23 22:26:49	3824	2413	0	0	1	1100408	3	3	0	0	19215	59996	0			SUCS	COLLECTOR
2025-09-23 22:26:49	3824	2413	0	0	1	2016154	1	1	0	0	19221	60002	0			SUCS	COLLECTOR
2025-09-23 22:26:49	3824	2413	0	0	1	2016132	1	1	0	0	19255	59914	0			SUCS	COLLECTOR
2025-09-23 22:26:49	3824	2413	0	0	1	808107	1	1	0	0	19250	59916	0			SUCS	COLLECTOR
2025-09-23 22:26:49	3824	2413	0	0	1	540055	1	1	0	0	19252	59917	0			SUCS	COLLECTOR
2025-09-23 22:26:49	3824	2413	0	0	1	540065	1	1	0	0	19248	59917	0			SUCS	COLLECTOR
2025-09-23 22:26:49	3824	2413	0	0	1	540200	1	1	0	0	19262	59921	0			SUCS	COLLECTOR
2025-09-23 22:26:49	3824	2413	0	0	1	601100409	1	1	0	0	19261	59911	0			SUCS	COLLECTOR
2025-09-23 22:26:49	3824	2413	0	0	1	1100101	36	36	0	0	19258	59919	0			SUCS	COLLECTOR
2025-09-23 22:26:49	3824	2413	0	0	1	1100102	2	2	0	0	19259	59916	0			SUCS	COLLECTOR
2025-09-23 22:26:49	3824	2413	0	0	1	1100408	3	3	0	0	19253	59913	0			SUCS	COLLECTOR
2025-09-23 22:26:49	3824	2413	0	0	1	2016154	1	1	0	0	19255	59918	0			SUCS	COLLECTOR
2025-09-23 22:26:49	3824	2413	0	0	1	2016132	1	1	0	0	19263	59792	0			SUCS	COLLECTOR
2025-09-23 22:26:49	3824	2413	0	0	1	809907	1	1	0	0	19264	59792	0			SUCS	COLLECTOR
2025-09-23 22:26:49	3824	2413	0	0	1	2016154	1	1	0	0	19250	59795	0			SUCS	COLLECTOR
2025-09-23 22:26:49	3824	2413	0	0	1	1100408	3	3	0	0	19264	59797	0			SUCS	COLLECTOR
2025-09-23 22:26:49	3824	2413	0	0	1	1100102	1	1	0	0	19252	59795	0			SUCS	COLLECTOR
2025-09-23 22:26:49	3824	2413	0	0	1	1100101	32	32	0	0	19254	59789	0			SUCS	COLLECTOR
2025-09-23 22:26:49	3824	2413	0	0	1	601100409	1	1	0	0	19252	59792	0			SUCS	COLLECTOR
2025-09-23 22:26:49	3824	2413	0	0	1	540200	1	1	0	0	19261	59790	0			SUCS	COLLECTOR
2025-09-23 22:26:49	3824	2413	0	0	1	540019	2	2	0	0	19252	59794	0			SUCS	COLLECTOR
2025-09-23 22:27:34	9676	2711	1	1	0	22000217	80000	24028	61184	23998	61198	1	0	admin	Fraun		
2025-09-23 22:27:49	11132	104	0	0	0	1	1	694812	102084	824074	0	0	0				
2025-09-23 22:27:49	3824	2413	0	0	1	3100036	1	1	0	0	19036	61188	0			SUCS	COLLECTOR
2025-09-23 22:27:49	3824	2413	0	0	1	3100034	1	1	0	0	19023	61181	0			SUCS	COLLECTOR
2025-09-23 22:27:49	3824	2413	0	0	1	1100408	3	3	0	0	19036	61191	0			SUCS	COLLECTOR
2025-09-23 22:27:49	3824	2413	0	0	1	1100102	17	17	0	0	19028	61175	0			SUCS	COLLECTOR
2025-09-23 22:27:49	3824	2413	0	0	1	1100101	415	415	0	0	19036	61190	0			SUCS	COLLECTOR
2025-09-23 22:27:49	3824	2413	0	0	1	601100409	1	1	0	0	19035	61185	0			SUCS	COLLECTOR
2025-09-23 22:27:49	3824	2413	0	0	1	540059	1	1	0	0	19031	61184	0			SUCS	COLLECTOR
2025-09-23 22:27:49	3824	2413	0	0	1	540037	1	1	0	0	19019	61184	0			SUCS	COLLECTOR
2025-09-23 22:27:49	3824	2413	0	0	1	540009	1	1	0	0	19036	61178	0			SUCS	COLLECTOR
2025-09-23 22:27:49	3824	2413	0	0	1	2016132	26	26	0	0	19026	61186	0			SUCS	COLLECTOR
2025-09-23 22:27:49	3824	2413	0	0	1	2016132	1	1	0	0	19224	60638	0			SUCS	COLLECTOR
2025-09-23 22:27:49	3824	2413	0	0	1	3100036	1	1	0	0	19124	61230	0			SUCS	COLLECTOR
2025-09-23 22:27:49	3824	2413	0	0	1	3100035	1	1	0	0	19124	61222	0			SUCS	COLLECTOR
2025-09-23 22:27:49	3824	2413	0	0	1	1100408	6	6	0	0	19120	61222	0			SUCS	COLLECTOR
2025-09-23 22:27:49	3824	2413	0	0	1	1100102	26	26	0	0	19134	61223	0			SUCS	COLLECTOR
2025-09-23 22:27:49	3824	2413	0	0	1	1100101	441	441	0	0	19126	61218	0			SUCS	COLLECTOR
2025-09-23 22:27:49	3824	2413	0	0	1	601100409	1	1	0	0	19132	61231	0			SUCS	COLLECTOR
2025-09-23 22:27:49	3824	2413	0	0	1	540052	1	1	0	0	19119	61226	0			SUCS	COLLECTOR
2025-09-23 22:27:49	3824	2413	0	0	1	540012	3	3	0	0	19123	61226	0			SUCS	COLLECTOR
2025-09-23 22:27:49	3824	2413	0	0	1	540009	1	1	0	0	19120	61225	0			SUCS	COLLECTOR
2025-09-23 22:27:49	3824	2413	0	0	1	809807	1	1	0	0	19136	61217	0			SUCS	COLLECTOR
2025-09-23 22:27:49	3824	2413	0	0	1	2016132	5	5	0	0	19133	61226	0			SUCS	COLLECTOR
2025-09-23 22:27:49	3824	2413	0	0	1	2016154	1	1	0	0	19225	60640	0			SUCS	COLLECTOR
2025-09-23 22:27:49	3824	2413	0	0	1	1100408	2	2	0	0	19235	60650	0			SUCS	COLLECTOR
2025-09-23 22:27:49	3824	2413	0	0	1	1100102	4	4	0	0	19232	60648	0			SUCS	COLLECTOR
2025-09-23 22:27:49	3824	2413	0	0	1	1100101	45	45	0	0	19234	60648	0			SUCS	COLLECTOR
2025-09-23 22:27:49	3824	2413	0	0	1	601100409	1	1	0	0	19235	60645	0			SUCS	COLLECTOR
2025-09-23 22:27:49	3824	2413	0	0	1	540200	2	2	0	0	19228	60648	0			SUCS	COLLECTOR
2025-09-23 22:27:49	3824	2413	0	0	1	540065	1	1	0	0	19220	60638	0			SUCS	COLLECTOR
2025-09-23 22:27:49	3824	2413	0	0	1	2016154	1	1	0	0	19228	60643	0			SUCS	COLLECTOR
2025-09-23 22:27:49	3824	2413	0	0	1	1100408	2	2	0	0	19226	60637	0			SUCS	COLLECTOR
2025-09-23 22:27:49	3824	2413	0	0	1	1100102	2	2	0	0	19226	60642	0			SUCS	COLLECTOR
2025-09-23 22:27:49	3824	2413	0	0	1	1100101	28	28	0	0	19220	60635	0			SUCS	COLLECTOR
2025-09-23 22:27:49	3824	2413	0	0	1	601100409	1	1	0	0	19233	60652	0			SUCS	COLLECTOR
2025-09-23 22:27:49	3824	2413	0	0	1	540067	1	1	0	0	19224	60643	0			SUCS	COLLECTOR
2025-09-23 22:27:49	3824	2413	0	0	1	540052	1	1	0	0	19229	60643	0			SUCS	COLLECTOR
2025-09-23 22:27:49	3824	2413	0	0	1	540018	1	1	0	0	19226	60648	0			SUCS	COLLECTOR
2025-09-23 22:27:49	3824	2413	0	0	1	540005	1	1	0	0	19229	60642	0			SUCS	COLLECTOR
2025-09-23 22:27:49	3824	2413	0	0	1	540002	1	1	0	0	19231	60637	0			SUCS	COLLECTOR
2025-09-23 22:27:49	3824	2413	0	0	1	2016132	1	1	0	0	19227	60645	0			SUCS	COLLECTOR
2025-09-23 22:27:49	3824	2413	0	0	1	2016154	1	1	0	0	19033	60628	0			SUCS	COLLECTOR
2025-09-23 22:27:49	3824	2413	0	0	1	1100408	1	1	0	0	19027	60642	0			SUCS	COLLECTOR
2025-09-23 22:27:49	3824	2413	0	0	1	1100102	1	1	0	0	19036	60636	0			SUCS	COLLECTOR
2025-09-23 22:27:49	3824	2413	0	0	1	1100101	49	49	0	0	19031	60640	0			SUCS	COLLECTOR
2025-09-23 22:27:49	3824	2413	0	0	1	601100409	1	1	0	0	19023	60626	0			SUCS	COLLECTOR
2025-09-23 22:27:49	3824	2413	0	0	1	540201	1	1	0	0	19031	60635	0			SUCS	COLLECTOR
2025-09-23 22:27:49	3824	2413	0	0	1	540067	2	2	0	0	19035	60636	0			SUCS	COLLECTOR
2025-09-23 22:27:49	3824	2413	0	0	1	540057	1	1	0	0	19033	60641	0			SUCS	COLLECTOR
2025-09-23 22:27:49	3824	2413	0	0	1	540011	1	1	0	0	19040	60636	0			SUCS	COLLECTOR
2025-09-23 22:27:49	3824	2413	0	0	1	809307	1	1	0	0	19028	60634	0			SUCS	COLLECTOR
2025-09-23 22:27:49	3824	2413	0	0	1	2016132	1	1	0	0	19028	60633	0			SUCS	COLLECTOR
2025-09-23 22:27:49	3824	2413	0	0	1	2016154	1	1	0	0	19040	60633	0			SUCS	COLLECTOR
2025-09-23 22:27:49	3824	2413	0	0	1	1100408	3	3	0	0	19041	60624	0			SUCS	COLLECTOR
2025-09-23 22:27:49	3824	2413	0	0	1	1100102	4	4	0	0	19038	60632	0			SUCS	COLLECTOR
2025-09-23 22:27:49	3824	2413	0	0	1	1100101	46	46	0	0	19031	60624	0			SUCS	COLLECTOR
2025-09-23 22:27:49	3824	2413	0	0	1	601100409	1	1	0	0	19037	60620	0			SUCS	COLLECTOR
2025-09-23 22:27:49	3824	2413	0	0	1	540201	1	1	0	0	19029	60626	0			SUCS	COLLECTOR
2025-09-23 22:27:49	3824	2413	0	0	1	540079	1	1	0	0	19035	60627	0			SUCS	COLLECTOR
2025-09-23 22:27:49	3824	2413	0	0	1	540057	1	1	0	0	19033	60623	0			SUCS	COLLECTOR
2025-09-23 22:27:49	3824	2413	0	0	1	540005	1	1	0	0	19026	60632	0			SUCS	COLLECTOR
2025-09-23 22:27:49	3824	2413	0	0	1	2016132	1	1	0	0	19041	60620	0			SUCS	COLLECTOR
2025-09-23 22:27:49	3824	2413	0	0	1	2016154	1	1	0	0	19016	60415	0			SUCS	COLLECTOR
2025-09-23 22:27:49	3824	2413	0	0	1	1100408	2	2	0	0	19025	60417	0			SUCS	COLLECTOR
2025-09-23 22:27:49	3824	2413	0	0	1	1100102	1	1	0	0	19010	60409	0			SUCS	COLLECTOR
2025-09-23 22:27:49	3824	2413	0	0	1	1100101	34	34	0	0	19026	60404	0			SUCS	COLLECTOR
2025-09-23 22:27:49	3824	2413	0	0	1	601100409	1	1	0	0	19021	60412	0			SUCS	COLLECTOR
2025-09-23 22:27:49	3824	2413	0	0	1	540012	1	1	0	0	19023	60419	0			SUCS	COLLECTOR
2025-09-23 22:27:49	3824	2413	0	0	1	540011	1	1	0	0	19022	60419	0			SUCS	COLLECTOR
2025-09-23 22:27:49	3824	2413	0	0	1	808407	1	1	0	0	19012	60409	0			SUCS	COLLECTOR
2025-09-23 22:27:49	3824	2413	0	0	1	2016132	1	1	0	0	19024	60410	0			SUCS	COLLECTOR
2025-09-23 22:27:49	3824	2413	0	0	1	2016154	1	1	0	0	19118	60503	0			SUCS	COLLECTOR
2025-09-23 22:27:49	3824	2413	0	0	1	1100408	2	2	0	0	19115	60491	0			SUCS	COLLECTOR
2025-09-23 22:27:49	3824	2413	0	0	1	1100102	1	1	0	0	19114	60497	0			SUCS	COLLECTOR
2025-09-23 22:27:49	3824	2413	0	0	1	1100101	29	29	0	0	19114	60494	0			SUCS	COLLECTOR
2025-09-23 22:27:49	3824	2413	0	0	1	601100409	1	1	0	0	19101	60490	0			SUCS	COLLECTOR
2025-09-23 22:27:49	3824	2413	0	0	1	540057	2	2	0	0	19118	60500	0			SUCS	COLLECTOR
2025-09-23 22:27:49	3824	2413	0	0	1	540018	1	1	0	0	19116	60490	0			SUCS	COLLECTOR
2025-09-23 22:27:49	3824	2413	0	0	1	809907	1	1	0	0	19117	60499	0			SUCS	COLLECTOR
2025-09-23 22:27:49	3824	2413	0	0	1	809607	1	1	0	0	19118	60489	0			SUCS	COLLECTOR
2025-09-23 22:27:49	3824	2413	0	0	1	2016132	1	1	0	0	19116	60492	0			SUCS	COLLECTOR
2025-09-23 22:27:49	3824	2413	0	0	1	2016154	1	1	0	0	19132	60546	0			SUCS	COLLECTOR
2025-09-23 22:27:49	3824	2413	0	0	1	1100408	2	2	0	0	19131	60545	0			SUCS	COLLECTOR
2025-09-23 22:27:49	3824	2413	0	0	1	1100102	1	1	0	0	19135	60541	0			SUCS	COLLECTOR
2025-09-23 22:27:49	3824	2413	0	0	1	1100101	35	35	0	0	19128	60552	0			SUCS	COLLECTOR
2025-09-23 22:27:49	3824	2413	0	0	1	601100409	1	1	0	0	19130	60543	0			SUCS	COLLECTOR
2025-09-23 22:27:49	3824	2413	0	0	1	540067	1	1	0	0	19128	60542	0			SUCS	COLLECTOR
2025-09-23 22:27:49	3824	2413	0	0	1	540053	1	1	0	0	19136	60548	0			SUCS	COLLECTOR
2025-09-23 22:27:49	3824	2413	0	0	1	540011	1	1	0	0	19125	60536	0			SUCS	COLLECTOR
2025-09-23 22:27:49	3824	2413	0	0	1	540002	1	1	0	0	19130	60546	0			SUCS	COLLECTOR
2025-09-23 22:27:49	3824	2413	0	0	1	2016132	1	1	0	0	19131	60542	0			SUCS	COLLECTOR
2025-09-23 22:27:49	3824	2413	0	0	1	2016154	1	1	0	0	19147	60531	0			SUCS	COLLECTOR
2025-09-23 22:27:49	3824	2413	0	0	1	1100408	2	2	0	0	19144	60527	0			SUCS	COLLECTOR
2025-09-23 22:27:49	3824	2413	0	0	1	1100102	3	3	0	0	19156	60525	0			SUCS	COLLECTOR
2025-09-23 22:27:49	3824	2413	0	0	1	1100101	39	39	0	0	19155	60524	0			SUCS	COLLECTOR
2025-09-23 22:27:49	3824	2413	0	0	1	601100409	1	1	0	0	19152	60520	0			SUCS	COLLECTOR
2025-09-23 22:27:49	3824	2413	0	0	1	540202	1	1	0	0	19152	60515	0			SUCS	COLLECTOR
2025-09-23 22:27:49	3824	2413	0	0	1	540201	1	1	0	0	19154	60532	0			SUCS	COLLECTOR
2025-09-23 22:27:49	3824	2413	0	0	1	540053	1	1	0	0	19154	60531	0			SUCS	COLLECTOR
2025-09-23 22:27:49	3824	2413	0	0	1	540052	1	1	0	0	19158	60527	0			SUCS	COLLECTOR
2025-09-23 22:27:49	3824	2413	0	0	1	540012	1	1	0	0	19149	60527	0			SUCS	COLLECTOR
2025-09-23 22:27:49	3824	2413	0	0	1	2016132	1	1	0	0	19155	60531	0			SUCS	COLLECTOR
2025-09-23 22:27:49	3824	2413	0	0	1	2016154	1	1	0	0	19174	60518	0			SUCS	COLLECTOR
2025-09-23 22:27:49	3824	2413	0	0	1	1100408	2	2	0	0	19170	60516	0			SUCS	COLLECTOR
2025-09-23 22:27:49	3824	2413	0	0	1	1100102	1	1	0	0	19169	60512	0			SUCS	COLLECTOR
2025-09-23 22:27:49	3824	2413	0	0	1	1100101	30	30	0	0	19179	60525	0			SUCS	COLLECTOR
2025-09-23 22:27:49	3824	2413	0	0	1	601100409	1	1	0	0	19174	60525	0			SUCS	COLLECTOR
2025-09-23 22:27:49	3824	2413	0	0	1	540011	1	1	0	0	19177	60509	0			SUCS	COLLECTOR
2025-09-23 22:27:49	3824	2413	0	0	1	809607	1	1	0	0	19165	60525	0			SUCS	COLLECTOR
2025-09-23 22:27:49	3824	2413	0	0	1	809307	1	1	0	0	19177	60512	0			SUCS	COLLECTOR
2025-09-23 22:27:49	3824	2413	0	0	1	2016132	1	1	0	0	19173	60518	0			SUCS	COLLECTOR
2025-09-23 22:27:49	3824	2413	0	0	1	2016154	1	1	0	0	19175	60519	0			SUCS	COLLECTOR
2025-09-23 22:27:49	3824	2413	0	0	1	1100408	2	2	0	0	19175	60505	0			SUCS	COLLECTOR
2025-09-23 22:27:49	3824	2413	0	0	1	1100102	1	1	0	0	19182	60515	0			SUCS	COLLECTOR
2025-09-23 22:27:49	3824	2413	0	0	1	1100101	30	30	0	0	19169	60517	0			SUCS	COLLECTOR
2025-09-23 22:27:49	3824	2413	0	0	1	601100409	1	1	0	0	19180	60512	0			SUCS	COLLECTOR
2025-09-23 22:27:49	3824	2413	0	0	1	540200	1	1	0	0	19182	60506	0			SUCS	COLLECTOR
2025-09-23 22:27:49	3824	2413	0	0	1	540009	1	1	0	0	19185	60522	0			SUCS	COLLECTOR
2025-09-23 22:27:49	3824	2413	0	0	1	809307	2	2	0	0	19174	60514	0			SUCS	COLLECTOR
2025-09-23 22:27:49	3824	2413	0	0	1	2016132	1	1	0	0	19169	60509	0			SUCS	COLLECTOR
2025-09-23 22:27:49	3824	2413	0	0	1	2016154	1	1	0	0	19178	60482	0			SUCS	COLLECTOR
2025-09-23 22:27:49	3824	2413	0	0	1	1100408	2	2	0	0	19178	60472	0			SUCS	COLLECTOR
2025-09-23 22:27:49	3824	2413	0	0	1	1100102	1	1	0	0	19193	60470	0			SUCS	COLLECTOR
2025-09-23 22:27:49	3824	2413	0	0	1	1100101	34	34	0	0	19189	60476	0			SUCS	COLLECTOR
2025-09-23 22:27:49	3824	2413	0	0	1	601100409	1	1	0	0	19191	60484	0			SUCS	COLLECTOR
2025-09-23 22:27:49	3824	2413	0	0	1	540202	1	1	0	0	19193	60483	0			SUCS	COLLECTOR
2025-09-23 22:27:49	3824	2413	0	0	1	540076	1	1	0	0	19180	60485	0			SUCS	COLLECTOR
2025-09-23 22:27:49	3824	2413	0	0	1	540067	1	1	0	0	19189	60475	0			SUCS	COLLECTOR
2025-09-23 22:27:49	3824	2413	0	0	1	540065	1	1	0	0	19187	60473	0			SUCS	COLLECTOR
2025-09-23 22:27:49	3824	2413	0	0	1	540019	1	1	0	0	19177	60476	0			SUCS	COLLECTOR
2025-09-23 22:27:49	3824	2413	0	0	1	2016132	1	1	0	0	19191	60473	0			SUCS	COLLECTOR
2025-09-23 22:27:49	3824	2413	0	0	1	2016154	1	1	0	0	19165	60407	0			SUCS	COLLECTOR
2025-09-23 22:27:49	3824	2413	0	0	1	1100408	2	2	0	0	19166	60405	0			SUCS	COLLECTOR
2025-09-23 22:27:49	3824	2413	0	0	1	1100102	3	3	0	0	19171	60396	0			SUCS	COLLECTOR
2025-09-23 22:27:49	3824	2413	0	0	1	1100101	39	39	0	0	19177	60392	0			SUCS	COLLECTOR
2025-09-23 22:27:49	3824	2413	0	0	1	601100409	1	1	0	0	19165	60404	0			SUCS	COLLECTOR
2025-09-23 22:27:49	3824	2413	0	0	1	540012	1	1	0	0	19175	60404	0			SUCS	COLLECTOR
2025-09-23 22:27:49	3824	2413	0	0	1	540005	1	1	0	0	19165	60404	0			SUCS	COLLECTOR
2025-09-23 22:27:49	3824	2413	0	0	1	2016132	1	1	0	0	19180	60406	0			SUCS	COLLECTOR
2025-09-23 22:27:49	3824	2413	0	0	1	2016154	1	1	0	0	19195	60403	0			SUCS	COLLECTOR
2025-09-23 22:27:49	3824	2413	0	0	1	1100408	2	2	0	0	19198	60410	0			SUCS	COLLECTOR
2025-09-23 22:27:49	3824	2413	0	0	1	1100102	2	2	0	0	19188	60397	0			SUCS	COLLECTOR
2025-09-23 22:27:49	3824	2413	0	0	1	1100101	30	30	0	0	19192	60401	0			SUCS	COLLECTOR
2025-09-23 22:27:49	3824	2413	0	0	1	601100409	1	1	0	0	19185	60408	0			SUCS	COLLECTOR
2025-09-23 22:27:49	3824	2413	0	0	1	540052	2	2	0	0	19195	60398	0			SUCS	COLLECTOR
2025-09-23 22:27:49	3824	2413	0	0	1	540018	1	1	0	0	19200	60405	0			SUCS	COLLECTOR
2025-09-23 22:27:49	3824	2413	0	0	1	809907	1	1	0	0	19187	60407	0			SUCS	COLLECTOR
2025-09-23 22:27:49	3824	2413	0	0	1	2016132	1	1	0	0	19192	60401	0			SUCS	COLLECTOR
2025-09-23 22:27:49	3824	2413	0	0	1	2016154	1	1	0	0	19133	60407	0			SUCS	COLLECTOR
2025-09-23 22:27:49	3824	2413	0	0	1	1100408	2	2	0	0	19124	60394	0			SUCS	COLLECTOR
2025-09-23 22:27:49	3824	2413	0	0	1	1100102	2	2	0	0	19123	60406	0			SUCS	COLLECTOR
2025-09-23 22:27:49	3824	2413	0	0	1	1100101	39	39	0	0	19135	60399	0			SUCS	COLLECTOR
2025-09-23 22:27:49	3824	2413	0	0	1	601100409	1	1	0	0	19123	60404	0			SUCS	COLLECTOR
2025-09-23 22:27:49	3824	2413	0	0	1	540200	2	2	0	0	19134	60401	0			SUCS	COLLECTOR
2025-09-23 22:27:49	3824	2413	0	0	1	540002	1	1	0	0	19125	60392	0			SUCS	COLLECTOR
2025-09-23 22:27:49	3824	2413	0	0	1	808407	1	1	0	0	19130	60407	0			SUCS	COLLECTOR
2025-09-23 22:27:49	3824	2413	0	0	1	2016132	1	1	0	0	19121	60395	0			SUCS	COLLECTOR
2025-09-23 22:27:49	3824	2413	0	0	1	2016154	1	1	0	0	19174	60399	0			SUCS	COLLECTOR
2025-09-23 22:27:49	3824	2413	0	0	1	1100408	3	3	0	0	19176	60400	0			SUCS	COLLECTOR
2025-09-23 22:27:49	3824	2413	0	0	1	1100102	2	2	0	0	19166	60401	0			SUCS	COLLECTOR
2025-09-23 22:27:49	3824	2413	0	0	1	1100101	46	46	0	0	19173	60392	0			SUCS	COLLECTOR
2025-09-23 22:27:49	3824	2413	0	0	1	601100409	1	1	0	0	19177	60405	0			SUCS	COLLECTOR
2025-09-23 22:27:49	3824	2413	0	0	1	540200	1	1	0	0	19170	60405	0			SUCS	COLLECTOR
2025-09-23 22:27:49	3824	2413	0	0	1	540006	1	1	0	0	19177	60403	0			SUCS	COLLECTOR
2025-09-23 22:27:49	3824	2413	0	0	1	2016132	1	1	0	0	19168	60404	0			SUCS	COLLECTOR
2025-09-23 22:27:49	3824	2413	0	0	1	2016154	1	1	0	0	19183	60387	0			SUCS	COLLECTOR
2025-09-23 22:27:49	3824	2413	0	0	1	1100408	2	2	0	0	19198	60396	0			SUCS	COLLECTOR
2025-09-23 22:27:49	3824	2413	0	0	1	1100102	1	1	0	0	19196	60401	0			SUCS	COLLECTOR
2025-09-23 22:27:49	3824	2413	0	0	1	1100101	36	36	0	0	19190	60403	0			SUCS	COLLECTOR
2025-09-23 22:27:49	3824	2413	0	0	1	601100409	1	1	0	0	19192	60401	0			SUCS	COLLECTOR
2025-09-23 22:27:49	3824	2413	0	0	1	540201	1	1	0	0	19189	60395	0			SUCS	COLLECTOR
2025-09-23 22:27:49	3824	2413	0	0	1	540005	1	1	0	0	19192	60395	0			SUCS	COLLECTOR
2025-09-23 22:27:49	3824	2413	0	0	1	2016132	1	1	0	0	19191	60397	0			SUCS	COLLECTOR
2025-09-23 22:28:49	11132	104	0	0	0	1	0	694812	103170	824668	0	0	0				
2025-09-23 22:28:49	3824	2413	0	0	1	2016154	1	1	0	0	21142	61236	0			SUCS	COLLECTOR
2025-09-23 22:28:49	3824	2413	0	0	1	1100408	3	3	0	0	21129	61252	0			SUCS	COLLECTOR
2025-09-23 22:28:49	3824	2413	0	0	1	1100102	1	1	0	0	21138	61251	0			SUCS	COLLECTOR
2025-09-23 22:28:49	3824	2413	0	0	1	1100101	34	34	0	0	21146	61241	0			SUCS	COLLECTOR
2025-09-23 22:28:49	3824	2413	0	0	1	601100409	1	1	0	0	21133	61235	0			SUCS	COLLECTOR
2025-09-23 22:28:49	3824	2413	0	0	1	540057	1	1	0	0	21144	61235	0			SUCS	COLLECTOR
2025-09-23 22:28:49	3824	2413	0	0	1	808107	1	1	0	0	21132	61238	0			SUCS	COLLECTOR
2025-09-23 22:28:49	3824	2413	0	0	1	2016132	1	1	0	0	21133	61249	0			SUCS	COLLECTOR
2025-09-23 22:28:49	3824	2413	0	0	1	2016154	1	1	0	0	21246	61269	0			SUCS	COLLECTOR
2025-09-23 22:28:49	3824	2413	0	0	1	1100408	2	2	0	0	21240	61284	0			SUCS	COLLECTOR
2025-09-23 22:28:49	3824	2413	0	0	1	1100102	3	3	0	0	21241	61276	0			SUCS	COLLECTOR
2025-09-23 22:28:49	3824	2413	0	0	1	1100101	27	27	0	0	21239	61279	0			SUCS	COLLECTOR
2025-09-23 22:28:49	3824	2413	0	0	1	601100409	1	1	0	0	21236	61269	0			SUCS	COLLECTOR
2025-09-23 22:28:49	3824	2413	0	0	1	540057	1	1	0	0	21232	61276	0			SUCS	COLLECTOR
2025-09-23 22:28:49	3824	2413	0	0	1	540053	1	1	0	0	21231	61280	0			SUCS	COLLECTOR
2025-09-23 22:28:49	3824	2413	0	0	1	809607	1	1	0	0	21237	61279	0			SUCS	COLLECTOR
2025-09-23 22:28:49	3824	2413	0	0	1	2016132	1	1	0	0	21247	61267	0			SUCS	COLLECTOR
2025-09-23 22:28:49	3824	2413	0	0	1	2016154	1	1	0	0	21188	61244	0			SUCS	COLLECTOR
2025-09-23 22:28:49	3824	2413	0	0	1	1100408	2	2	0	0	21201	61253	0			SUCS	COLLECTOR
2025-09-23 22:28:49	3824	2413	0	0	1	1100102	1	1	0	0	21193	61255	0			SUCS	COLLECTOR
2025-09-23 22:28:49	3824	2413	0	0	1	1100101	37	37	0	0	21191	61251	0			SUCS	COLLECTOR
2025-09-23 22:28:49	3824	2413	0	0	1	601100409	1	1	0	0	21202	61251	0			SUCS	COLLECTOR
2025-09-23 22:28:49	3824	2413	0	0	1	540202	1	1	0	0	21200	61252	0			SUCS	COLLECTOR
2025-09-23 22:28:49	3824	2413	0	0	1	540057	1	1	0	0	21201	61240	0			SUCS	COLLECTOR
2025-09-23 22:28:49	3824	2413	0	0	1	540009	1	1	0	0	21188	61256	0			SUCS	COLLECTOR
2025-09-23 22:28:49	3824	2413	0	0	1	2016132	1	1	0	0	21202	61246	0			SUCS	COLLECTOR
2025-09-23 22:28:49	3824	2413	0	0	1	2016154	1	1	0	0	21210	61140	0			SUCS	COLLECTOR
2025-09-23 22:28:49	3824	2413	0	0	1	1100408	3	3	0	0	21216	61138	0			SUCS	COLLECTOR
2025-09-23 22:28:49	3824	2413	0	0	1	1100102	2	2	0	0	21214	61146	0			SUCS	COLLECTOR
2025-09-23 22:28:49	3824	2413	0	0	1	1100101	28	28	0	0	21203	61148	0			SUCS	COLLECTOR
2025-09-23 22:28:49	3824	2413	0	0	1	601100409	1	1	0	0	21200	61135	0			SUCS	COLLECTOR
2025-09-23 22:28:49	3824	2413	0	0	1	540057	1	1	0	0	21200	61140	0			SUCS	COLLECTOR
2025-09-23 22:28:49	3824	2413	0	0	1	808107	1	1	0	0	21199	61137	0			SUCS	COLLECTOR
2025-09-23 22:28:49	3824	2413	0	0	1	2016132	1	1	0	0	21206	61143	0			SUCS	COLLECTOR
2025-09-23 22:28:49	3824	2413	0	0	1	2016154	1	1	0	0	21207	61150	0			SUCS	COLLECTOR
2025-09-23 22:28:49	3824	2413	0	0	1	1100408	2	2	0	0	21196	61159	0			SUCS	COLLECTOR
2025-09-23 22:28:49	3824	2413	0	0	1	1100102	1	1	0	0	21209	61159	0			SUCS	COLLECTOR
2025-09-23 22:28:49	3824	2413	0	0	1	1100101	29	29	0	0	21210	61156	0			SUCS	COLLECTOR
2025-09-23 22:28:49	3824	2413	0	0	1	601100409	1	1	0	0	21209	61153	0			SUCS	COLLECTOR
2025-09-23 22:28:49	3824	2413	0	0	1	540052	1	1	0	0	21200	61143	0			SUCS	COLLECTOR
2025-09-23 22:28:49	3824	2413	0	0	1	540019	1	1	0	0	21211	61152	0			SUCS	COLLECTOR
2025-09-23 22:28:49	3824	2413	0	0	1	540011	1	1	0	0	21197	61154	0			SUCS	COLLECTOR
2025-09-23 22:28:49	3824	2413	0	0	1	2016132	1	1	0	0	21213	61159	0			SUCS	COLLECTOR
2025-09-23 22:28:49	3824	2413	0	0	1	2016154	1	1	0	0	21209	61136	0			SUCS	COLLECTOR
2025-09-23 22:28:49	3824	2413	0	0	1	1100408	1	1	0	0	21201	61139	0			SUCS	COLLECTOR
2025-09-23 22:28:49	3824	2413	0	0	1	1100102	1	1	0	0	21210	61146	0			SUCS	COLLECTOR
2025-09-23 22:28:49	3824	2413	0	0	1	1100101	49	49	0	0	21201	61148	0			SUCS	COLLECTOR
2025-09-23 22:28:49	3824	2413	0	0	1	601100409	1	1	0	0	21197	61138	0			SUCS	COLLECTOR
2025-09-23 22:28:49	3824	2413	0	0	1	540079	1	1	0	0	21201	61140	0			SUCS	COLLECTOR
2025-09-23 22:28:49	3824	2413	0	0	1	540053	1	1	0	0	21210	61136	0			SUCS	COLLECTOR
2025-09-23 22:28:49	3824	2413	0	0	1	540006	1	1	0	0	21197	61141	0			SUCS	COLLECTOR
2025-09-23 22:28:49	3824	2413	0	0	1	2016132	1	1	0	0	21199	61136	0			SUCS	COLLECTOR
2025-09-23 22:28:49	3824	2413	0	0	1	2016154	1	1	0	0	21184	61099	0			SUCS	COLLECTOR
2025-09-23 22:28:49	3824	2413	0	0	1	1100408	3	3	0	0	21194	61097	0			SUCS	COLLECTOR
2025-09-23 22:28:49	3824	2413	0	0	1	1100102	2	2	0	0	21185	61110	0			SUCS	COLLECTOR
2025-09-23 22:28:49	3824	2413	0	0	1	1100101	35	35	0	0	21184	61109	0			SUCS	COLLECTOR
2025-09-23 22:28:49	3824	2413	0	0	1	601100409	1	1	0	0	21188	61095	0			SUCS	COLLECTOR
2025-09-23 22:28:49	3824	2413	0	0	1	540202	1	1	0	0	21190	61102	0			SUCS	COLLECTOR
2025-09-23 22:28:49	3824	2413	0	0	1	540201	1	1	0	0	21191	61095	0			SUCS	COLLECTOR
2025-09-23 22:28:49	3824	2413	0	0	1	540200	2	2	0	0	21199	61097	0			SUCS	COLLECTOR
2025-09-23 22:28:49	3824	2413	0	0	1	540002	1	1	0	0	21188	61102	0			SUCS	COLLECTOR
2025-09-23 22:28:49	3824	2413	0	0	1	809607	1	1	0	0	21201	61095	0			SUCS	COLLECTOR
2025-09-23 22:28:49	3824	2413	0	0	1	2016132	1	1	0	0	21198	61100	0			SUCS	COLLECTOR
2025-09-23 22:28:49	3824	2413	0	0	1	2016154	1	1	0	0	21222	61131	0			SUCS	COLLECTOR
2025-09-23 22:28:49	3824	2413	0	0	1	1100408	2	2	0	0	21222	61136	0			SUCS	COLLECTOR
2025-09-23 22:28:49	3824	2413	0	0	1	1100102	2	2	0	0	21219	61140	0			SUCS	COLLECTOR
2025-09-23 22:28:49	3824	2413	0	0	1	1100101	28	28	0	0	21217	61144	0			SUCS	COLLECTOR
2025-09-23 22:28:49	3824	2413	0	0	1	601100409	1	1	0	0	21212	61137	0			SUCS	COLLECTOR
2025-09-23 22:28:49	3824	2413	0	0	1	540201	1	1	0	0	21217	61130	0			SUCS	COLLECTOR
2025-09-23 22:28:49	3824	2413	0	0	1	540200	1	1	0	0	21213	61134	0			SUCS	COLLECTOR
2025-09-23 22:28:49	3824	2413	0	0	1	540053	1	1	0	0	21222	61131	0			SUCS	COLLECTOR
2025-09-23 22:28:49	3824	2413	0	0	1	540011	1	1	0	0	21227	61137	0			SUCS	COLLECTOR
2025-09-23 22:28:49	3824	2413	0	0	1	2016132	1	1	0	0	21228	61146	0			SUCS	COLLECTOR
2025-09-23 22:28:49	3824	2413	0	0	1	2016154	1	1	0	0	21216	61115	0			SUCS	COLLECTOR
2025-09-23 22:28:49	3824	2413	0	0	1	1100408	2	2	0	0	21207	61118	0			SUCS	COLLECTOR
2025-09-23 22:28:49	3824	2413	0	0	1	1100102	2	2	0	0	21217	61124	0			SUCS	COLLECTOR
2025-09-23 22:28:49	3824	2413	0	0	1	1100101	30	30	0	0	21214	61122	0			SUCS	COLLECTOR
2025-09-23 22:28:49	3824	2413	0	0	1	601100409	1	1	0	0	21223	61114	0			SUCS	COLLECTOR
2025-09-23 22:28:49	3824	2413	0	0	1	540065	1	1	0	0	21214	61121	0			SUCS	COLLECTOR
2025-09-23 22:28:49	3824	2413	0	0	1	540002	1	1	0	0	21207	61119	0			SUCS	COLLECTOR
2025-09-23 22:28:49	3824	2413	0	0	1	809907	1	1	0	0	21222	61124	0			SUCS	COLLECTOR
2025-09-23 22:28:49	3824	2413	0	0	1	2016132	1	1	0	0	21208	61112	0			SUCS	COLLECTOR
2025-09-23 22:28:49	3824	2413	0	0	1	2016154	1	1	0	0	21184	61066	0			SUCS	COLLECTOR
2025-09-23 22:28:49	3824	2413	0	0	1	1100408	2	2	0	0	21170	61072	0			SUCS	COLLECTOR
2025-09-23 22:28:49	3824	2413	0	0	1	1100102	3	3	0	0	21173	61072	0			SUCS	COLLECTOR
2025-09-23 22:28:49	3824	2413	0	0	1	1100101	47	47	0	0	21182	61078	0			SUCS	COLLECTOR
2025-09-23 22:28:49	3824	2413	0	0	1	601100409	1	1	0	0	21186	61068	0			SUCS	COLLECTOR
2025-09-23 22:28:49	3824	2413	0	0	1	540006	1	1	0	0	21181	61074	0			SUCS	COLLECTOR
2025-09-23 22:28:49	3824	2413	0	0	1	540002	1	1	0	0	21186	61068	0			SUCS	COLLECTOR
2025-09-23 22:28:49	3824	2413	0	0	1	2016132	1	1	0	0	21170	61082	0			SUCS	COLLECTOR
2025-09-23 22:28:49	3824	2413	0	0	1	2016154	1	1	0	0	21155	61101	0			SUCS	COLLECTOR
2025-09-23 22:28:49	3824	2413	0	0	1	1100408	1	1	0	0	21162	61105	0			SUCS	COLLECTOR
2025-09-23 22:28:49	3824	2413	0	0	1	1100102	1	1	0	0	21154	61109	0			SUCS	COLLECTOR
2025-09-23 22:28:49	3824	2413	0	0	1	1100101	32	32	0	0	21161	61105	0			SUCS	COLLECTOR
2025-09-23 22:28:49	3824	2413	0	0	1	601100409	1	1	0	0	21150	61110	0			SUCS	COLLECTOR
2025-09-23 22:28:49	3824	2413	0	0	1	540067	1	1	0	0	21151	61105	0			SUCS	COLLECTOR
2025-09-23 22:28:49	3824	2413	0	0	1	2016132	1	1	0	0	21155	61094	0			SUCS	COLLECTOR
2025-09-23 22:28:49	3824	2413	0	0	1	2016154	1	1	0	0	21170	61117	0			SUCS	COLLECTOR
2025-09-23 22:28:49	3824	2413	0	0	1	1100408	3	3	0	0	21162	61122	0			SUCS	COLLECTOR
2025-09-23 22:28:49	3824	2413	0	0	1	1100102	2	2	0	0	21175	61128	0			SUCS	COLLECTOR
2025-09-23 22:28:49	3824	2413	0	0	1	1100101	44	44	0	0	21174	61117	0			SUCS	COLLECTOR
2025-09-23 22:28:49	3824	2413	0	0	1	601100409	1	1	0	0	21159	61124	0			SUCS	COLLECTOR
2025-09-23 22:28:49	3824	2413	0	0	1	540200	1	1	0	0	21167	61119	0			SUCS	COLLECTOR
2025-09-23 22:28:49	3824	2413	0	0	1	540019	1	1	0	0	21159	61126	0			SUCS	COLLECTOR
2025-09-23 22:28:49	3824	2413	0	0	1	809607	1	1	0	0	21175	61119	0			SUCS	COLLECTOR
2025-09-23 22:28:49	3824	2413	0	0	1	809007	1	1	0	0	21168	61111	0			SUCS	COLLECTOR
2025-09-23 22:28:49	3824	2413	0	0	1	2016132	1	1	0	0	21161	61122	0			SUCS	COLLECTOR
2025-09-23 22:28:49	3824	2413	0	0	1	2016154	1	1	0	0	21160	61109	0			SUCS	COLLECTOR
2025-09-23 22:28:49	3824	2413	0	0	1	1100408	2	2	0	0	21163	61109	0			SUCS	COLLECTOR
2025-09-23 22:28:49	3824	2413	0	0	1	1100102	1	1	0	0	21154	61106	0			SUCS	COLLECTOR
2025-09-23 22:28:49	3824	2413	0	0	1	1100101	35	35	0	0	21152	61098	0			SUCS	COLLECTOR
2025-09-23 22:28:49	3824	2413	0	0	1	601100409	1	1	0	0	21163	61105	0			SUCS	COLLECTOR
2025-09-23 22:28:49	3824	2413	0	0	1	540200	1	1	0	0	21147	61095	0			SUCS	COLLECTOR
2025-09-23 22:28:49	3824	2413	0	0	1	540065	1	1	0	0	21164	61095	0			SUCS	COLLECTOR
2025-09-23 22:28:49	3824	2413	0	0	1	809007	1	1	0	0	21160	61101	0			SUCS	COLLECTOR
2025-09-23 22:28:49	3824	2413	0	0	1	2016132	1	1	0	0	21157	61105	0			SUCS	COLLECTOR
2025-09-23 22:28:49	3824	2413	0	0	1	2016154	1	1	0	0	21129	61123	0			SUCS	COLLECTOR
2025-09-23 22:28:49	3824	2413	0	0	1	1100408	3	3	0	0	21132	61125	0			SUCS	COLLECTOR
2025-09-23 22:28:49	3824	2413	0	0	1	1100102	3	3	0	0	21146	61115	0			SUCS	COLLECTOR
2025-09-23 22:28:49	3824	2413	0	0	1	1100101	47	47	0	0	21143	61125	0			SUCS	COLLECTOR
2025-09-23 22:28:49	3824	2413	0	0	1	601100409	1	1	0	0	21135	61130	0			SUCS	COLLECTOR
2025-09-23 22:28:49	3824	2413	0	0	1	540201	1	1	0	0	21131	61127	0			SUCS	COLLECTOR
2025-09-23 22:28:49	3824	2413	0	0	1	540200	1	1	0	0	21141	61125	0			SUCS	COLLECTOR
2025-09-23 22:28:49	3824	2413	0	0	1	540067	1	1	0	0	21141	61128	0			SUCS	COLLECTOR
2025-09-23 22:28:49	3824	2413	0	0	1	540059	1	1	0	0	21135	61119	0			SUCS	COLLECTOR
2025-09-23 22:28:49	3824	2413	0	0	1	540009	1	1	0	0	21133	61129	0			SUCS	COLLECTOR
2025-09-23 22:28:49	3824	2413	0	0	1	809007	1	1	0	0	21134	61125	0			SUCS	COLLECTOR
2025-09-23 22:28:49	3824	2413	0	0	1	808407	1	1	0	0	21144	61122	0			SUCS	COLLECTOR
2025-09-23 22:28:49	3824	2413	0	0	1	2016132	1	1	0	0	21146	61117	0			SUCS	COLLECTOR
2025-09-23 22:28:49	3824	2413	0	0	1	2016154	1	1	0	0	21097	61206	0			SUCS	COLLECTOR
2025-09-23 22:28:49	3824	2413	0	0	1	1100408	2	2	0	0	21089	61204	0			SUCS	COLLECTOR
2025-09-23 22:28:49	3824	2413	0	0	1	1100102	3	3	0	0	21090	61203	0			SUCS	COLLECTOR
2025-09-23 22:28:49	3824	2413	0	0	1	1100101	39	39	0	0	21101	61205	0			SUCS	COLLECTOR
2025-09-23 22:28:49	3824	2413	0	0	1	601100409	1	1	0	0	21095	61195	0			SUCS	COLLECTOR
2025-09-23 22:28:49	3824	2413	0	0	1	540005	1	1	0	0	21095	61203	0			SUCS	COLLECTOR
2025-09-23 22:28:49	3824	2413	0	0	1	2016132	1	1	0	0	21102	61200	0			SUCS	COLLECTOR
2025-09-23 22:28:49	3824	2413	0	0	1	2016154	1	1	0	0	21096	61178	0			SUCS	COLLECTOR
2025-09-23 22:28:49	3824	2413	0	0	1	1100408	2	2	0	0	21080	61172	0			SUCS	COLLECTOR
2025-09-23 22:28:49	3824	2413	0	0	1	1100102	2	2	0	0	21083	61182	0			SUCS	COLLECTOR
2025-09-23 22:28:49	3824	2413	0	0	1	1100101	40	40	0	0	21093	61173	0			SUCS	COLLECTOR
2025-09-23 22:28:49	3824	2413	0	0	1	601100409	1	1	0	0	21079	61176	0			SUCS	COLLECTOR
2025-09-23 22:28:49	3824	2413	0	0	1	540201	1	1	0	0	21087	61176	0			SUCS	COLLECTOR
2025-09-23 22:28:49	3824	2413	0	0	1	540065	1	1	0	0	21092	61171	0			SUCS	COLLECTOR
2025-09-23 22:28:49	3824	2413	0	0	1	540053	1	1	0	0	21079	61181	0			SUCS	COLLECTOR
2025-09-23 22:28:49	3824	2413	0	0	1	540052	1	1	0	0	21085	61187	0			SUCS	COLLECTOR
2025-09-23 22:28:49	3824	2413	0	0	1	540019	1	1	0	0	21083	61176	0			SUCS	COLLECTOR
2025-09-23 22:28:49	3824	2413	0	0	1	2016132	1	1	0	0	21081	61180	0			SUCS	COLLECTOR
2025-09-23 22:29:49	11132	104	0	0	0	1	0	694812	105289	831536	0	0	0				
2025-09-23 22:30:49	11132	104	0	0	0	1	1	694812	106915	836183	0	0	0				
2025-09-23 22:31:49	11132	104	0	0	0	1	0	694824	110282	852097	0	0	0				
2025-09-23 22:31:49	3824	2413	0	0	1	540200	1	1	0	0	22962	61171	0			SUCS	COLLECTOR
2025-09-23 22:31:49	3824	2413	0	0	1	540052	1	1	0	0	22954	61178	0			SUCS	COLLECTOR
2025-09-23 22:31:49	3824	2413	0	0	1	2016132	1	1	0	0	22960	61177	0			SUCS	COLLECTOR
2025-09-23 22:31:49	3824	2413	0	0	1	2016154	1	1	0	0	22234	61334	0			SUCS	COLLECTOR
2025-09-23 22:31:49	3824	2413	0	0	1	1100408	1	1	0	0	22239	61326	0			SUCS	COLLECTOR
2025-09-23 22:31:49	3824	2413	0	0	1	1100102	2	2	0	0	22232	61323	0			SUCS	COLLECTOR
2025-09-23 22:31:49	3824	2413	0	0	1	1100101	37	37	0	0	22238	61336	0			SUCS	COLLECTOR
2025-09-23 22:31:49	3824	2413	0	0	1	601100409	1	1	0	0	22246	61324	0			SUCS	COLLECTOR
2025-09-23 22:31:49	3824	2413	0	0	1	540202	1	1	0	0	22241	61330	0			SUCS	COLLECTOR
2025-09-23 22:31:49	3824	2413	0	0	1	540201	1	1	0	0	22236	61326	0			SUCS	COLLECTOR
2025-09-23 22:31:49	3824	2413	0	0	1	540059	1	1	0	0	22237	61333	0			SUCS	COLLECTOR
2025-09-23 22:31:49	3824	2413	0	0	1	540006	1	1	0	0	22235	61324	0			SUCS	COLLECTOR
2025-09-23 22:31:49	3824	2413	0	0	1	2016132	1	1	0	0	22245	61325	0			SUCS	COLLECTOR
2025-09-23 22:31:49	3824	2413	0	0	1	2016154	1	1	0	0	22154	61092	0			SUCS	COLLECTOR
2025-09-23 22:31:49	3824	2413	0	0	1	1100408	1	1	0	0	22145	61080	0			SUCS	COLLECTOR
2025-09-23 22:31:49	3824	2413	0	0	1	1100102	4	4	0	0	22153	61090	0			SUCS	COLLECTOR
2025-09-23 22:31:49	3824	2413	0	0	1	1100101	46	46	0	0	22153	61083	0			SUCS	COLLECTOR
2025-09-23 22:31:49	3824	2413	0	0	1	601100409	1	1	0	0	22156	61085	0			SUCS	COLLECTOR
2025-09-23 22:31:49	3824	2413	0	0	1	540200	1	1	0	0	22152	61086	0			SUCS	COLLECTOR
2025-09-23 22:31:49	3824	2413	0	0	1	540053	2	2	0	0	22140	61090	0			SUCS	COLLECTOR
2025-09-23 22:31:49	3824	2413	0	0	1	540010	1	1	0	0	22156	61076	0			SUCS	COLLECTOR
2025-09-23 22:31:49	3824	2413	0	0	1	540002	1	1	0	0	22140	61079	0			SUCS	COLLECTOR
2025-09-23 22:31:49	3824	2413	0	0	1	809307	1	1	0	0	22146	61091	0			SUCS	COLLECTOR
2025-09-23 22:31:49	3824	2413	0	0	1	808107	1	1	0	0	22144	61084	0			SUCS	COLLECTOR
2025-09-23 22:31:49	3824	2413	0	0	1	2016132	1	1	0	0	22141	61075	0			SUCS	COLLECTOR
2025-09-23 22:31:49	3824	2413	0	0	1	2016154	1	1	0	0	21981	61275	0			SUCS	COLLECTOR
2025-09-23 22:31:49	3824	2413	0	0	1	1100408	1	1	0	0	21968	61276	0			SUCS	COLLECTOR
2025-09-23 22:31:49	3824	2413	0	0	1	1100102	2	2	0	0	21975	61279	0			SUCS	COLLECTOR
2025-09-23 22:31:49	3824	2413	0	0	1	1100101	33	33	0	0	21983	61284	0			SUCS	COLLECTOR
2025-09-23 22:31:49	3824	2413	0	0	1	601100409	1	1	0	0	21978	61272	0			SUCS	COLLECTOR
2025-09-23 22:31:49	3824	2413	0	0	1	540200	2	2	0	0	21975	61280	0			SUCS	COLLECTOR
2025-09-23 22:31:49	3824	2413	0	0	1	2016132	1	1	0	0	21968	61275	0			SUCS	COLLECTOR
2025-09-23 22:31:49	3824	2413	0	0	1	2016154	1	1	0	0	21950	61263	0			SUCS	COLLECTOR
2025-09-23 22:31:49	3824	2413	0	0	1	1100408	1	1	0	0	21943	61255	0			SUCS	COLLECTOR
2025-09-23 22:31:49	3824	2413	0	0	1	1100102	2	2	0	0	21939	61263	0			SUCS	COLLECTOR
2025-09-23 22:31:49	3824	2413	0	0	1	1100101	34	34	0	0	21945	61270	0			SUCS	COLLECTOR
2025-09-23 22:31:49	3824	2413	0	0	1	601100409	1	1	0	0	21938	61261	0			SUCS	COLLECTOR
2025-09-23 22:31:49	3824	2413	0	0	1	540067	1	1	0	0	21946	61268	0			SUCS	COLLECTOR
2025-09-23 22:31:49	3824	2413	0	0	1	2016132	1	1	0	0	21950	61260	0			SUCS	COLLECTOR
2025-09-23 22:31:49	3824	2413	0	0	1	2016154	1	1	0	0	21937	61234	0			SUCS	COLLECTOR
2025-09-23 22:31:49	3824	2413	0	0	1	1100408	3	3	0	0	21937	61229	0			SUCS	COLLECTOR
2025-09-23 22:31:49	3824	2413	0	0	1	1100102	1	1	0	0	21936	61231	0			SUCS	COLLECTOR
2025-09-23 22:31:49	3824	2413	0	0	1	1100101	36	36	0	0	21934	61241	0			SUCS	COLLECTOR
2025-09-23 22:31:49	3824	2413	0	0	1	601100409	1	1	0	0	21924	61243	0			SUCS	COLLECTOR
2025-09-23 22:31:49	3824	2413	0	0	1	540202	1	1	0	0	21933	61242	0			SUCS	COLLECTOR
2025-09-23 22:31:49	3824	2413	0	0	1	540201	1	1	0	0	21937	61232	0			SUCS	COLLECTOR
2025-09-23 22:31:49	3824	2413	0	0	1	540053	1	1	0	0	21931	61234	0			SUCS	COLLECTOR
2025-09-23 22:31:49	3824	2413	0	0	1	540011	1	1	0	0	21936	61241	0			SUCS	COLLECTOR
2025-09-23 22:31:49	3824	2413	0	0	1	2016132	1	1	0	0	21924	61237	0			SUCS	COLLECTOR
2025-09-23 22:31:49	3824	2413	0	0	1	2016154	1	1	0	0	21919	61235	0			SUCS	COLLECTOR
2025-09-23 22:31:49	3824	2413	0	0	1	1100408	1	1	0	0	21930	61237	0			SUCS	COLLECTOR
2025-09-23 22:31:49	3824	2413	0	0	1	1100102	1	1	0	0	21927	61242	0			SUCS	COLLECTOR
2025-09-23 22:31:49	3824	2413	0	0	1	1100101	40	40	0	0	21931	61233	0			SUCS	COLLECTOR
2025-09-23 22:31:49	3824	2413	0	0	1	601100409	1	1	0	0	21921	61241	0			SUCS	COLLECTOR
2025-09-23 22:31:49	3824	2413	0	0	1	540201	1	1	0	0	21933	61226	0			SUCS	COLLECTOR
2025-09-23 22:31:49	3824	2413	0	0	1	540053	1	1	0	0	21932	61227	0			SUCS	COLLECTOR
2025-09-23 22:31:49	3824	2413	0	0	1	808407	1	1	0	0	21930	61232	0			SUCS	COLLECTOR
2025-09-23 22:31:49	3824	2413	0	0	1	2016132	1	1	0	0	21935	61232	0			SUCS	COLLECTOR
2025-09-23 22:31:49	3824	2413	0	0	1	2016154	1	1	0	0	22048	61200	0			SUCS	COLLECTOR
2025-09-23 22:31:49	3824	2413	0	0	1	1100408	2	2	0	0	22041	61196	0			SUCS	COLLECTOR
2025-09-23 22:31:49	3824	2413	0	0	1	1100102	1	1	0	0	22036	61187	0			SUCS	COLLECTOR
2025-09-23 22:31:49	3824	2413	0	0	1	1100101	41	41	0	0	22041	61189	0			SUCS	COLLECTOR
2025-09-23 22:31:49	3824	2413	0	0	1	601100409	1	1	0	0	22049	61195	0			SUCS	COLLECTOR
2025-09-23 22:31:49	3824	2413	0	0	1	540018	1	1	0	0	22049	61201	0			SUCS	COLLECTOR
2025-09-23 22:31:49	3824	2413	0	0	1	2016132	1	1	0	0	21966	61180	0			SUCS	COLLECTOR
2025-09-23 22:31:49	3824	2413	0	0	1	540202	1	1	0	0	22959	61178	0			SUCS	COLLECTOR
2025-09-23 22:31:49	3824	2413	0	0	1	601100409	1	1	0	0	22969	61168	0			SUCS	COLLECTOR
2025-09-23 22:31:49	3824	2413	0	0	1	1100101	34	34	0	0	22955	61174	0			SUCS	COLLECTOR
2025-09-23 22:31:49	3824	2413	0	0	1	1100102	2	2	0	0	22960	61178	0			SUCS	COLLECTOR
2025-09-23 22:31:49	3824	2413	0	0	1	1100408	2	2	0	0	22956	61176	0			SUCS	COLLECTOR
2025-09-23 22:31:49	3824	2413	0	0	1	2016154	1	1	0	0	22967	61163	0			SUCS	COLLECTOR
2025-09-23 22:31:49	3824	2413	0	0	1	2016132	1	1	0	0	22959	61186	0			SUCS	COLLECTOR
2025-09-23 22:31:49	3824	2413	0	0	1	540006	1	1	0	0	22961	61180	0			SUCS	COLLECTOR
2025-09-23 22:31:49	3824	2413	0	0	1	540065	1	1	0	0	22957	61179	0			SUCS	COLLECTOR
2025-09-23 22:31:49	3824	2413	0	0	1	540201	1	1	0	0	22949	61172	0			SUCS	COLLECTOR
2025-09-23 22:31:49	3824	2413	0	0	1	601100409	1	1	0	0	22963	61187	0			SUCS	COLLECTOR
2025-09-23 22:31:49	3824	2413	0	0	1	1100101	38	38	0	0	22953	61175	0			SUCS	COLLECTOR
2025-09-23 22:31:49	3824	2413	0	0	1	1100102	2	2	0	0	22954	61181	0			SUCS	COLLECTOR
2025-09-23 22:31:49	3824	2413	0	0	1	1100408	1	1	0	0	22948	61187	0			SUCS	COLLECTOR
2025-09-23 22:31:49	3824	2413	0	0	1	2016154	1	1	0	0	22955	61174	0			SUCS	COLLECTOR
2025-09-23 22:31:49	3824	2413	0	0	1	2016132	1	1	0	0	22985	61172	0			SUCS	COLLECTOR
2025-09-23 22:31:49	3824	2413	0	0	1	808407	1	1	0	0	22988	61160	0			SUCS	COLLECTOR
2025-09-23 22:31:49	3824	2413	0	0	1	540006	1	1	0	0	22988	61166	0			SUCS	COLLECTOR
2025-09-23 22:31:49	3824	2413	0	0	1	540018	2	2	0	0	22981	61159	0			SUCS	COLLECTOR
2025-09-23 22:31:49	3824	2413	0	0	1	601100409	1	1	0	0	22991	61163	0			SUCS	COLLECTOR
2025-09-23 22:31:49	3824	2413	0	0	1	1100101	35	35	0	0	22986	61169	0			SUCS	COLLECTOR
2025-09-23 22:31:49	3824	2413	0	0	1	1100102	1	1	0	0	22975	61170	0			SUCS	COLLECTOR
2025-09-23 22:31:49	3824	2413	0	0	1	1100408	2	2	0	0	22980	61160	0			SUCS	COLLECTOR
2025-09-23 22:31:49	3824	2413	0	0	1	2016154	1	1	0	0	22985	61157	0			SUCS	COLLECTOR
2025-09-23 22:31:49	3824	2413	0	0	1	2016132	1	1	0	0	23025	61186	0			SUCS	COLLECTOR
2025-09-23 22:31:49	3824	2413	0	0	1	540006	1	1	0	0	23023	61188	0			SUCS	COLLECTOR
2025-09-23 22:31:49	3824	2413	0	0	1	540009	1	1	0	0	23021	61195	0			SUCS	COLLECTOR
2025-09-23 22:31:49	3824	2413	0	0	1	540067	1	1	0	0	23011	61201	0			SUCS	COLLECTOR
2025-09-23 22:31:49	3824	2413	0	0	1	601100409	1	1	0	0	23011	61201	0			SUCS	COLLECTOR
2025-09-23 22:31:49	3824	2413	0	0	1	1100101	34	34	0	0	23018	61186	0			SUCS	COLLECTOR
2025-09-23 22:31:49	3824	2413	0	0	1	1100102	3	3	0	0	23011	61189	0			SUCS	COLLECTOR
2025-09-23 22:31:49	3824	2413	0	0	1	1100408	1	1	0	0	23017	61192	0			SUCS	COLLECTOR
2025-09-23 22:31:49	3824	2413	0	0	1	2016154	1	1	0	0	23010	61202	0			SUCS	COLLECTOR
2025-09-23 22:31:49	3824	2413	0	0	1	2016132	1	1	0	0	22996	61236	0			SUCS	COLLECTOR
2025-09-23 22:31:49	3824	2413	0	0	1	808407	1	1	0	0	22995	61236	0			SUCS	COLLECTOR
2025-09-23 22:31:49	3824	2413	0	0	1	540052	1	1	0	0	22998	61227	0			SUCS	COLLECTOR
2025-09-23 22:31:49	3824	2413	0	0	1	540200	1	1	0	0	23002	61233	0			SUCS	COLLECTOR
2025-09-23 22:31:49	3824	2413	0	0	1	601100409	1	1	0	0	22992	61228	0			SUCS	COLLECTOR
2025-09-23 22:31:49	3824	2413	0	0	1	1100101	37	37	0	0	23005	61240	0			SUCS	COLLECTOR
2025-09-23 22:31:49	3824	2413	0	0	1	1100408	3	3	0	0	23003	61232	0			SUCS	COLLECTOR
2025-09-23 22:31:49	3824	2413	0	0	1	2016154	1	1	0	0	22991	61237	0			SUCS	COLLECTOR
2025-09-23 22:31:49	3824	2413	0	0	1	2016132	1	1	0	0	23047	61291	0			SUCS	COLLECTOR
2025-09-23 22:31:49	3824	2413	0	0	1	540009	1	1	0	0	23055	61293	0			SUCS	COLLECTOR
2025-09-23 22:31:49	3824	2413	0	0	1	540053	1	1	0	0	23063	61281	0			SUCS	COLLECTOR
2025-09-23 22:31:49	3824	2413	0	0	1	540200	1	1	0	0	23059	61291	0			SUCS	COLLECTOR
2025-09-23 22:31:49	3824	2413	0	0	1	601100409	1	1	0	0	23050	61279	0			SUCS	COLLECTOR
2025-09-23 22:31:49	3824	2413	0	0	1	1100101	40	40	0	0	23048	61288	0			SUCS	COLLECTOR
2025-09-23 22:31:49	3824	2413	0	0	1	1100102	4	4	0	0	23064	61294	0			SUCS	COLLECTOR
2025-09-23 22:31:49	3824	2413	0	0	1	1100408	2	2	0	0	23063	61281	0			SUCS	COLLECTOR
2025-09-23 22:31:49	3824	2413	0	0	1	2016154	1	1	0	0	23056	61294	0			SUCS	COLLECTOR
2025-09-23 22:31:49	3824	2413	0	0	1	2016132	1	1	0	0	23082	61263	0			SUCS	COLLECTOR
2025-09-23 22:31:49	3824	2413	0	0	1	809007	1	1	0	0	23075	61260	0			SUCS	COLLECTOR
2025-09-23 22:31:49	3824	2413	0	0	1	540012	1	1	0	0	23079	61274	0			SUCS	COLLECTOR
2025-09-23 22:31:49	3824	2413	0	0	1	540052	1	1	0	0	23070	61267	0			SUCS	COLLECTOR
2025-09-23 22:31:49	3824	2413	0	0	1	540053	1	1	0	0	23081	61275	0			SUCS	COLLECTOR
2025-09-23 22:31:49	3824	2413	0	0	1	601100409	1	1	0	0	23071	61266	0			SUCS	COLLECTOR
2025-09-23 22:31:49	3824	2413	0	0	1	1100101	48	48	0	0	23084	61264	0			SUCS	COLLECTOR
2025-09-23 22:31:49	3824	2413	0	0	1	1100102	1	1	0	0	23069	61274	0			SUCS	COLLECTOR
2025-09-23 22:31:49	3824	2413	0	0	1	1100408	2	2	0	0	23082	61261	0			SUCS	COLLECTOR
2025-09-23 22:31:49	3824	2413	0	0	1	2016154	1	1	0	0	23067	61259	0			SUCS	COLLECTOR
2025-09-23 22:31:49	3824	2413	0	0	1	2016132	1	1	0	0	23070	61275	0			SUCS	COLLECTOR
2025-09-23 22:31:49	3824	2413	0	0	1	808407	1	1	0	0	23081	61288	0			SUCS	COLLECTOR
2025-09-23 22:31:49	3824	2413	0	0	1	540002	1	1	0	0	23082	61278	0			SUCS	COLLECTOR
2025-09-23 22:31:49	3824	2413	0	0	1	540067	1	1	0	0	23075	61288	0			SUCS	COLLECTOR
2025-09-23 22:31:49	3824	2413	0	0	1	540200	2	2	0	0	23068	61280	0			SUCS	COLLECTOR
2025-09-23 22:31:49	3824	2413	0	0	1	601100409	1	1	0	0	23076	61276	0			SUCS	COLLECTOR
2025-09-23 22:31:49	3824	2413	0	0	1	1100101	34	34	0	0	23078	61282	0			SUCS	COLLECTOR
2025-09-23 22:31:49	3824	2413	0	0	1	1100102	2	2	0	0	23074	61284	0			SUCS	COLLECTOR
2025-09-23 22:31:49	3824	2413	0	0	1	1100408	2	2	0	0	23080	61280	0			SUCS	COLLECTOR
2025-09-23 22:31:49	3824	2413	0	0	1	2016154	1	1	0	0	23080	61278	0			SUCS	COLLECTOR
2025-09-23 22:31:49	3824	2413	0	0	1	2016132	1	1	0	0	23137	61285	0			SUCS	COLLECTOR
2025-09-23 22:31:49	3824	2413	0	0	1	540200	1	1	0	0	23128	61292	0			SUCS	COLLECTOR
2025-09-23 22:31:49	3824	2413	0	0	1	601100409	1	1	0	0	23125	61284	0			SUCS	COLLECTOR
2025-09-23 22:31:49	3824	2413	0	0	1	1100101	27	27	0	0	23139	61287	0			SUCS	COLLECTOR
2025-09-23 22:31:49	3824	2413	0	0	1	1100102	4	4	0	0	23126	61283	0			SUCS	COLLECTOR
2025-09-23 22:31:49	3824	2413	0	0	1	1100408	3	3	0	0	23128	61287	0			SUCS	COLLECTOR
2025-09-23 22:31:49	3824	2413	0	0	1	2016154	1	1	0	0	23135	61280	0			SUCS	COLLECTOR
2025-09-23 22:31:49	3824	2413	0	0	1	2016132	1	1	0	0	23139	61194	0			SUCS	COLLECTOR
2025-09-23 22:31:49	3824	2413	0	0	1	808407	1	1	0	0	23135	61194	0			SUCS	COLLECTOR
2025-09-23 22:31:49	3824	2413	0	0	1	540067	1	1	0	0	23124	61203	0			SUCS	COLLECTOR
2025-09-23 22:31:49	3824	2413	0	0	1	601100409	1	1	0	0	23134	61201	0			SUCS	COLLECTOR
2025-09-23 22:31:49	3824	2413	0	0	1	1100101	43	43	0	0	23131	61194	0			SUCS	COLLECTOR
2025-09-23 22:31:49	3824	2413	0	0	1	1100102	4	4	0	0	23135	61203	0			SUCS	COLLECTOR
2025-09-23 22:31:49	3824	2413	0	0	1	1100408	3	3	0	0	23131	61202	0			SUCS	COLLECTOR
2025-09-23 22:31:49	3824	2413	0	0	1	2016154	1	1	0	0	23123	61200	0			SUCS	COLLECTOR
2025-09-23 22:31:49	3824	2413	0	0	1	2016132	1	1	0	0	23086	61191	0			SUCS	COLLECTOR
2025-09-23 22:31:49	3824	2413	0	0	1	540079	1	1	0	0	23083	61178	0			SUCS	COLLECTOR
2025-09-23 22:31:49	3824	2413	0	0	1	601100409	1	1	0	0	23082	61190	0			SUCS	COLLECTOR
2025-09-23 22:31:49	3824	2413	0	0	1	1100101	29	29	0	0	23096	61176	0			SUCS	COLLECTOR
2025-09-23 22:31:49	3824	2413	0	0	1	1100102	3	3	0	0	23095	61177	0			SUCS	COLLECTOR
2025-09-23 22:31:49	3824	2413	0	0	1	1100408	3	3	0	0	23081	61188	0			SUCS	COLLECTOR
2025-09-23 22:31:49	3824	2413	0	0	1	2016154	1	1	0	0	23083	61177	0			SUCS	COLLECTOR
2025-09-23 22:31:49	3824	2413	0	0	1	2016132	1	1	0	0	23083	61163	0			SUCS	COLLECTOR
2025-09-23 22:31:49	3824	2413	0	0	1	808707	1	1	0	0	23081	61174	0			SUCS	COLLECTOR
2025-09-23 22:31:49	3824	2413	0	0	1	540005	1	1	0	0	23072	61177	0			SUCS	COLLECTOR
2025-09-23 22:31:49	3824	2413	0	0	1	540067	1	1	0	0	23079	61172	0			SUCS	COLLECTOR
2025-09-23 22:31:49	3824	2413	0	0	1	540200	1	1	0	0	23085	61171	0			SUCS	COLLECTOR
2025-09-23 22:31:49	3824	2413	0	0	1	540201	1	1	0	0	23082	61163	0			SUCS	COLLECTOR
2025-09-23 22:31:49	3824	2413	0	0	1	601100409	1	1	0	0	23083	61177	0			SUCS	COLLECTOR
2025-09-23 22:31:49	3824	2413	0	0	1	1100101	44	44	0	0	23070	61162	0			SUCS	COLLECTOR
2025-09-23 22:31:49	3824	2413	0	0	1	1100102	2	2	0	0	23078	61161	0			SUCS	COLLECTOR
2025-09-23 22:31:49	3824	2413	0	0	1	1100408	3	3	0	0	23069	61172	0			SUCS	COLLECTOR
2025-09-23 22:31:49	3824	2413	0	0	1	2016154	1	1	0	0	23085	61177	0			SUCS	COLLECTOR
2025-09-23 22:31:49	3824	2413	0	0	1	2016132	1	1	0	0	23053	61130	0			SUCS	COLLECTOR
2025-09-23 22:31:49	3824	2413	0	0	1	809607	1	1	0	0	23054	61130	0			SUCS	COLLECTOR
2025-09-23 22:31:49	3824	2413	0	0	1	540018	1	1	0	0	23049	61132	0			SUCS	COLLECTOR
2025-09-23 22:31:49	3824	2413	0	0	1	540052	1	1	0	0	23060	61133	0			SUCS	COLLECTOR
2025-09-23 22:31:49	3824	2413	0	0	1	601100409	1	1	0	0	23055	61136	0			SUCS	COLLECTOR
2025-09-23 22:31:49	3824	2413	0	0	1	1100101	37	37	0	0	23064	61130	0			SUCS	COLLECTOR
2025-09-23 22:31:49	3824	2413	0	0	1	1100408	3	3	0	0	23058	61139	0			SUCS	COLLECTOR
2025-09-23 22:31:49	3824	2413	0	0	1	2016154	1	1	0	0	23062	61138	0			SUCS	COLLECTOR
2025-09-23 22:31:49	3824	2413	0	0	1	2016132	1	1	0	0	23044	61125	0			SUCS	COLLECTOR
2025-09-23 22:31:49	3824	2413	0	0	1	540012	1	1	0	0	23037	61126	0			SUCS	COLLECTOR
2025-09-23 22:31:49	3824	2413	0	0	1	601100409	1	1	0	0	23051	61127	0			SUCS	COLLECTOR
2025-09-23 22:31:49	3824	2413	0	0	1	1100101	43	43	0	0	23038	61128	0			SUCS	COLLECTOR
2025-09-23 22:31:49	3824	2413	0	0	1	1100102	1	1	0	0	23042	61128	0			SUCS	COLLECTOR
2025-09-23 22:31:49	3824	2413	0	0	1	1100408	3	3	0	0	23044	61131	0			SUCS	COLLECTOR
2025-09-23 22:31:49	3824	2413	0	0	1	2016154	1	1	0	0	23051	61140	0			SUCS	COLLECTOR
2025-09-23 22:31:49	3824	2413	0	0	1	2016132	1	1	0	0	23026	61076	0			SUCS	COLLECTOR
2025-09-23 22:31:49	3824	2413	0	0	1	809007	1	1	0	0	23025	61077	0			SUCS	COLLECTOR
2025-09-23 22:31:49	3824	2413	0	0	1	540006	1	1	0	0	23023	61085	0			SUCS	COLLECTOR
2025-09-23 22:31:49	3824	2413	0	0	1	540018	1	1	0	0	23033	61077	0			SUCS	COLLECTOR
2025-09-23 22:31:49	3824	2413	0	0	1	540061	1	1	0	0	23031	61086	0			SUCS	COLLECTOR
2025-09-23 22:31:49	3824	2413	0	0	1	540202	2	2	0	0	23030	61078	0			SUCS	COLLECTOR
2025-09-23 22:31:49	3824	2413	0	0	1	601100409	1	1	0	0	23023	61076	0			SUCS	COLLECTOR
2025-09-23 22:31:49	3824	2413	0	0	1	1100101	42	42	0	0	23025	61088	0			SUCS	COLLECTOR
2025-09-23 22:31:49	3824	2413	0	0	1	1100102	4	4	0	0	23020	61085	0			SUCS	COLLECTOR
2025-09-23 22:31:49	3824	2413	0	0	1	1100408	3	3	0	0	23032	61078	0			SUCS	COLLECTOR
2025-09-23 22:31:49	3824	2413	0	0	1	2016154	1	1	0	0	23019	61084	0			SUCS	COLLECTOR
2025-09-23 22:31:49	3824	2413	0	0	1	2016132	1	1	0	0	23068	61091	0			SUCS	COLLECTOR
2025-09-23 22:31:49	3824	2413	0	0	1	809607	1	1	0	0	23069	61100	0			SUCS	COLLECTOR
2025-09-23 22:31:49	3824	2413	0	0	1	540019	1	1	0	0	23059	61084	0			SUCS	COLLECTOR
2025-09-23 22:31:49	3824	2413	0	0	1	540052	1	1	0	0	23068	61093	0			SUCS	COLLECTOR
2025-09-23 22:31:49	3824	2413	0	0	1	540067	1	1	0	0	23054	61086	0			SUCS	COLLECTOR
2025-09-23 22:31:49	3824	2413	0	0	1	540200	1	1	0	0	23054	61093	0			SUCS	COLLECTOR
2025-09-23 22:31:49	3824	2413	0	0	1	540201	1	1	0	0	23061	61092	0			SUCS	COLLECTOR
2025-09-23 22:31:49	3824	2413	0	0	1	601100409	1	1	0	0	23061	61093	0			SUCS	COLLECTOR
2025-09-23 22:31:49	3824	2413	0	0	1	1100101	41	41	0	0	23055	61095	0			SUCS	COLLECTOR
2025-09-23 22:31:49	3824	2413	0	0	1	1100102	2	2	0	0	23052	61092	0			SUCS	COLLECTOR
2025-09-23 22:31:49	3824	2413	0	0	1	1100408	2	2	0	0	23066	61099	0			SUCS	COLLECTOR
2025-09-23 22:31:49	3824	2413	0	0	1	2016154	1	1	0	0	23056	61094	0			SUCS	COLLECTOR
2025-09-23 22:31:49	3824	2413	0	0	1	2016132	19	19	0	0	24030	61182	0			SUCS	COLLECTOR
2025-09-23 22:31:49	3824	2413	0	0	1	810233	1	1	0	0	24031	61186	0			SUCS	COLLECTOR
2025-09-23 22:31:49	3824	2413	0	0	1	540200	3	3	0	0	24032	61188	0			SUCS	COLLECTOR
2025-09-23 22:31:49	3824	2413	0	0	1	540201	1	1	0	0	24020	61182	0			SUCS	COLLECTOR
2025-09-23 22:31:49	3824	2413	0	0	1	540202	1	1	0	0	24026	61184	0			SUCS	COLLECTOR
2025-09-23 22:31:49	3824	2413	0	0	1	2016141	1	1	0	0	24025	61179	0			SUCS	COLLECTOR
2025-09-23 22:31:49	3824	2413	0	0	1	1100101	324	324	0	0	24026	61175	0			SUCS	COLLECTOR
2025-09-23 22:31:49	3824	2413	0	0	1	1100102	19	19	0	0	24036	61184	0			SUCS	COLLECTOR
2025-09-23 22:31:49	3824	2413	0	0	1	1100408	5	5	0	0	24034	61187	0			SUCS	COLLECTOR
2025-09-23 22:31:49	3824	2413	0	0	1	3100034	1	1	0	0	24028	61184	0			SUCS	COLLECTOR
2025-09-23 22:31:49	3824	2413	0	0	1	3100037	1	1	0	0	24036	61189	0			SUCS	COLLECTOR
2025-09-23 22:31:49	3824	2413	0	0	1	2016132	39	39	0	0	24033	61282	0			SUCS	COLLECTOR
2025-09-23 22:31:49	3824	2413	0	0	1	809207	1	1	0	0	24029	61275	0			SUCS	COLLECTOR
2025-09-23 22:31:49	3824	2413	0	0	1	540009	1	1	0	0	24033	61281	0			SUCS	COLLECTOR
2025-09-23 22:31:49	3824	2413	0	0	1	540013	1	1	0	0	24033	61285	0			SUCS	COLLECTOR
2025-09-23 22:31:49	3824	2413	0	0	1	540037	1	1	0	0	24027	61286	0			SUCS	COLLECTOR
2025-09-23 22:31:49	3824	2413	0	0	1	601100409	1	1	0	0	24035	61275	0			SUCS	COLLECTOR
2025-09-23 22:31:49	3824	2413	0	0	1	1100101	435	435	0	0	24023	61278	0			SUCS	COLLECTOR
2025-09-23 22:31:49	3824	2413	0	0	1	1100102	25	25	0	0	24036	61281	0			SUCS	COLLECTOR
2025-09-23 22:31:49	3824	2413	0	0	1	1100408	4	4	0	0	24026	61289	0			SUCS	COLLECTOR
2025-09-23 22:31:49	3824	2413	0	0	1	3100034	1	1	0	0	24035	61288	0			SUCS	COLLECTOR
2025-09-23 22:31:49	3824	2413	0	0	1	3100036	1	1	0	0	24033	61289	0			SUCS	COLLECTOR
2025-09-23 22:31:49	3824	2413	0	0	1	808707	1	1	0	0	21970	61182	0			SUCS	COLLECTOR
2025-09-23 22:31:49	3824	2413	0	0	1	540019	1	1	0	0	21966	61181	0			SUCS	COLLECTOR
2025-09-23 22:31:49	3824	2413	0	0	1	540200	2	2	0	0	21963	61182	0			SUCS	COLLECTOR
2025-09-23 22:31:49	3824	2413	0	0	1	601100409	1	1	0	0	21969	61184	0			SUCS	COLLECTOR
2025-09-23 22:31:49	3824	2413	0	0	1	1100101	42	42	0	0	21970	61186	0			SUCS	COLLECTOR
2025-09-23 22:31:49	3824	2413	0	0	1	1100102	3	3	0	0	21973	61189	0			SUCS	COLLECTOR
2025-09-23 22:31:49	3824	2413	0	0	1	1100408	3	3	0	0	21974	61182	0			SUCS	COLLECTOR
2025-09-23 22:31:49	3824	2413	0	0	1	2016154	1	1	0	0	21975	61178	0			SUCS	COLLECTOR
2025-09-23 22:31:49	3824	2413	0	0	1	2016132	1	1	0	0	22010	61197	0			SUCS	COLLECTOR
2025-09-23 22:31:49	3824	2413	0	0	1	540005	2	2	0	0	21998	61202	0			SUCS	COLLECTOR
2025-09-23 22:31:49	3824	2413	0	0	1	601100409	1	1	0	0	22005	61195	0			SUCS	COLLECTOR
2025-09-23 22:31:49	3824	2413	0	0	1	1100101	34	34	0	0	21999	61191	0			SUCS	COLLECTOR
2025-09-23 22:31:49	3824	2413	0	0	1	1100102	3	3	0	0	21995	61192	0			SUCS	COLLECTOR
2025-09-23 22:31:49	3824	2413	0	0	1	1100408	1	1	0	0	22003	61201	0			SUCS	COLLECTOR
2025-09-23 22:31:49	3824	2413	0	0	1	2016154	1	1	0	0	21999	61196	0			SUCS	COLLECTOR
2025-09-23 22:31:49	3824	2413	0	0	1	2016132	1	1	0	0	21986	61176	0			SUCS	COLLECTOR
2025-09-23 22:31:49	3824	2413	0	0	1	808707	1	1	0	0	21982	61171	0			SUCS	COLLECTOR
2025-09-23 22:31:49	3824	2413	0	0	1	540006	1	1	0	0	21980	61175	0			SUCS	COLLECTOR
2025-09-23 22:31:49	3824	2413	0	0	1	540067	1	1	0	0	21983	61170	0			SUCS	COLLECTOR
2025-09-23 22:31:49	3824	2413	0	0	1	601100409	1	1	0	0	21975	61181	0			SUCS	COLLECTOR
2025-09-23 22:31:49	3824	2413	0	0	1	1100101	36	36	0	0	21972	61170	0			SUCS	COLLECTOR
2025-09-23 22:31:49	3824	2413	0	0	1	1100102	1	1	0	0	21976	61166	0			SUCS	COLLECTOR
2025-09-23 22:31:49	3824	2413	0	0	1	1100408	2	2	0	0	21974	61169	0			SUCS	COLLECTOR
2025-09-23 22:31:49	3824	2413	0	0	1	2016154	1	1	0	0	21980	61166	0			SUCS	COLLECTOR
2025-09-23 22:31:49	3824	2413	0	0	1	2016132	1	1	0	0	22053	61171	0			SUCS	COLLECTOR
2025-09-23 22:31:49	3824	2413	0	0	1	809307	1	1	0	0	22042	61171	0			SUCS	COLLECTOR
2025-09-23 22:31:49	3824	2413	0	0	1	540006	1	1	0	0	22042	61180	0			SUCS	COLLECTOR
2025-09-23 22:31:49	3824	2413	0	0	1	540018	1	1	0	0	22051	61175	0			SUCS	COLLECTOR
2025-09-23 22:31:49	3824	2413	0	0	1	540019	1	1	0	0	22045	61179	0			SUCS	COLLECTOR
2025-09-23 22:31:49	3824	2413	0	0	1	540076	1	1	0	0	22050	61171	0			SUCS	COLLECTOR
2025-09-23 22:31:49	3824	2413	0	0	1	540203	1	1	0	0	22045	61179	0			SUCS	COLLECTOR
2025-09-23 22:31:49	3824	2413	0	0	1	601100409	1	1	0	0	22038	61175	0			SUCS	COLLECTOR
2025-09-23 22:31:49	3824	2413	0	0	1	1100101	28	28	0	0	22044	61178	0			SUCS	COLLECTOR
2025-09-23 22:31:49	3824	2413	0	0	1	1100102	2	2	0	0	22053	61168	0			SUCS	COLLECTOR
2025-09-23 22:31:49	3824	2413	0	0	1	1100408	3	3	0	0	22047	61172	0			SUCS	COLLECTOR
2025-09-23 22:31:49	3824	2413	0	0	1	2016154	1	1	0	0	22047	61179	0			SUCS	COLLECTOR
2025-09-23 22:31:49	3824	2413	0	0	1	2016132	1	1	0	0	22077	61177	0			SUCS	COLLECTOR
2025-09-23 22:31:49	3824	2413	0	0	1	540200	1	1	0	0	22089	61181	0			SUCS	COLLECTOR
2025-09-23 22:31:49	3824	2413	0	0	1	601100409	1	1	0	0	22088	61174	0			SUCS	COLLECTOR
2025-09-23 22:31:49	3824	2413	0	0	1	1100101	37	37	0	0	22073	61182	0			SUCS	COLLECTOR
2025-09-23 22:31:49	3824	2413	0	0	1	1100102	1	1	0	0	22074	61169	0			SUCS	COLLECTOR
2025-09-23 22:31:49	3824	2413	0	0	1	1100408	1	1	0	0	22075	61175	0			SUCS	COLLECTOR
2025-09-23 22:31:49	3824	2413	0	0	1	2016154	1	1	0	0	22084	61174	0			SUCS	COLLECTOR
2025-09-23 22:31:49	3824	2413	0	0	1	2016132	1	1	0	0	22079	61186	0			SUCS	COLLECTOR
2025-09-23 22:31:49	3824	2413	0	0	1	809907	1	1	0	0	22086	61181	0			SUCS	COLLECTOR
2025-09-23 22:31:49	3824	2413	0	0	1	540006	1	1	0	0	22085	61186	0			SUCS	COLLECTOR
2025-09-23 22:31:49	3824	2413	0	0	1	540009	1	1	0	0	22087	61181	0			SUCS	COLLECTOR
2025-09-23 22:31:49	3824	2413	0	0	1	540012	1	1	0	0	22083	61188	0			SUCS	COLLECTOR
2025-09-23 22:31:49	3824	2413	0	0	1	540018	1	1	0	0	22089	61185	0			SUCS	COLLECTOR
2025-09-23 22:31:49	3824	2413	0	0	1	540067	1	1	0	0	22083	61178	0			SUCS	COLLECTOR
2025-09-23 22:31:49	3824	2413	0	0	1	601100409	1	1	0	0	22083	61188	0			SUCS	COLLECTOR
2025-09-23 22:31:49	3824	2413	0	0	1	1100101	33	33	0	0	22093	61186	0			SUCS	COLLECTOR
2025-09-23 22:31:49	3824	2413	0	0	1	1100102	3	3	0	0	22086	61190	0			SUCS	COLLECTOR
2025-09-23 22:31:49	3824	2413	0	0	1	1100408	1	1	0	0	22079	61177	0			SUCS	COLLECTOR
2025-09-23 22:31:49	3824	2413	0	0	1	2016154	1	1	0	0	22087	61188	0			SUCS	COLLECTOR
2025-09-23 22:31:49	3824	2413	0	0	1	2016132	1	1	0	0	22115	61195	0			SUCS	COLLECTOR
2025-09-23 22:31:49	3824	2413	0	0	1	540053	2	2	0	0	22121	61198	0			SUCS	COLLECTOR
2025-09-23 22:31:49	3824	2413	0	0	1	540057	1	1	0	0	22124	61185	0			SUCS	COLLECTOR
2025-09-23 22:31:49	3824	2413	0	0	1	601100409	1	1	0	0	22122	61185	0			SUCS	COLLECTOR
2025-09-23 22:31:49	3824	2413	0	0	1	1100101	30	30	0	0	22126	61199	0			SUCS	COLLECTOR
2025-09-23 22:31:49	3824	2413	0	0	1	1100102	3	3	0	0	22129	61199	0			SUCS	COLLECTOR
2025-09-23 22:31:49	3824	2413	0	0	1	1100408	2	2	0	0	22114	61183	0			SUCS	COLLECTOR
2025-09-23 22:31:49	3824	2413	0	0	1	2016154	1	1	0	0	22113	61193	0			SUCS	COLLECTOR
2025-09-23 22:31:49	3824	2413	0	0	1	2016132	1	1	0	0	22077	61173	0			SUCS	COLLECTOR
2025-09-23 22:31:49	3824	2413	0	0	1	540067	1	1	0	0	22072	61167	0			SUCS	COLLECTOR
2025-09-23 22:31:49	3824	2413	0	0	1	540079	1	1	0	0	22072	61170	0			SUCS	COLLECTOR
2025-09-23 22:31:49	3824	2413	0	0	1	540200	1	1	0	0	22083	61174	0			SUCS	COLLECTOR
2025-09-23 22:31:49	3824	2413	0	0	1	601100409	1	1	0	0	22073	61170	0			SUCS	COLLECTOR
2025-09-23 22:31:49	3824	2413	0	0	1	1100101	40	40	0	0	22072	61157	0			SUCS	COLLECTOR
2025-09-23 22:31:49	3824	2413	0	0	1	1100102	5	5	0	0	22081	61174	0			SUCS	COLLECTOR
2025-09-23 22:31:49	3824	2413	0	0	1	1100408	2	2	0	0	22078	61158	0			SUCS	COLLECTOR
2025-09-23 22:31:49	3824	2413	0	0	1	2016154	1	1	0	0	22086	61172	0			SUCS	COLLECTOR
2025-09-23 22:31:49	3824	2413	0	0	1	2016132	1	1	0	0	22057	61236	0			SUCS	COLLECTOR
2025-09-23 22:31:49	3824	2413	0	0	1	540018	1	1	0	0	22049	61237	0			SUCS	COLLECTOR
2025-09-23 22:31:49	3824	2413	0	0	1	540053	1	1	0	0	22058	61236	0			SUCS	COLLECTOR
2025-09-23 22:31:49	3824	2413	0	0	1	2016132	30	30	0	0	24156	61188	0			SUCS	COLLECTOR
2025-09-23 22:31:49	3824	2413	0	0	1	540065	2	2	0	0	24139	61191	0			SUCS	COLLECTOR
2025-09-23 22:31:49	3824	2413	0	0	1	540067	1	1	0	0	24154	61183	0			SUCS	COLLECTOR
2025-09-23 22:31:49	3824	2413	0	0	1	601100409	1	1	0	0	24143	61187	0			SUCS	COLLECTOR
2025-09-23 22:31:49	3824	2413	0	0	1	1100101	386	386	0	0	24145	61192	0			SUCS	COLLECTOR
2025-09-23 22:31:49	3824	2413	0	0	1	1100102	21	21	0	0	24146	61181	0			SUCS	COLLECTOR
2025-09-23 22:31:49	3824	2413	0	0	1	1100408	8	8	0	0	24142	61187	0			SUCS	COLLECTOR
2025-09-23 22:31:49	3824	2413	0	0	1	3100035	1	1	0	0	24155	61191	0			SUCS	COLLECTOR
2025-09-23 22:31:49	3824	2413	0	0	1	3100037	1	1	0	0	24148	61192	0			SUCS	COLLECTOR
2025-09-23 22:31:49	3824	2413	0	0	1	601100409	1	1	0	0	22061	61234	0			SUCS	COLLECTOR
2025-09-23 22:31:49	3824	2413	0	0	1	1100101	35	35	0	0	22054	61239	0			SUCS	COLLECTOR
2025-09-23 22:31:49	3824	2413	0	0	1	1100102	1	1	0	0	22062	61238	0			SUCS	COLLECTOR
2025-09-23 22:31:49	3824	2413	0	0	1	1100408	3	3	0	0	22055	61231	0			SUCS	COLLECTOR
2025-09-23 22:31:49	3824	2413	0	0	1	2016154	1	1	0	0	22063	61232	0			SUCS	COLLECTOR
2025-09-23 22:31:49	3824	2413	0	0	1	2016132	1	1	0	0	22036	61192	0			SUCS	COLLECTOR
2025-09-23 22:31:49	3824	2413	0	0	1	540005	1	1	0	0	22045	61195	0			SUCS	COLLECTOR
2025-09-23 22:31:49	3824	2413	0	0	1	540011	1	1	0	0	22046	61193	0			SUCS	COLLECTOR
2025-09-23 22:32:49	11132	104	0	0	0	1	0	694832	112685	869920	0	0	0				
2025-09-23 22:33:49	11132	104	0	0	0	1	0	694852	115530	895421	0	0	0				
2025-09-23 22:34:06	15776	2201	1	1	100	0	0	0	0	0	0	0	0	admin	Fraun		/run add_state(1015,200,421898200)
2025-09-23 22:34:06	15776	2201	1	1	100	0	0	0	0	0	0	0	0	admin	Fraun		/run add_state(1015,200,421898200)
2025-09-23 22:34:49	11132	104	0	0	0	1	0	694852	118411	906940	0	0	0				
2025-09-23 22:34:59	9980	2401	1	1	1	601011	1	1	0	4078800912	27852	61334	544	admin	Fraun		SCRIPT
2025-09-23 22:34:59	9980	2201	1	1	100	0	0	0	0	0	0	0	0	admin	Fraun		/run insert_item( 601011, 1 )
2025-09-23 22:34:59	9980	2201	1	1	100	0	0	0	0	0	0	0	0	admin	Fraun		/run insert_item( 601011, 1 )
2025-09-23 22:35:49	11132	104	0	0	0	1	1	694876	120523	918743	0	0	0				
2025-09-23 22:35:49	3824	2413	0	0	1	810234	1	1	0	0	26078	60973	0			SUCS	COLLECTOR
2025-09-23 22:35:49	3824	2413	0	0	1	1100408	2	2	0	0	26088	60968	0			SUCS	COLLECTOR
2025-09-23 22:35:49	3824	2413	0	0	1	540200	1	1	0	0	26084	60973	0			SUCS	COLLECTOR
2025-09-23 22:35:49	3824	2413	0	0	1	540055	1	1	0	0	26087	60966	0			SUCS	COLLECTOR
2025-09-23 22:35:49	3824	2413	0	0	1	540012	1	1	0	0	26082	60983	0			SUCS	COLLECTOR
2025-09-23 22:35:49	3824	2413	0	0	1	1100102	2	2	0	0	26082	60966	0			SUCS	COLLECTOR
2025-09-23 22:35:49	3824	2413	0	0	1	1100101	53	53	0	0	26078	60969	0			SUCS	COLLECTOR
2025-09-23 22:35:49	3824	2413	0	0	1	2016154	2	2	0	0	26077	60976	0			SUCS	COLLECTOR
2025-09-23 22:35:49	3824	2413	0	0	1	2016132	1	1	0	0	26079	60981	0			SUCS	COLLECTOR
2025-09-23 22:35:49	3824	2413	0	0	1	810225	1	1	0	0	26305	60997	0			SUCS	COLLECTOR
2025-09-23 22:35:49	3824	2413	0	0	1	1100408	3	3	0	0	26289	60996	0			SUCS	COLLECTOR
2025-09-23 22:35:49	3824	2413	0	0	1	540063	1	1	0	0	26289	61000	0			SUCS	COLLECTOR
2025-09-23 22:35:49	3824	2413	0	0	1	1100102	1	1	0	0	26292	60987	0			SUCS	COLLECTOR
2025-09-23 22:35:49	3824	2413	0	0	1	1100101	51	51	0	0	26297	60987	0			SUCS	COLLECTOR
2025-09-23 22:35:49	3824	2413	0	0	1	2016154	1	1	0	0	26305	60991	0			SUCS	COLLECTOR
2025-09-23 22:35:49	3824	2413	0	0	1	2016132	1	1	0	0	26289	61001	0			SUCS	COLLECTOR
2025-09-23 22:35:49	3824	2413	0	0	1	810223	1	1	0	0	26214	61173	0			SUCS	COLLECTOR
2025-09-23 22:35:49	3824	2413	0	0	1	1100408	1	1	0	0	26215	61167	0			SUCS	COLLECTOR
2025-09-23 22:35:49	3824	2413	0	0	1	540055	1	1	0	0	26212	61173	0			SUCS	COLLECTOR
2025-09-23 22:35:49	3824	2413	0	0	1	1100102	1	1	0	0	26209	61171	0			SUCS	COLLECTOR
2025-09-23 22:35:49	3824	2413	0	0	1	1100101	79	79	0	0	26217	61165	0			SUCS	COLLECTOR
2025-09-23 22:35:49	3824	2413	0	0	1	2016154	1	1	0	0	26205	61175	0			SUCS	COLLECTOR
2025-09-23 22:35:49	3824	2413	0	0	1	2016132	1	1	0	0	26215	61179	0			SUCS	COLLECTOR
2025-09-23 22:35:49	3824	2413	0	0	1	810229	1	1	0	0	26029	61244	0			SUCS	COLLECTOR
2025-09-23 22:35:49	3824	2413	0	0	1	1100408	1	1	0	0	26033	61239	0			SUCS	COLLECTOR
2025-09-23 22:35:49	3824	2413	0	0	1	540059	1	1	0	0	26034	61243	0			SUCS	COLLECTOR
2025-09-23 22:35:49	3824	2413	0	0	1	1100102	6	6	0	0	26027	61250	0			SUCS	COLLECTOR
2025-09-23 22:35:49	3824	2413	0	0	1	1100101	54	54	0	0	26031	61246	0			SUCS	COLLECTOR
2025-09-23 22:35:49	3824	2413	0	0	1	2016154	2	2	0	0	26029	61236	0			SUCS	COLLECTOR
2025-09-23 22:35:49	3824	2413	0	0	1	2016132	1	1	0	0	26027	61245	0			SUCS	COLLECTOR
2025-09-23 22:35:49	3824	2413	0	0	1	810228	1	1	0	0	25998	61191	0			SUCS	COLLECTOR
2025-09-23 22:35:49	3824	2413	0	0	1	1100408	3	3	0	0	26005	61190	0			SUCS	COLLECTOR
2025-09-23 22:35:49	3824	2413	0	0	1	540065	1	1	0	0	26007	61185	0			SUCS	COLLECTOR
2025-09-23 22:35:49	3824	2413	0	0	1	1100102	3	3	0	0	26000	61182	0			SUCS	COLLECTOR
2025-09-23 22:35:49	3824	2413	0	0	1	1100101	92	92	0	0	25996	61187	0			SUCS	COLLECTOR
2025-09-23 22:35:49	3824	2413	0	0	1	2016154	1	1	0	0	26006	61196	0			SUCS	COLLECTOR
2025-09-23 22:35:49	3824	2413	0	0	1	2016132	1	1	0	0	26009	61198	0			SUCS	COLLECTOR
2025-09-23 22:35:49	3824	2413	0	0	1	810233	1	1	0	0	25988	61224	0			SUCS	COLLECTOR
2025-09-23 22:35:49	3824	2413	0	0	1	1100408	3	3	0	0	25974	61230	0			SUCS	COLLECTOR
2025-09-23 22:35:49	3824	2413	0	0	1	540067	1	1	0	0	25985	61228	0			SUCS	COLLECTOR
2025-09-23 22:35:49	3824	2413	0	0	1	540037	1	1	0	0	25981	61222	0			SUCS	COLLECTOR
2025-09-23 22:35:49	3824	2413	0	0	1	540012	1	1	0	0	25975	61234	0			SUCS	COLLECTOR
2025-09-23 22:35:49	3824	2413	0	0	1	1100102	5	5	0	0	25980	61222	0			SUCS	COLLECTOR
2025-09-23 22:35:49	3824	2413	0	0	1	1100101	52	52	0	0	25991	61234	0			SUCS	COLLECTOR
2025-09-23 22:35:49	3824	2413	0	0	1	2016154	2	2	0	0	25982	61237	0			SUCS	COLLECTOR
2025-09-23 22:35:49	3824	2413	0	0	1	2016132	1	1	0	0	25974	61231	0			SUCS	COLLECTOR
2025-09-23 22:35:49	3824	2413	0	0	1	810233	1	1	0	0	25943	61190	0			SUCS	COLLECTOR
2025-09-23 22:35:49	3824	2413	0	0	1	1100408	2	2	0	0	25942	61207	0			SUCS	COLLECTOR
2025-09-23 22:35:49	3824	2413	0	0	1	540012	1	1	0	0	25953	61207	0			SUCS	COLLECTOR
2025-09-23 22:35:49	3824	2413	0	0	1	1100102	4	4	0	0	25945	61192	0			SUCS	COLLECTOR
2025-09-23 22:35:49	3824	2413	0	0	1	1100101	51	51	0	0	25953	61194	0			SUCS	COLLECTOR
2025-09-23 22:35:49	3824	2413	0	0	1	2016154	2	2	0	0	25940	61200	0			SUCS	COLLECTOR
2025-09-23 22:35:49	3824	2413	0	0	1	2016132	1	1	0	0	25941	61200	0			SUCS	COLLECTOR
2025-09-23 22:35:49	3824	2413	0	0	1	810229	1	1	0	0	25869	61178	0			SUCS	COLLECTOR
2025-09-23 22:35:49	3824	2413	0	0	1	1100408	2	2	0	0	25875	61172	0			SUCS	COLLECTOR
2025-09-23 22:35:49	3824	2413	0	0	1	540202	1	1	0	0	25864	61168	0			SUCS	COLLECTOR
2025-09-23 22:35:49	3824	2413	0	0	1	540076	1	1	0	0	25860	61179	0			SUCS	COLLECTOR
2025-09-23 22:35:49	3824	2413	0	0	1	540059	1	1	0	0	25868	61182	0			SUCS	COLLECTOR
2025-09-23 22:35:49	3824	2413	0	0	1	1100102	6	6	0	0	25864	61177	0			SUCS	COLLECTOR
2025-09-23 22:35:49	3824	2413	0	0	1	1100101	73	73	0	0	25866	61171	0			SUCS	COLLECTOR
2025-09-23 22:35:49	3824	2413	0	0	1	2016154	1	1	0	0	25859	61167	0			SUCS	COLLECTOR
2025-09-23 22:35:49	3824	2413	0	0	1	2016132	1	1	0	0	25858	61175	0			SUCS	COLLECTOR
2025-09-23 22:36:49	11132	104	0	0	0	1	0	694916	122975	931062	0	0	0				
2025-09-23 22:36:49	3824	2413	0	0	1	2016132	1	1	0	0	27114	61221	0			SUCS	COLLECTOR
2025-09-23 22:36:49	3824	2413	0	0	1	2016154	2	2	0	0	27114	61215	0			SUCS	COLLECTOR
2025-09-23 22:36:49	3824	2413	0	0	1	1100101	51	51	0	0	27117	61228	0			SUCS	COLLECTOR
2025-09-23 22:36:49	3824	2413	0	0	1	1100102	1	1	0	0	27102	61217	0			SUCS	COLLECTOR
2025-09-23 22:36:49	3824	2413	0	0	1	540010	1	1	0	0	27101	61213	0			SUCS	COLLECTOR
2025-09-23 22:36:49	3824	2413	0	0	1	540200	1	1	0	0	27111	61218	0			SUCS	COLLECTOR
2025-09-23 22:36:49	3824	2413	0	0	1	1100408	2	2	0	0	27115	61218	0			SUCS	COLLECTOR
2025-09-23 22:36:49	3824	2413	0	0	1	810226	1	1	0	0	27105	61214	0			SUCS	COLLECTOR
2025-09-23 22:37:49	11132	104	0	0	0	1	1	694916	124574	932173	0	0	0				
2025-09-23 22:37:49	3824	2413	0	0	1	810221	1	1	0	0	27082	61227	0			SUCS	COLLECTOR
2025-09-23 22:37:49	3824	2413	0	0	1	1100408	2	2	0	0	27077	61221	0			SUCS	COLLECTOR
2025-09-23 22:37:49	3824	2413	0	0	1	540067	2	2	0	0	27067	61232	0			SUCS	COLLECTOR
2025-09-23 22:37:49	3824	2413	0	0	1	540055	1	1	0	0	27074	61226	0			SUCS	COLLECTOR
2025-09-23 22:37:49	3824	2413	0	0	1	1100102	1	1	0	0	27072	61228	0			SUCS	COLLECTOR
2025-09-23 22:37:49	3824	2413	0	0	1	1100101	74	74	0	0	27082	61230	0			SUCS	COLLECTOR
2025-09-23 22:37:49	3824	2413	0	0	1	2016154	1	1	0	0	27080	61221	0			SUCS	COLLECTOR
2025-09-23 22:37:49	3824	2413	0	0	1	2016132	1	1	0	0	27068	61232	0			SUCS	COLLECTOR
2025-09-23 22:37:49	3824	2413	0	0	1	810228	1	1	0	0	27061	61222	0			SUCS	COLLECTOR
2025-09-23 22:37:49	3824	2413	0	0	1	1100408	1	1	0	0	27060	61222	0			SUCS	COLLECTOR
2025-09-23 22:37:49	3824	2413	0	0	1	540055	1	1	0	0	27063	61215	0			SUCS	COLLECTOR
2025-09-23 22:37:49	3824	2413	0	0	1	1100102	7	7	0	0	27058	61215	0			SUCS	COLLECTOR
2025-09-23 22:37:49	3824	2413	0	0	1	1100101	78	78	0	0	27053	61218	0			SUCS	COLLECTOR
2025-09-23 22:37:49	3824	2413	0	0	1	2016154	1	1	0	0	27068	61211	0			SUCS	COLLECTOR
2025-09-23 22:37:49	3824	2413	0	0	1	2016132	1	1	0	0	27055	61215	0			SUCS	COLLECTOR
2025-09-23 22:37:49	3824	2413	0	0	1	810228	1	1	0	0	27091	61196	0			SUCS	COLLECTOR
2025-09-23 22:37:49	3824	2413	0	0	1	1100408	3	3	0	0	27084	61180	0			SUCS	COLLECTOR
2025-09-23 22:37:49	3824	2413	0	0	1	540065	1	1	0	0	27101	61191	0			SUCS	COLLECTOR
2025-09-23 22:37:49	3824	2413	0	0	1	540052	1	1	0	0	27092	61179	0			SUCS	COLLECTOR
2025-09-23 22:37:49	3824	2413	0	0	1	540012	1	1	0	0	27098	61191	0			SUCS	COLLECTOR
2025-09-23 22:37:49	3824	2413	0	0	1	1100102	3	3	0	0	27089	61182	0			SUCS	COLLECTOR
2025-09-23 22:37:49	3824	2413	0	0	1	1100101	68	68	0	0	27092	61189	0			SUCS	COLLECTOR
2025-09-23 22:37:49	3824	2413	0	0	1	2016154	2	2	0	0	27087	61181	0			SUCS	COLLECTOR
2025-09-23 22:37:49	3824	2413	0	0	1	2016132	1	1	0	0	27100	61191	0			SUCS	COLLECTOR
2025-09-23 22:37:49	3824	2413	0	0	1	810226	1	1	0	0	27057	61225	0			SUCS	COLLECTOR
2025-09-23 22:37:49	3824	2413	0	0	1	1100408	3	3	0	0	27050	61223	0			SUCS	COLLECTOR
2025-09-23 22:37:49	3824	2413	0	0	1	540010	1	1	0	0	27050	61214	0			SUCS	COLLECTOR
2025-09-23 22:37:49	3824	2413	0	0	1	1100102	8	8	0	0	27050	61208	0			SUCS	COLLECTOR
2025-09-23 22:37:49	3824	2413	0	0	1	1100101	75	75	0	0	27057	61214	0			SUCS	COLLECTOR
2025-09-23 22:37:49	3824	2413	0	0	1	2016154	1	1	0	0	27053	61224	0			SUCS	COLLECTOR
2025-09-23 22:37:49	3824	2413	0	0	1	2016132	1	1	0	0	27050	61215	0			SUCS	COLLECTOR
2025-09-23 22:37:49	3824	2413	0	0	1	810225	1	1	0	0	27059	61247	0			SUCS	COLLECTOR
2025-09-23 22:37:49	3824	2413	0	0	1	1100408	2	2	0	0	27073	61249	0			SUCS	COLLECTOR
2025-09-23 22:37:49	3824	2413	0	0	1	540059	1	1	0	0	27074	61251	0			SUCS	COLLECTOR
2025-09-23 22:37:49	3824	2413	0	0	1	540012	1	1	0	0	27073	61235	0			SUCS	COLLECTOR
2025-09-23 22:37:49	3824	2413	0	0	1	1100102	3	3	0	0	27062	61242	0			SUCS	COLLECTOR
2025-09-23 22:37:49	3824	2413	0	0	1	1100101	76	76	0	0	27073	61234	0			SUCS	COLLECTOR
2025-09-23 22:37:49	3824	2413	0	0	1	2016154	2	2	0	0	27069	61239	0			SUCS	COLLECTOR
2025-09-23 22:37:49	3824	2413	0	0	1	2016132	1	1	0	0	27069	61236	0			SUCS	COLLECTOR
2025-09-23 22:37:49	3824	2413	0	0	1	810234	1	1	0	0	27053	61276	0			SUCS	COLLECTOR
2025-09-23 22:37:49	3824	2413	0	0	1	1100408	2	2	0	0	27053	61267	0			SUCS	COLLECTOR
2025-09-23 22:37:49	3824	2413	0	0	1	540052	1	1	0	0	27057	61270	0			SUCS	COLLECTOR
2025-09-23 22:37:49	3824	2413	0	0	1	1100102	3	3	0	0	27054	61269	0			SUCS	COLLECTOR
2025-09-23 22:37:49	3824	2413	0	0	1	1100101	54	54	0	0	27052	61262	0			SUCS	COLLECTOR
2025-09-23 22:37:49	3824	2413	0	0	1	2016154	2	2	0	0	27051	61269	0			SUCS	COLLECTOR
2025-09-23 22:37:49	3824	2413	0	0	1	2016132	1	1	0	0	27062	61267	0			SUCS	COLLECTOR
2025-09-23 22:37:49	3824	2413	0	0	1	810230	1	1	0	0	27088	61211	0			SUCS	COLLECTOR
2025-09-23 22:37:49	3824	2413	0	0	1	1100408	1	1	0	0	27092	61216	0			SUCS	COLLECTOR
2025-09-23 22:37:49	3824	2413	0	0	1	540067	1	1	0	0	27089	61220	0			SUCS	COLLECTOR
2025-09-23 22:37:49	3824	2413	0	0	1	540065	1	1	0	0	27093	61206	0			SUCS	COLLECTOR
2025-09-23 22:37:49	3824	2413	0	0	1	540052	1	1	0	0	27090	61218	0			SUCS	COLLECTOR
2025-09-23 22:37:49	3824	2413	0	0	1	1100102	1	1	0	0	27085	61215	0			SUCS	COLLECTOR
2025-09-23 22:37:49	3824	2413	0	0	1	1100101	58	58	0	0	27089	61219	0			SUCS	COLLECTOR
2025-09-23 22:37:49	3824	2413	0	0	1	2016154	2	2	0	0	27089	61203	0			SUCS	COLLECTOR
2025-09-23 22:37:49	3824	2413	0	0	1	2016132	1	1	0	0	27097	61208	0			SUCS	COLLECTOR
2025-09-23 22:38:26	15776	2201	1	1	100	0	0	0	0	0	0	0	0	admin	Fraun		/run add_state(1009,1500,73129312780)
2025-09-23 22:38:26	15776	2201	1	1	100	0	0	0	0	0	0	0	0	admin	Fraun		/run add_state(1009,1500,73129312780)
2025-09-23 22:38:39	15776	2201	1	1	100	0	0	0	0	0	0	0	0	admin	Fraun		/run add_state(1010,1500,12378921873)
2025-09-23 22:38:39	15776	2201	1	1	100	0	0	0	0	0	0	0	0	admin	Fraun		/run add_state(1010,1500,12378921873)
2025-09-23 22:38:49	11132	104	0	0	0	1	1	694916	126315	974285	0	0	0				
2025-09-23 22:38:57	9676	2711	1	1	0	22000370	80000	29041	61379	29064	61383	1	0	admin	Fraun		
2025-09-23 22:39:49	11132	104	0	0	0	1	0	694972	129976	992041	0	0	0				
2025-09-23 22:39:49	3824	2413	0	0	1	810225	1	1	0	0	28149	61252	0			SUCS	COLLECTOR
2025-09-23 22:39:49	3824	2413	0	0	1	1100408	3	3	0	0	28161	61246	0			SUCS	COLLECTOR
2025-09-23 22:39:49	3824	2413	0	0	1	540200	1	1	0	0	28151	61243	0			SUCS	COLLECTOR
2025-09-23 22:39:49	3824	2413	0	0	1	540059	1	1	0	0	28163	61236	0			SUCS	COLLECTOR
2025-09-23 22:39:49	3824	2413	0	0	1	540010	1	1	0	0	28161	61243	0			SUCS	COLLECTOR
2025-09-23 22:39:49	3824	2413	0	0	1	1100102	2	2	0	0	28159	61235	0			SUCS	COLLECTOR
2025-09-23 22:39:49	3824	2413	0	0	1	1100101	65	65	0	0	28151	61250	0			SUCS	COLLECTOR
2025-09-23 22:39:49	3824	2413	0	0	1	2016154	2	2	0	0	28165	61236	0			SUCS	COLLECTOR
2025-09-23 22:39:49	3824	2413	0	0	1	2016132	1	1	0	0	28160	61242	0			SUCS	COLLECTOR
2025-09-23 22:39:49	3824	2413	0	0	1	810223	1	1	0	0	28217	61263	0			SUCS	COLLECTOR
2025-09-23 22:39:49	3824	2413	0	0	1	1100408	1	1	0	0	28224	61262	0			SUCS	COLLECTOR
2025-09-23 22:39:49	3824	2413	0	0	1	540202	1	1	0	0	28213	61271	0			SUCS	COLLECTOR
2025-09-23 22:39:49	3824	2413	0	0	1	540067	1	1	0	0	28216	61263	0			SUCS	COLLECTOR
2025-09-23 22:39:49	3824	2413	0	0	1	1100102	2	2	0	0	28215	61271	0			SUCS	COLLECTOR
2025-09-23 22:39:49	3824	2413	0	0	1	1100101	79	79	0	0	28210	61274	0			SUCS	COLLECTOR
2025-09-23 22:39:49	3824	2413	0	0	1	2016154	2	2	0	0	28219	61275	0			SUCS	COLLECTOR
2025-09-23 22:39:49	3824	2413	0	0	1	2016132	1	1	0	0	28211	61271	0			SUCS	COLLECTOR
2025-09-23 22:39:49	3824	2413	0	0	1	810230	1	1	0	0	28044	61237	0			SUCS	COLLECTOR
2025-09-23 22:39:49	3824	2413	0	0	1	1100408	3	3	0	0	28037	61241	0			SUCS	COLLECTOR
2025-09-23 22:39:49	3824	2413	0	0	1	540200	1	1	0	0	28034	61239	0			SUCS	COLLECTOR
2025-09-23 22:39:49	3824	2413	0	0	1	540065	1	1	0	0	28046	61235	0			SUCS	COLLECTOR
2025-09-23 22:39:49	3824	2413	0	0	1	1100102	3	3	0	0	28047	61234	0			SUCS	COLLECTOR
2025-09-23 22:39:49	3824	2413	0	0	1	1100101	80	80	0	0	28038	61229	0			SUCS	COLLECTOR
2025-09-23 22:39:49	3824	2413	0	0	1	2016154	1	1	0	0	28039	61225	0			SUCS	COLLECTOR
2025-09-23 22:39:49	3824	2413	0	0	1	2016132	1	1	0	0	28038	61235	0			SUCS	COLLECTOR
2025-09-23 22:39:49	3824	2413	0	0	1	810225	1	1	0	0	28002	61219	0			SUCS	COLLECTOR
2025-09-23 22:39:49	3824	2413	0	0	1	1100408	3	3	0	0	27993	61213	0			SUCS	COLLECTOR
2025-09-23 22:39:49	3824	2413	0	0	1	540010	1	1	0	0	27985	61224	0			SUCS	COLLECTOR
2025-09-23 22:39:49	3824	2413	0	0	1	1100102	1	1	0	0	27998	61228	0			SUCS	COLLECTOR
2025-09-23 22:39:49	3824	2413	0	0	1	1100101	84	84	0	0	27996	61212	0			SUCS	COLLECTOR
2025-09-23 22:39:49	3824	2413	0	0	1	2016154	2	2	0	0	27987	61222	0			SUCS	COLLECTOR
2025-09-23 22:39:49	3824	2413	0	0	1	2016132	1	1	0	0	27990	61226	0			SUCS	COLLECTOR
2025-09-23 22:39:49	3824	2413	0	0	1	810223	1	1	0	0	28026	61316	0			SUCS	COLLECTOR
2025-09-23 22:39:49	3824	2413	0	0	1	1100408	2	2	0	0	28030	61324	0			SUCS	COLLECTOR
2025-09-23 22:39:49	3824	2413	0	0	1	540059	2	2	0	0	28026	61326	0			SUCS	COLLECTOR
2025-09-23 22:39:49	3824	2413	0	0	1	1100102	2	2	0	0	28032	61329	0			SUCS	COLLECTOR
2025-09-23 22:39:49	3824	2413	0	0	1	1100101	68	68	0	0	28031	61326	0			SUCS	COLLECTOR
2025-09-23 22:39:49	3824	2413	0	0	1	2016154	1	1	0	0	28026	61319	0			SUCS	COLLECTOR
2025-09-23 22:39:49	3824	2413	0	0	1	2016132	1	1	0	0	28020	61319	0			SUCS	COLLECTOR
2025-09-23 22:40:49	11132	104	0	0	0	1	0	694988	132562	1010121	0	0	0				
2025-09-23 22:40:49	3824	2413	0	0	1	810226	1	1	0	0	28275	61157	0			SUCS	COLLECTOR
2025-09-23 22:40:49	3824	2413	0	0	1	1100408	2	2	0	0	28273	61147	0			SUCS	COLLECTOR
2025-09-23 22:40:49	3824	2413	0	0	1	540201	1	1	0	0	28275	61151	0			SUCS	COLLECTOR
2025-09-23 22:40:49	3824	2413	0	0	1	1100102	8	8	0	0	28269	61147	0			SUCS	COLLECTOR
2025-09-23 22:40:49	3824	2413	0	0	1	1100101	92	92	0	0	28274	61158	0			SUCS	COLLECTOR
2025-09-23 22:40:49	3824	2413	0	0	1	2016154	2	2	0	0	28269	61162	0			SUCS	COLLECTOR
2025-09-23 22:40:49	3824	2413	0	0	1	2016132	1	1	0	0	28264	61155	0			SUCS	COLLECTOR
2025-09-23 22:40:49	3824	2413	0	0	1	810230	1	1	0	0	28261	61114	0			SUCS	COLLECTOR
2025-09-23 22:40:49	3824	2413	0	0	1	2016132	1	1	0	0	28157	61126	0			SUCS	COLLECTOR
2025-09-23 22:40:49	3824	2413	0	0	1	2016154	1	1	0	0	28155	61119	0			SUCS	COLLECTOR
2025-09-23 22:40:49	3824	2413	0	0	1	1100101	86	86	0	0	28154	61124	0			SUCS	COLLECTOR
2025-09-23 22:40:49	3824	2413	0	0	1	1100102	10	10	0	0	28154	61125	0			SUCS	COLLECTOR
2025-09-23 22:40:49	3824	2413	0	0	1	540010	1	1	0	0	28155	61119	0			SUCS	COLLECTOR
2025-09-23 22:40:49	3824	2413	0	0	1	540055	1	1	0	0	28157	61123	0			SUCS	COLLECTOR
2025-09-23 22:40:49	3824	2413	0	0	1	1100408	3	3	0	0	28154	61114	0			SUCS	COLLECTOR
2025-09-23 22:40:49	3824	2413	0	0	1	810223	1	1	0	0	28157	61113	0			SUCS	COLLECTOR
2025-09-23 22:40:49	3824	2413	0	0	1	2016132	1	1	0	0	28251	61115	0			SUCS	COLLECTOR
2025-09-23 22:40:49	3824	2413	0	0	1	2016154	2	2	0	0	28246	61111	0			SUCS	COLLECTOR
2025-09-23 22:40:49	3824	2413	0	0	1	1100101	58	58	0	0	28261	61117	0			SUCS	COLLECTOR
2025-09-23 22:40:49	3824	2413	0	0	1	540012	1	1	0	0	28259	61109	0			SUCS	COLLECTOR
2025-09-23 22:40:49	3824	2413	0	0	1	540052	1	1	0	0	28256	61110	0			SUCS	COLLECTOR
2025-09-23 22:40:49	3824	2413	0	0	1	1100408	3	3	0	0	28244	61109	0			SUCS	COLLECTOR
2025-09-23 22:41:49	11132	104	0	0	0	1	0	695024	136016	1040270	0	0	0				
2025-09-23 22:42:49	11132	104	0	0	0	1	0	695024	137414	1051139	0	0	0				
2025-09-23 22:43:03	9676	2711	1	1	0	22000372	80000	28920	56061	28941	56095	1	0	admin	Fraun		
2025-09-23 22:43:49	11132	104	0	0	0	1	0	695040	140562	1073404	0	0	0				
2025-09-23 22:43:49	3824	2413	0	0	1	810229	1	1	0	0	29140	61126	0			SUCS	COLLECTOR
2025-09-23 22:43:49	3824	2413	0	0	1	2016154	1	1	0	0	29144	61122	0			SUCS	COLLECTOR
2025-09-23 22:43:49	3824	2413	0	0	1	307045	1	1	0	0	29147	61124	0			SUCS	COLLECTOR
2025-09-23 22:43:49	3824	2413	0	0	1	2016098	1	1	0	0	29138	61126	0			SUCS	COLLECTOR
2025-09-23 22:43:49	3824	2413	0	0	1	540202	2	2	0	0	29151	61131	0			SUCS	COLLECTOR
2025-09-23 22:43:49	3824	2413	0	0	1	540201	1	1	0	0	29151	61138	0			SUCS	COLLECTOR
2025-09-23 22:43:49	3824	2413	0	0	1	2016132	17	17	0	0	29148	61129	0			SUCS	COLLECTOR
2025-09-23 22:43:49	3824	2413	0	0	1	2013816	1	1	0	0	29038	61380	0			SUCS	COLLECTOR
2025-09-23 22:43:49	3824	2413	0	0	1	2016157	1	1	0	0	29037	61387	0			SUCS	COLLECTOR
2025-09-23 22:43:49	3824	2413	0	0	1	307050	1	1	0	0	29046	61377	0			SUCS	COLLECTOR
2025-09-23 22:43:49	3824	2413	0	0	1	3100037	1	1	0	0	29035	61383	0			SUCS	COLLECTOR
2025-09-23 22:43:49	3824	2413	0	0	1	3100036	1	1	0	0	29047	61378	0			SUCS	COLLECTOR
2025-09-23 22:43:49	3824	2413	0	0	1	3100035	1	1	0	0	29032	61382	0			SUCS	COLLECTOR
2025-09-23 22:43:49	3824	2413	0	0	1	540201	2	2	0	0	29039	61373	0			SUCS	COLLECTOR
2025-09-23 22:43:49	3824	2413	0	0	1	540200	7	7	0	0	29037	61375	0			SUCS	COLLECTOR
2025-09-23 22:43:49	3824	2413	0	0	1	2016153	1	1	0	0	29034	61386	0			SUCS	COLLECTOR
2025-09-23 22:43:49	3824	2413	0	0	1	2016132	65	65	0	0	29046	61382	0			SUCS	COLLECTOR
2025-09-23 22:44:49	11132	104	0	0	0	1	0	695044	145863	1123418	0	0	0				
2025-09-23 22:44:49	3824	2413	0	0	1	810221	1	1	0	0	28986	58999	0			SUCS	COLLECTOR
2025-09-23 22:44:49	3824	2413	0	0	1	1100408	2	2	0	0	28976	58993	0			SUCS	COLLECTOR
2025-09-23 22:44:49	3824	2413	0	0	1	540200	2	2	0	0	28991	58999	0			SUCS	COLLECTOR
2025-09-23 22:44:49	3824	2413	0	0	1	1100102	6	6	0	0	28990	59007	0			SUCS	COLLECTOR
2025-09-23 22:44:49	3824	2413	0	0	1	1100101	91	91	0	0	28991	58999	0			SUCS	COLLECTOR
2025-09-23 22:44:49	3824	2413	0	0	1	2016154	2	2	0	0	28978	58993	0			SUCS	COLLECTOR
2025-09-23 22:44:49	3824	2413	0	0	1	2016132	1	1	0	0	28975	58993	0			SUCS	COLLECTOR
2025-09-23 22:44:49	3824	2413	0	0	1	810230	1	1	0	0	29001	58957	0			SUCS	COLLECTOR
2025-09-23 22:44:49	3824	2413	0	0	1	1100408	3	3	0	0	28998	58964	0			SUCS	COLLECTOR
2025-09-23 22:44:49	3824	2413	0	0	1	540067	1	1	0	0	29010	58957	0			SUCS	COLLECTOR
2025-09-23 22:44:49	3824	2413	0	0	1	1100102	3	3	0	0	29008	58959	0			SUCS	COLLECTOR
2025-09-23 22:44:49	3824	2413	0	0	1	1100101	47	47	0	0	28997	58971	0			SUCS	COLLECTOR
2025-09-23 22:44:49	3824	2413	0	0	1	2016154	2	2	0	0	29001	58961	0			SUCS	COLLECTOR
2025-09-23 22:44:49	3824	2413	0	0	1	2016132	1	1	0	0	29000	58960	0			SUCS	COLLECTOR
2025-09-23 22:44:49	3824	2413	0	0	1	810225	1	1	0	0	29030	58959	0			SUCS	COLLECTOR
2025-09-23 22:44:49	3824	2413	0	0	1	1100408	3	3	0	0	29032	58971	0			SUCS	COLLECTOR
2025-09-23 22:44:49	3824	2413	0	0	1	540201	1	1	0	0	29042	58962	0			SUCS	COLLECTOR
2025-09-23 22:44:49	3824	2413	0	0	1	540200	1	1	0	0	29030	58972	0			SUCS	COLLECTOR
2025-09-23 22:44:49	3824	2413	0	0	1	540055	1	1	0	0	29033	58971	0			SUCS	COLLECTOR
2025-09-23 22:44:49	3824	2413	0	0	1	1100102	2	2	0	0	29030	58965	0			SUCS	COLLECTOR
2025-09-23 22:44:49	3824	2413	0	0	1	1100101	50	50	0	0	29042	58965	0			SUCS	COLLECTOR
2025-09-23 22:44:49	3824	2413	0	0	1	2016154	1	1	0	0	29035	58964	0			SUCS	COLLECTOR
2025-09-23 22:44:49	3824	2413	0	0	1	2016132	1	1	0	0	29045	58972	0			SUCS	COLLECTOR
2025-09-23 22:44:49	3824	2413	0	0	1	2016132	1	1	0	0	29222	59132	0			SUCS	COLLECTOR
2025-09-23 22:44:49	3824	2413	0	0	1	2016154	2	2	0	0	29226	59142	0			SUCS	COLLECTOR
2025-09-23 22:44:49	3824	2413	0	0	1	1100101	57	57	0	0	29217	59138	0			SUCS	COLLECTOR
2025-09-23 22:44:49	3824	2413	0	0	1	1100102	3	3	0	0	29231	59130	0			SUCS	COLLECTOR
2025-09-23 22:44:49	3824	2413	0	0	1	540200	1	1	0	0	29221	59147	0			SUCS	COLLECTOR
2025-09-23 22:44:49	3824	2413	0	0	1	1100408	2	2	0	0	29218	59139	0			SUCS	COLLECTOR
2025-09-23 22:44:49	3824	2413	0	0	1	810229	1	1	0	0	29220	59142	0			SUCS	COLLECTOR
2025-09-23 22:44:49	3824	2413	0	0	1	2016132	1	1	0	0	29198	59360	0			SUCS	COLLECTOR
2025-09-23 22:44:49	3824	2413	0	0	1	2016154	1	1	0	0	29202	59353	0			SUCS	COLLECTOR
2025-09-23 22:44:49	3824	2413	0	0	1	1100101	81	81	0	0	29210	59360	0			SUCS	COLLECTOR
2025-09-23 22:44:49	3824	2413	0	0	1	1100102	3	3	0	0	29200	59360	0			SUCS	COLLECTOR
2025-09-23 22:44:49	3824	2413	0	0	1	540052	1	1	0	0	29210	59345	0			SUCS	COLLECTOR
2025-09-23 22:44:49	3824	2413	0	0	1	540059	1	1	0	0	29198	59362	0			SUCS	COLLECTOR
2025-09-23 22:44:49	3824	2413	0	0	1	540202	1	1	0	0	29204	59349	0			SUCS	COLLECTOR
2025-09-23 22:44:49	3824	2413	0	0	1	1100408	3	3	0	0	29206	59346	0			SUCS	COLLECTOR
2025-09-23 22:44:49	3824	2413	0	0	1	810232	1	1	0	0	29204	59360	0			SUCS	COLLECTOR
2025-09-23 22:44:49	3824	2413	0	0	1	2016132	1	1	0	0	29167	59069	0			SUCS	COLLECTOR
2025-09-23 22:44:49	3824	2413	0	0	1	2016154	1	1	0	0	29167	59072	0			SUCS	COLLECTOR
2025-09-23 22:44:49	3824	2413	0	0	1	1100101	75	75	0	0	29166	59067	0			SUCS	COLLECTOR
2025-09-23 22:44:49	3824	2413	0	0	1	1100102	2	2	0	0	29167	59067	0			SUCS	COLLECTOR
2025-09-23 22:44:49	3824	2413	0	0	1	540013	1	1	0	0	29157	59078	0			SUCS	COLLECTOR
2025-09-23 22:44:49	3824	2413	0	0	1	540200	1	1	0	0	29172	59069	0			SUCS	COLLECTOR
2025-09-23 22:44:49	3824	2413	0	0	1	1100408	1	1	0	0	29171	59068	0			SUCS	COLLECTOR
2025-09-23 22:44:49	3824	2413	0	0	1	810232	1	1	0	0	29171	59069	0			SUCS	COLLECTOR
2025-09-23 22:44:49	3824	2413	0	0	1	2016132	1	1	0	0	28975	59074	0			SUCS	COLLECTOR
2025-09-23 22:44:49	3824	2413	0	0	1	2016154	1	1	0	0	28971	59071	0			SUCS	COLLECTOR
2025-09-23 22:44:49	3824	2413	0	0	1	1100101	54	54	0	0	28977	59070	0			SUCS	COLLECTOR
2025-09-23 22:44:49	3824	2413	0	0	1	1100102	4	4	0	0	28964	59071	0			SUCS	COLLECTOR
2025-09-23 22:44:49	3824	2413	0	0	1	540010	1	1	0	0	28970	59066	0			SUCS	COLLECTOR
2025-09-23 22:44:49	3824	2413	0	0	1	1100408	1	1	0	0	28965	59071	0			SUCS	COLLECTOR
2025-09-23 22:44:49	3824	2413	0	0	1	810234	1	1	0	0	28967	59073	0			SUCS	COLLECTOR
2025-09-23 22:44:49	3824	2413	0	0	1	2016132	1	1	0	0	28894	59127	0			SUCS	COLLECTOR
2025-09-23 22:44:49	3824	2413	0	0	1	2016154	2	2	0	0	28886	59112	0			SUCS	COLLECTOR
2025-09-23 22:44:49	3824	2413	0	0	1	1100101	89	89	0	0	28887	59114	0			SUCS	COLLECTOR
2025-09-23 22:44:49	3824	2413	0	0	1	1100102	5	5	0	0	28891	59117	0			SUCS	COLLECTOR
2025-09-23 22:44:49	3824	2413	0	0	1	540067	1	1	0	0	28898	59120	0			SUCS	COLLECTOR
2025-09-23 22:44:49	3824	2413	0	0	1	1100408	1	1	0	0	28883	59113	0			SUCS	COLLECTOR
2025-09-23 22:44:49	3824	2413	0	0	1	810225	1	1	0	0	28890	59121	0			SUCS	COLLECTOR
2025-09-23 22:45:49	11132	104	0	0	0	1	1	502144	147314	1125989	0	0	0				
2025-09-23 22:45:49	3824	2413	0	0	1	2016132	1	1	0	0	29153	58207	0			SUCS	COLLECTOR
2025-09-23 22:45:49	3824	2413	0	0	1	2016154	1	1	0	0	29155	58204	0			SUCS	COLLECTOR
2025-09-23 22:45:49	3824	2413	0	0	1	1100101	91	91	0	0	29167	58202	0			SUCS	COLLECTOR
2025-09-23 22:45:49	3824	2413	0	0	1	1100102	3	3	0	0	29164	58205	0			SUCS	COLLECTOR
2025-09-23 22:45:49	3824	2413	0	0	1	540009	1	1	0	0	29162	58210	0			SUCS	COLLECTOR
2025-09-23 22:45:49	3824	2413	0	0	1	1100408	2	2	0	0	29156	58215	0			SUCS	COLLECTOR
2025-09-23 22:45:49	3824	2413	0	0	1	810232	1	1	0	0	29166	58213	0			SUCS	COLLECTOR
2025-09-23 22:45:49	3824	2413	0	0	1	2016132	1	1	0	0	29156	58226	0			SUCS	COLLECTOR
2025-09-23 22:45:49	3824	2413	0	0	1	2016154	2	2	0	0	29141	58235	0			SUCS	COLLECTOR
2025-09-23 22:45:49	3824	2413	0	0	1	1100101	46	46	0	0	29144	58224	0			SUCS	COLLECTOR
2025-09-23 22:45:49	3824	2413	0	0	1	1100102	7	7	0	0	29155	58228	0			SUCS	COLLECTOR
2025-09-23 22:45:49	3824	2413	0	0	1	540052	1	1	0	0	29154	58225	0			SUCS	COLLECTOR
2025-09-23 22:45:49	3824	2413	0	0	1	540059	1	1	0	0	29144	58235	0			SUCS	COLLECTOR
2025-09-23 22:45:49	3824	2413	0	0	1	1100408	3	3	0	0	29141	58225	0			SUCS	COLLECTOR
2025-09-23 22:45:49	3824	2413	0	0	1	810229	1	1	0	0	29153	58220	0			SUCS	COLLECTOR
2025-09-23 22:45:49	3824	2413	0	0	1	2016132	1	1	0	0	29129	58161	0			SUCS	COLLECTOR
2025-09-23 22:45:49	3824	2413	0	0	1	2016154	2	2	0	0	29129	58159	0			SUCS	COLLECTOR
2025-09-23 22:45:49	3824	2413	0	0	1	1100101	73	73	0	0	29113	58157	0			SUCS	COLLECTOR
2025-09-23 22:45:49	3824	2413	0	0	1	1100102	6	6	0	0	29117	58165	0			SUCS	COLLECTOR
2025-09-23 22:45:49	3824	2413	0	0	1	540065	1	1	0	0	29123	58168	0			SUCS	COLLECTOR
2025-09-23 22:45:49	3824	2413	0	0	1	1100408	3	3	0	0	29129	58160	0			SUCS	COLLECTOR
2025-09-23 22:45:49	3824	2413	0	0	1	810229	1	1	0	0	29121	58172	0			SUCS	COLLECTOR
2025-09-23 22:45:49	3824	2413	0	0	1	2016132	1	1	0	0	28901	58214	0			SUCS	COLLECTOR
2025-09-23 22:45:49	3824	2413	0	0	1	2016154	1	1	0	0	28907	58219	0			SUCS	COLLECTOR
2025-09-23 22:45:49	3824	2413	0	0	1	1100101	74	74	0	0	28895	58214	0			SUCS	COLLECTOR
2025-09-23 22:45:49	3824	2413	0	0	1	1100102	4	4	0	0	28905	58216	0			SUCS	COLLECTOR
2025-09-23 22:45:49	3824	2413	0	0	1	540013	1	1	0	0	28905	58210	0			SUCS	COLLECTOR
2025-09-23 22:45:49	3824	2413	0	0	1	540200	1	1	0	0	28897	58220	0			SUCS	COLLECTOR
2025-09-23 22:45:49	3824	2413	0	0	1	540202	1	1	0	0	28894	58217	0			SUCS	COLLECTOR
2025-09-23 22:45:49	3824	2413	0	0	1	1100408	1	1	0	0	28898	58215	0			SUCS	COLLECTOR
2025-09-23 22:45:49	3824	2413	0	0	1	810229	1	1	0	0	28910	58220	0			SUCS	COLLECTOR
2025-09-23 22:45:49	3824	2413	0	0	1	2016132	1	1	0	0	28880	58231	0			SUCS	COLLECTOR
2025-09-23 22:45:49	3824	2413	0	0	1	2016154	2	2	0	0	28889	58232	0			SUCS	COLLECTOR
2025-09-23 22:45:49	3824	2413	0	0	1	1100101	87	87	0	0	28877	58244	0			SUCS	COLLECTOR
2025-09-23 22:45:49	3824	2413	0	0	1	1100102	2	2	0	0	28875	58242	0			SUCS	COLLECTOR
2025-09-23 22:45:49	3824	2413	0	0	1	540013	2	2	0	0	28887	58232	0			SUCS	COLLECTOR
2025-09-23 22:45:49	3824	2413	0	0	1	1100408	1	1	0	0	28889	58240	0			SUCS	COLLECTOR
2025-09-23 22:45:49	3824	2413	0	0	1	810222	1	1	0	0	28885	58234	0			SUCS	COLLECTOR
2025-09-23 22:45:49	3824	2413	0	0	1	2016132	1	1	0	0	29063	58166	0			SUCS	COLLECTOR
2025-09-23 22:45:49	3824	2413	0	0	1	2016154	1	1	0	0	29053	58163	0			SUCS	COLLECTOR
2025-09-23 22:45:49	3824	2413	0	0	1	1100101	87	87	0	0	29055	58166	0			SUCS	COLLECTOR
2025-09-23 22:45:49	3824	2413	0	0	1	1100102	2	2	0	0	29065	58170	0			SUCS	COLLECTOR
2025-09-23 22:45:49	3824	2413	0	0	1	540010	1	1	0	0	29056	58180	0			SUCS	COLLECTOR
2025-09-23 22:45:49	3824	2413	0	0	1	540012	1	1	0	0	29065	58173	0			SUCS	COLLECTOR
2025-09-23 22:45:49	3824	2413	0	0	1	540055	1	1	0	0	29061	58175	0			SUCS	COLLECTOR
2025-09-23 22:45:49	3824	2413	0	0	1	1100408	3	3	0	0	29053	58163	0			SUCS	COLLECTOR
2025-09-23 22:45:49	3824	2413	0	0	1	810221	1	1	0	0	29065	58174	0			SUCS	COLLECTOR
2025-09-23 22:45:49	3824	2413	0	0	1	2016132	1	1	0	0	28938	58095	0			SUCS	COLLECTOR
2025-09-23 22:45:49	3824	2413	0	0	1	2016154	2	2	0	0	28936	58099	0			SUCS	COLLECTOR
2025-09-23 22:45:49	3824	2413	0	0	1	1100101	49	49	0	0	28934	58093	0			SUCS	COLLECTOR
2025-09-23 22:45:49	3824	2413	0	0	1	1100102	1	1	0	0	28941	58103	0			SUCS	COLLECTOR
2025-09-23 22:45:49	3824	2413	0	0	1	540200	1	1	0	0	28943	58100	0			SUCS	COLLECTOR
2025-09-23 22:45:49	3824	2413	0	0	1	1100408	2	2	0	0	28937	58099	0			SUCS	COLLECTOR
2025-09-23 22:45:49	3824	2413	0	0	1	810221	1	1	0	0	28936	58105	0			SUCS	COLLECTOR
2025-09-23 22:45:49	3824	2413	0	0	1	2016132	1	1	0	0	28850	58073	0			SUCS	COLLECTOR
2025-09-23 22:45:49	3824	2413	0	0	1	2016154	1	1	0	0	28850	58058	0			SUCS	COLLECTOR
2025-09-23 22:45:49	3824	2413	0	0	1	1100101	60	60	0	0	28844	58067	0			SUCS	COLLECTOR
2025-09-23 22:45:49	3824	2413	0	0	1	1100102	6	6	0	0	28858	58074	0			SUCS	COLLECTOR
2025-09-23 22:45:49	3824	2413	0	0	1	540201	1	1	0	0	28844	58063	0			SUCS	COLLECTOR
2025-09-23 22:45:49	3824	2413	0	0	1	1100408	2	2	0	0	28858	58061	0			SUCS	COLLECTOR
2025-09-23 22:45:49	3824	2413	0	0	1	810233	1	1	0	0	28858	58062	0			SUCS	COLLECTOR
2025-09-23 22:45:49	3824	2413	0	0	1	2016132	1	1	0	0	29055	57122	0			SUCS	COLLECTOR
2025-09-23 22:45:49	3824	2413	0	0	1	2016154	2	2	0	0	29056	57125	0			SUCS	COLLECTOR
2025-09-23 22:45:49	3824	2413	0	0	1	1100101	69	69	0	0	29060	57126	0			SUCS	COLLECTOR
2025-09-23 22:45:49	3824	2413	0	0	1	1100102	1	1	0	0	29060	57126	0			SUCS	COLLECTOR
2025-09-23 22:45:49	3824	2413	0	0	1	540009	2	2	0	0	29053	57123	0			SUCS	COLLECTOR
2025-09-23 22:45:49	3824	2413	0	0	1	540200	1	1	0	0	29051	57128	0			SUCS	COLLECTOR
2025-09-23 22:45:49	3824	2413	0	0	1	1100408	2	2	0	0	29061	57128	0			SUCS	COLLECTOR
2025-09-23 22:45:49	3824	2413	0	0	1	810222	1	1	0	0	29056	57130	0			SUCS	COLLECTOR
2025-09-23 22:45:49	3824	2413	0	0	1	2016132	1	1	0	0	28984	57149	0			SUCS	COLLECTOR
2025-09-23 22:45:49	3824	2413	0	0	1	2016154	1	1	0	0	28980	57157	0			SUCS	COLLECTOR
2025-09-23 22:45:49	3824	2413	0	0	1	1100101	92	92	0	0	28982	57163	0			SUCS	COLLECTOR
2025-09-23 22:45:49	3824	2413	0	0	1	1100102	4	4	0	0	28983	57160	0			SUCS	COLLECTOR
2025-09-23 22:45:49	3824	2413	0	0	1	540067	1	1	0	0	28993	57153	0			SUCS	COLLECTOR
2025-09-23 22:45:49	3824	2413	0	0	1	1100408	2	2	0	0	28982	57164	0			SUCS	COLLECTOR
2025-09-23 22:45:49	3824	2413	0	0	1	810232	1	1	0	0	28997	57155	0			SUCS	COLLECTOR
2025-09-23 22:45:49	3824	2413	0	0	1	2016132	1	1	0	0	29076	57169	0			SUCS	COLLECTOR
2025-09-23 22:45:49	3824	2413	0	0	1	2016154	1	1	0	0	29090	57163	0			SUCS	COLLECTOR
2025-09-23 22:45:49	3824	2413	0	0	1	1100101	53	53	0	0	29090	57162	0			SUCS	COLLECTOR
2025-09-23 22:45:49	3824	2413	0	0	1	1100102	5	5	0	0	29074	57163	0			SUCS	COLLECTOR
2025-09-23 22:45:49	3824	2413	0	0	1	540012	1	1	0	0	29078	57155	0			SUCS	COLLECTOR
2025-09-23 22:45:49	3824	2413	0	0	1	540201	1	1	0	0	29079	57166	0			SUCS	COLLECTOR
2025-09-23 22:45:49	3824	2413	0	0	1	540202	1	1	0	0	29089	57153	0			SUCS	COLLECTOR
2025-09-23 22:45:49	3824	2413	0	0	1	1100408	1	1	0	0	29080	57164	0			SUCS	COLLECTOR
2025-09-23 22:45:49	3824	2413	0	0	1	810229	1	1	0	0	29077	57165	0			SUCS	COLLECTOR
2025-09-23 22:45:49	3824	2413	0	0	1	2016132	1	1	0	0	29046	57170	0			SUCS	COLLECTOR
2025-09-23 22:45:49	3824	2413	0	0	1	2016154	1	1	0	0	29057	57165	0			SUCS	COLLECTOR
2025-09-23 22:45:49	3824	2413	0	0	1	1100101	55	55	0	0	29057	57169	0			SUCS	COLLECTOR
2025-09-23 22:45:49	3824	2413	0	0	1	1100102	5	5	0	0	29049	57161	0			SUCS	COLLECTOR
2025-09-23 22:45:49	3824	2413	0	0	1	540059	2	2	0	0	29061	57154	0			SUCS	COLLECTOR
2025-09-23 22:45:49	3824	2413	0	0	1	540201	1	1	0	0	29049	57159	0			SUCS	COLLECTOR
2025-09-23 22:45:49	3824	2413	0	0	1	1100408	3	3	0	0	29055	57162	0			SUCS	COLLECTOR
2025-09-23 22:45:49	3824	2413	0	0	1	810221	1	1	0	0	29059	57157	0			SUCS	COLLECTOR
2025-09-23 22:45:49	3824	2413	0	0	1	2016132	1	1	0	0	29021	57191	0			SUCS	COLLECTOR
2025-09-23 22:45:49	3824	2413	0	0	1	2016154	2	2	0	0	29021	57189	0			SUCS	COLLECTOR
2025-09-23 22:45:49	3824	2413	0	0	1	1100101	83	83	0	0	29032	57193	0			SUCS	COLLECTOR
2025-09-23 22:45:49	3824	2413	0	0	1	1100102	5	5	0	0	29034	57192	0			SUCS	COLLECTOR
2025-09-23 22:45:49	3824	2413	0	0	1	540200	1	1	0	0	29036	57196	0			SUCS	COLLECTOR
2025-09-23 22:45:49	3824	2413	0	0	1	1100408	2	2	0	0	29021	57190	0			SUCS	COLLECTOR
2025-09-23 22:45:49	3824	2413	0	0	1	810232	1	1	0	0	29032	57192	0			SUCS	COLLECTOR
2025-09-23 22:45:49	3824	2413	0	0	1	2016132	1	1	0	0	28920	57051	0			SUCS	COLLECTOR
2025-09-23 22:45:49	3824	2413	0	0	1	2016154	1	1	0	0	28920	57037	0			SUCS	COLLECTOR
2025-09-23 22:45:49	3824	2413	0	0	1	1100101	63	63	0	0	28928	57043	0			SUCS	COLLECTOR
2025-09-23 22:45:49	3824	2413	0	0	1	1100102	6	6	0	0	28922	57041	0			SUCS	COLLECTOR
2025-09-23 22:45:49	3824	2413	0	0	1	540012	2	2	0	0	28927	57050	0			SUCS	COLLECTOR
2025-09-23 22:45:49	3824	2413	0	0	1	1100408	3	3	0	0	28927	57051	0			SUCS	COLLECTOR
2025-09-23 22:45:49	3824	2413	0	0	1	810222	1	1	0	0	28925	57048	0			SUCS	COLLECTOR
2025-09-23 22:45:49	3824	2413	0	0	1	2016132	1	1	0	0	28972	57057	0			SUCS	COLLECTOR
2025-09-23 22:45:49	3824	2413	0	0	1	2016154	1	1	0	0	28978	57056	0			SUCS	COLLECTOR
2025-09-23 22:45:49	3824	2413	0	0	1	1100101	68	68	0	0	28977	57064	0			SUCS	COLLECTOR
2025-09-23 22:45:49	3824	2413	0	0	1	1100102	3	3	0	0	28978	57065	0			SUCS	COLLECTOR
2025-09-23 22:45:49	3824	2413	0	0	1	540067	1	1	0	0	28967	57051	0			SUCS	COLLECTOR
2025-09-23 22:45:49	3824	2413	0	0	1	540201	1	1	0	0	28963	57060	0			SUCS	COLLECTOR
2025-09-23 22:45:49	3824	2413	0	0	1	1100408	1	1	0	0	28968	57051	0			SUCS	COLLECTOR
2025-09-23 22:45:49	3824	2413	0	0	1	810226	1	1	0	0	28962	57065	0			SUCS	COLLECTOR
2025-09-23 22:45:49	3824	2413	0	0	1	2016132	1	1	0	0	29088	57019	0			SUCS	COLLECTOR
2025-09-23 22:45:49	3824	2413	0	0	1	2016154	1	1	0	0	29088	57026	0			SUCS	COLLECTOR
2025-09-23 22:45:49	3824	2413	0	0	1	1100101	53	53	0	0	29086	57019	0			SUCS	COLLECTOR
2025-09-23 22:45:49	3824	2413	0	0	1	1100102	2	2	0	0	29090	57031	0			SUCS	COLLECTOR
2025-09-23 22:45:49	3824	2413	0	0	1	540055	1	1	0	0	29086	57024	0			SUCS	COLLECTOR
2025-09-23 22:45:49	3824	2413	0	0	1	540059	1	1	0	0	29098	57024	0			SUCS	COLLECTOR
2025-09-23 22:45:49	3824	2413	0	0	1	1100408	3	3	0	0	29099	57024	0			SUCS	COLLECTOR
2025-09-23 22:45:49	3824	2413	0	0	1	810228	1	1	0	0	29089	57016	0			SUCS	COLLECTOR
2025-09-23 22:46:30	9676	2711	1	1	0	22000374	80000	24267	56154	24268	56157	1	0	admin	Fraun		
2025-09-23 22:46:33	9676	2711	1	1	0	22000407	80000	23909	56284	23926	56274	1	0	admin	Fraun		
2025-09-23 22:46:49	11132	104	0	0	0	1	0	502308	150510	1138188	0	0	0				
2025-09-23 22:47:49	11132	104	0	0	0	1	0	502320	153249	1156275	0	0	0				
2025-09-23 22:47:49	3824	2413	0	0	1	810233	1	1	0	0	26985	56260	0			SUCS	COLLECTOR
2025-09-23 22:47:49	3824	2413	0	0	1	1100408	5	5	0	0	26986	56267	0			SUCS	COLLECTOR
2025-09-23 22:47:49	3824	2413	0	0	1	540200	1	1	0	0	26990	56270	0			SUCS	COLLECTOR
2025-09-23 22:47:49	3824	2413	0	0	1	540055	1	1	0	0	26987	56259	0			SUCS	COLLECTOR
2025-09-23 22:47:49	3824	2413	0	0	1	1100102	11	11	0	0	26991	56256	0			SUCS	COLLECTOR
2025-09-23 22:47:49	3824	2413	0	0	1	1100101	176	176	0	0	26992	56260	0			SUCS	COLLECTOR
2025-09-23 22:47:49	3824	2413	0	0	1	2016154	1	1	0	0	26977	56272	0			SUCS	COLLECTOR
2025-09-23 22:47:49	3824	2413	0	0	1	2016132	2	2	0	0	26979	56261	0			SUCS	COLLECTOR
2025-09-23 22:47:49	3824	2413	0	0	1	810230	1	1	0	0	27141	56189	0			SUCS	COLLECTOR
2025-09-23 22:47:49	3824	2413	0	0	1	810227	1	1	0	0	27136	56192	0			SUCS	COLLECTOR
2025-09-23 22:47:49	3824	2413	0	0	1	1100408	4	4	0	0	27144	56182	0			SUCS	COLLECTOR
2025-09-23 22:47:49	3824	2413	0	0	1	540013	1	1	0	0	27146	56177	0			SUCS	COLLECTOR
2025-09-23 22:47:49	3824	2413	0	0	1	1100102	15	15	0	0	27133	56184	0			SUCS	COLLECTOR
2025-09-23 22:47:49	3824	2413	0	0	1	1100101	217	217	0	0	27137	56187	0			SUCS	COLLECTOR
2025-09-23 22:47:49	3824	2413	0	0	1	2016154	1	1	0	0	27143	56192	0			SUCS	COLLECTOR
2025-09-23 22:47:49	3824	2413	0	0	1	2016132	2	2	0	0	27150	56190	0			SUCS	COLLECTOR
2025-09-23 22:47:49	3824	2413	0	0	1	810232	1	1	0	0	27170	56127	0			SUCS	COLLECTOR
2025-09-23 22:47:49	3824	2413	0	0	1	2016132	32	32	0	0	29022	56228	0			SUCS	COLLECTOR
2025-09-23 22:47:49	3824	2413	0	0	1	540200	1	1	0	0	29033	56238	0			SUCS	COLLECTOR
2025-09-23 22:47:49	3824	2413	0	0	1	2016098	1	1	0	0	29030	56233	0			SUCS	COLLECTOR
2025-09-23 22:47:49	3824	2413	0	0	1	307046	1	1	0	0	29024	56240	0			SUCS	COLLECTOR
2025-09-23 22:47:49	3824	2413	0	0	1	2016154	3	3	0	0	29027	56238	0			SUCS	COLLECTOR
2025-09-23 22:47:49	3824	2413	0	0	1	810226	1	1	0	0	29023	56244	0			SUCS	COLLECTOR
2025-09-23 22:47:49	3824	2413	0	0	1	810231	1	1	0	0	29027	56237	0			SUCS	COLLECTOR
2025-09-23 22:47:49	3824	2413	0	0	1	2016132	167	167	0	0	28919	56059	0			SUCS	COLLECTOR
2025-09-23 22:47:49	3824	2413	0	0	1	2016153	1	1	0	0	28911	56066	0			SUCS	COLLECTOR
2025-09-23 22:47:49	3824	2413	0	0	1	540200	3	3	0	0	28925	56069	0			SUCS	COLLECTOR
2025-09-23 22:47:49	3824	2413	0	0	1	540201	3	3	0	0	28916	56069	0			SUCS	COLLECTOR
2025-09-23 22:47:49	3824	2413	0	0	1	540202	3	3	0	0	28923	56053	0			SUCS	COLLECTOR
2025-09-23 22:47:49	3824	2413	0	0	1	540203	1	1	0	0	28915	56055	0			SUCS	COLLECTOR
2025-09-23 22:47:49	3824	2413	0	0	1	3100034	1	1	0	0	28924	56059	0			SUCS	COLLECTOR
2025-09-23 22:47:49	3824	2413	0	0	1	3100036	1	1	0	0	28915	56065	0			SUCS	COLLECTOR
2025-09-23 22:47:49	3824	2413	0	0	1	3100037	1	1	0	0	28925	56067	0			SUCS	COLLECTOR
2025-09-23 22:47:49	3824	2413	0	0	1	307051	1	1	0	0	28918	56065	0			SUCS	COLLECTOR
2025-09-23 22:47:49	3824	2413	0	0	1	2016157	1	1	0	0	28918	56059	0			SUCS	COLLECTOR
2025-09-23 22:47:49	3824	2413	0	0	1	2013816	1	1	0	0	28914	56056	0			SUCS	COLLECTOR
2025-09-23 22:47:49	3824	2413	0	0	1	2016132	4	4	0	0	27183	56125	0			SUCS	COLLECTOR
2025-09-23 22:47:49	3824	2413	0	0	1	2016154	2	2	0	0	27176	56123	0			SUCS	COLLECTOR
2025-09-23 22:47:49	3824	2413	0	0	1	1100101	246	246	0	0	27184	56138	0			SUCS	COLLECTOR
2025-09-23 22:47:49	3824	2413	0	0	1	1100102	27	27	0	0	27175	56130	0			SUCS	COLLECTOR
2025-09-23 22:47:49	3824	2413	0	0	1	540012	2	2	0	0	27179	56129	0			SUCS	COLLECTOR
2025-09-23 22:47:49	3824	2413	0	0	1	540200	2	2	0	0	27179	56125	0			SUCS	COLLECTOR
2025-09-23 22:47:49	3824	2413	0	0	1	1100408	3	3	0	0	27179	56128	0			SUCS	COLLECTOR
2025-09-23 22:47:49	3824	2413	0	0	1	810230	1	1	0	0	27181	56135	0			SUCS	COLLECTOR
2025-09-23 22:48:49	11132	104	0	0	0	1	0	502324	155733	1185383	0	0	0				
2025-09-23 22:48:49	3824	2413	0	0	1	810224	1	1	0	0	24965	56269	0			SUCS	COLLECTOR
2025-09-23 22:48:49	3824	2413	0	0	1	810221	1	1	0	0	24952	56270	0			SUCS	COLLECTOR
2025-09-23 22:48:49	3824	2413	0	0	1	1100408	4	4	0	0	24964	56266	0			SUCS	COLLECTOR
2025-09-23 22:48:49	3824	2413	0	0	1	540200	1	1	0	0	24959	56277	0			SUCS	COLLECTOR
2025-09-23 22:48:49	3824	2413	0	0	1	540067	1	1	0	0	24963	56273	0			SUCS	COLLECTOR
2025-09-23 22:48:49	3824	2413	0	0	1	540012	1	1	0	0	24954	56267	0			SUCS	COLLECTOR
2025-09-23 22:48:49	3824	2413	0	0	1	1100102	15	15	0	0	24960	56262	0			SUCS	COLLECTOR
2025-09-23 22:48:49	3824	2413	0	0	1	1100101	268	268	0	0	24956	56261	0			SUCS	COLLECTOR
2025-09-23 22:48:49	3824	2413	0	0	1	2016154	2	2	0	0	24964	56276	0			SUCS	COLLECTOR
2025-09-23 22:48:49	3824	2413	0	0	1	2016132	4	4	0	0	24953	56271	0			SUCS	COLLECTOR
2025-09-23 22:48:49	3824	2413	0	0	1	810228	1	1	0	0	25068	56244	0			SUCS	COLLECTOR
2025-09-23 22:48:49	3824	2413	0	0	1	810227	1	1	0	0	25055	56244	0			SUCS	COLLECTOR
2025-09-23 22:48:49	3824	2413	0	0	1	1100408	4	4	0	0	25053	56245	0			SUCS	COLLECTOR
2025-09-23 22:48:49	3824	2413	0	0	1	540067	1	1	0	0	25069	56248	0			SUCS	COLLECTOR
2025-09-23 22:48:49	3824	2413	0	0	1	540052	2	2	0	0	25053	56242	0			SUCS	COLLECTOR
2025-09-23 22:48:49	3824	2413	0	0	1	540013	2	2	0	0	25069	56246	0			SUCS	COLLECTOR
2025-09-23 22:48:49	3824	2413	0	0	1	1100102	16	16	0	0	25067	56242	0			SUCS	COLLECTOR
2025-09-23 22:48:49	3824	2413	0	0	1	1100101	215	215	0	0	25053	56248	0			SUCS	COLLECTOR
2025-09-23 22:48:49	3824	2413	0	0	1	2016154	3	3	0	0	25061	56245	0			SUCS	COLLECTOR
2025-09-23 22:48:49	3824	2413	0	0	1	2016132	4	4	0	0	25064	56251	0			SUCS	COLLECTOR
2025-09-23 22:48:49	3824	2413	0	0	1	810230	1	1	0	0	25074	56269	0			SUCS	COLLECTOR
2025-09-23 22:48:49	3824	2413	0	0	1	1100408	4	4	0	0	25065	56266	0			SUCS	COLLECTOR
2025-09-23 22:48:49	3824	2413	0	0	1	540200	1	1	0	0	25069	56264	0			SUCS	COLLECTOR
2025-09-23 22:48:49	3824	2413	0	0	1	540052	1	1	0	0	25066	56260	0			SUCS	COLLECTOR
2025-09-23 22:48:49	3824	2413	0	0	1	540009	1	1	0	0	25068	56261	0			SUCS	COLLECTOR
2025-09-23 22:48:49	3824	2413	0	0	1	1100102	9	9	0	0	25073	56275	0			SUCS	COLLECTOR
2025-09-23 22:48:49	3824	2413	0	0	1	1100101	154	154	0	0	25067	56272	0			SUCS	COLLECTOR
2025-09-23 22:48:49	3824	2413	0	0	1	2016154	2	2	0	0	25067	56267	0			SUCS	COLLECTOR
2025-09-23 22:48:49	3824	2413	0	0	1	2016132	3	3	0	0	25070	56263	0			SUCS	COLLECTOR
2025-09-23 22:48:49	3824	2413	0	0	1	810226	1	1	0	0	25096	56266	0			SUCS	COLLECTOR
2025-09-23 22:48:49	3824	2413	0	0	1	1100408	4	4	0	0	25090	56276	0			SUCS	COLLECTOR
2025-09-23 22:48:49	3824	2413	0	0	1	540059	1	1	0	0	25098	56260	0			SUCS	COLLECTOR
2025-09-23 22:48:49	3824	2413	0	0	1	540012	1	1	0	0	25094	56259	0			SUCS	COLLECTOR
2025-09-23 22:48:49	3824	2413	0	0	1	1100102	9	9	0	0	25090	56271	0			SUCS	COLLECTOR
2025-09-23 22:48:49	3824	2413	0	0	1	1100101	244	244	0	0	25086	56275	0			SUCS	COLLECTOR
2025-09-23 22:48:49	3824	2413	0	0	1	2016154	1	1	0	0	25095	56272	0			SUCS	COLLECTOR
2025-09-23 22:48:49	3824	2413	0	0	1	2016132	5	5	0	0	25093	56264	0			SUCS	COLLECTOR
2025-09-23 22:48:49	3824	2413	0	0	1	810222	1	1	0	0	24952	56081	0			SUCS	COLLECTOR
2025-09-23 22:48:49	3824	2413	0	0	1	1100408	3	3	0	0	24957	56081	0			SUCS	COLLECTOR
2025-09-23 22:48:49	3824	2413	0	0	1	540065	1	1	0	0	24949	56079	0			SUCS	COLLECTOR
2025-09-23 22:48:49	3824	2413	0	0	1	1100102	16	16	0	0	24952	56080	0			SUCS	COLLECTOR
2025-09-23 22:48:49	3824	2413	0	0	1	1100101	152	152	0	0	24948	56071	0			SUCS	COLLECTOR
2025-09-23 22:48:49	3824	2413	0	0	1	2016154	1	1	0	0	24953	56070	0			SUCS	COLLECTOR
2025-09-23 22:48:49	3824	2413	0	0	1	2016132	5	5	0	0	24956	56076	0			SUCS	COLLECTOR
2025-09-23 22:48:49	3824	2413	0	0	1	810230	1	1	0	0	25095	56062	0			SUCS	COLLECTOR
2025-09-23 22:48:49	3824	2413	0	0	1	1100408	4	4	0	0	25095	56071	0			SUCS	COLLECTOR
2025-09-23 22:48:49	3824	2413	0	0	1	540201	1	1	0	0	25080	56074	0			SUCS	COLLECTOR
2025-09-23 22:48:49	3824	2413	0	0	1	540067	1	1	0	0	25087	56073	0			SUCS	COLLECTOR
2025-09-23 22:48:49	3824	2413	0	0	1	540010	1	1	0	0	25095	56074	0			SUCS	COLLECTOR
2025-09-23 22:48:49	3824	2413	0	0	1	1100102	16	16	0	0	25096	56069	0			SUCS	COLLECTOR
2025-09-23 22:48:49	3824	2413	0	0	1	1100101	248	248	0	0	25089	56076	0			SUCS	COLLECTOR
2025-09-23 22:48:49	3824	2413	0	0	1	2016154	3	3	0	0	25084	56063	0			SUCS	COLLECTOR
2025-09-23 22:48:49	3824	2413	0	0	1	2016132	5	5	0	0	25088	56066	0			SUCS	COLLECTOR
2025-09-23 22:48:49	3824	2413	0	0	1	810232	1	1	0	0	25091	56060	0			SUCS	COLLECTOR
2025-09-23 22:48:49	3824	2413	0	0	1	1100408	5	5	0	0	25103	56057	0			SUCS	COLLECTOR
2025-09-23 22:48:49	3824	2413	0	0	1	540201	1	1	0	0	25103	56054	0			SUCS	COLLECTOR
2025-09-23 22:48:49	3824	2413	0	0	1	540200	1	1	0	0	25101	56064	0			SUCS	COLLECTOR
2025-09-23 22:48:49	3824	2413	0	0	1	540076	1	1	0	0	25102	56052	0			SUCS	COLLECTOR
2025-09-23 22:48:49	3824	2413	0	0	1	540065	1	1	0	0	25099	56055	0			SUCS	COLLECTOR
2025-09-23 22:48:49	3824	2413	0	0	1	540013	1	1	0	0	25093	56066	0			SUCS	COLLECTOR
2025-09-23 22:48:49	3824	2413	0	0	1	1100102	10	10	0	0	25090	56060	0			SUCS	COLLECTOR
2025-09-23 22:48:49	3824	2413	0	0	1	1100101	175	175	0	0	25087	56067	0			SUCS	COLLECTOR
2025-09-23 22:48:49	3824	2413	0	0	1	2016154	3	3	0	0	25097	56065	0			SUCS	COLLECTOR
2025-09-23 22:48:49	3824	2413	0	0	1	2016132	3	3	0	0	25095	56062	0			SUCS	COLLECTOR
2025-09-23 22:48:49	3824	2413	0	0	1	810226	1	1	0	0	25066	56120	0			SUCS	COLLECTOR
2025-09-23 22:48:49	3824	2413	0	0	1	1100408	4	4	0	0	25062	56118	0			SUCS	COLLECTOR
2025-09-23 22:48:49	3824	2413	0	0	1	540065	1	1	0	0	25061	56119	0			SUCS	COLLECTOR
2025-09-23 22:48:49	3824	2413	0	0	1	540037	1	1	0	0	25059	56115	0			SUCS	COLLECTOR
2025-09-23 22:48:49	3824	2413	0	0	1	540009	1	1	0	0	25068	56116	0			SUCS	COLLECTOR
2025-09-23 22:48:49	3824	2413	0	0	1	1100102	14	14	0	0	25051	56114	0			SUCS	COLLECTOR
2025-09-23 22:48:49	3824	2413	0	0	1	1100101	246	246	0	0	25067	56109	0			SUCS	COLLECTOR
2025-09-23 22:48:49	3824	2413	0	0	1	2016154	2	2	0	0	25055	56116	0			SUCS	COLLECTOR
2025-09-23 22:48:49	3824	2413	0	0	1	2016132	4	4	0	0	25064	56109	0			SUCS	COLLECTOR
2025-09-23 22:48:49	3824	2413	0	0	1	810231	1	1	0	0	25879	56132	0			SUCS	COLLECTOR
2025-09-23 22:48:49	3824	2413	0	0	1	810222	1	1	0	0	25870	56133	0			SUCS	COLLECTOR
2025-09-23 22:48:49	3824	2413	0	0	1	1100408	4	4	0	0	25878	56136	0			SUCS	COLLECTOR
2025-09-23 22:48:49	3824	2413	0	0	1	540055	1	1	0	0	25870	56142	0			SUCS	COLLECTOR
2025-09-23 22:48:49	3824	2413	0	0	1	1100102	10	10	0	0	25877	56140	0			SUCS	COLLECTOR
2025-09-23 22:48:49	3824	2413	0	0	1	1100101	155	155	0	0	25873	56133	0			SUCS	COLLECTOR
2025-09-23 22:48:49	3824	2413	0	0	1	2016154	2	2	0	0	25885	56141	0			SUCS	COLLECTOR
2025-09-23 22:48:49	3824	2413	0	0	1	2016132	3	3	0	0	25874	56140	0			SUCS	COLLECTOR
2025-09-23 22:48:49	3824	2413	0	0	1	810233	1	1	0	0	25873	56077	0			SUCS	COLLECTOR
2025-09-23 22:48:49	3824	2413	0	0	1	1100408	4	4	0	0	25871	56072	0			SUCS	COLLECTOR
2025-09-23 22:48:49	3824	2413	0	0	1	540065	2	2	0	0	25863	56076	0			SUCS	COLLECTOR
2025-09-23 22:48:49	3824	2413	0	0	1	540009	1	1	0	0	25865	56078	0			SUCS	COLLECTOR
2025-09-23 22:48:49	3824	2413	0	0	1	1100102	6	6	0	0	25866	56076	0			SUCS	COLLECTOR
2025-09-23 22:48:49	3824	2413	0	0	1	1100101	94	94	0	0	25878	56072	0			SUCS	COLLECTOR
2025-09-23 22:48:49	3824	2413	0	0	1	2016154	3	3	0	0	25870	56084	0			SUCS	COLLECTOR
2025-09-23 22:48:49	3824	2413	0	0	1	2016132	1	1	0	0	25872	56076	0			SUCS	COLLECTOR
2025-09-23 22:48:49	3824	2413	0	0	1	810229	1	1	0	0	25962	56263	0			SUCS	COLLECTOR
2025-09-23 22:48:49	3824	2413	0	0	1	1100408	3	3	0	0	25969	56263	0			SUCS	COLLECTOR
2025-09-23 22:48:49	3824	2413	0	0	1	540200	1	1	0	0	25974	56264	0			SUCS	COLLECTOR
2025-09-23 22:48:49	3824	2413	0	0	1	540065	1	1	0	0	25976	56260	0			SUCS	COLLECTOR
2025-09-23 22:48:49	3824	2413	0	0	1	1100102	3	3	0	0	25976	56256	0			SUCS	COLLECTOR
2025-09-23 22:48:49	3824	2413	0	0	1	1100101	108	108	0	0	25960	56248	0			SUCS	COLLECTOR
2025-09-23 22:48:49	3824	2413	0	0	1	2016154	2	2	0	0	25966	56248	0			SUCS	COLLECTOR
2025-09-23 22:48:49	3824	2413	0	0	1	2016132	4	4	0	0	25973	56260	0			SUCS	COLLECTOR
2025-09-23 22:48:49	3824	2413	0	0	1	810231	1	1	0	0	25944	56214	0			SUCS	COLLECTOR
2025-09-23 22:48:49	3824	2413	0	0	1	810230	1	1	0	0	25951	56203	0			SUCS	COLLECTOR
2025-09-23 22:48:49	3824	2413	0	0	1	1100408	3	3	0	0	25942	56208	0			SUCS	COLLECTOR
2025-09-23 22:48:49	3824	2413	0	0	1	540201	1	1	0	0	25949	56214	0			SUCS	COLLECTOR
2025-09-23 22:48:49	3824	2413	0	0	1	540200	1	1	0	0	25940	56203	0			SUCS	COLLECTOR
2025-09-23 22:48:49	3824	2413	0	0	1	540065	2	2	0	0	25950	56211	0			SUCS	COLLECTOR
2025-09-23 22:48:49	3824	2413	0	0	1	540059	1	1	0	0	25943	56205	0			SUCS	COLLECTOR
2025-09-23 22:48:49	3824	2413	0	0	1	1100102	7	7	0	0	25941	56213	0			SUCS	COLLECTOR
2025-09-23 22:48:49	3824	2413	0	0	1	1100101	235	235	0	0	25942	56210	0			SUCS	COLLECTOR
2025-09-23 22:48:49	3824	2413	0	0	1	2016154	3	3	0	0	25943	56217	0			SUCS	COLLECTOR
2025-09-23 22:48:49	3824	2413	0	0	1	2016132	5	5	0	0	25942	56214	0			SUCS	COLLECTOR
2025-09-23 22:48:49	3824	2413	0	0	1	810231	1	1	0	0	25964	56125	0			SUCS	COLLECTOR
2025-09-23 22:48:49	3824	2413	0	0	1	810225	1	1	0	0	25967	56131	0			SUCS	COLLECTOR
2025-09-23 22:48:49	3824	2413	0	0	1	1100408	3	3	0	0	25963	56129	0			SUCS	COLLECTOR
2025-09-23 22:48:49	3824	2413	0	0	1	540065	1	1	0	0	25961	56130	0			SUCS	COLLECTOR
2025-09-23 22:48:49	3824	2413	0	0	1	540059	2	2	0	0	25954	56118	0			SUCS	COLLECTOR
2025-09-23 22:48:49	3824	2413	0	0	1	540055	1	1	0	0	25956	56122	0			SUCS	COLLECTOR
2025-09-23 22:48:49	3824	2413	0	0	1	540013	1	1	0	0	25963	56122	0			SUCS	COLLECTOR
2025-09-23 22:48:49	3824	2413	0	0	1	1100102	4	4	0	0	25966	56131	0			SUCS	COLLECTOR
2025-09-23 22:48:49	3824	2413	0	0	1	1100101	174	174	0	0	25970	56119	0			SUCS	COLLECTOR
2025-09-23 22:48:49	3824	2413	0	0	1	2016154	2	2	0	0	25964	56124	0			SUCS	COLLECTOR
2025-09-23 22:48:49	3824	2413	0	0	1	2016132	4	4	0	0	25969	56128	0			SUCS	COLLECTOR
2025-09-23 22:48:49	3824	2413	0	0	1	810226	1	1	0	0	26079	56132	0			SUCS	COLLECTOR
2025-09-23 22:48:49	3824	2413	0	0	1	810225	1	1	0	0	26075	56136	0			SUCS	COLLECTOR
2025-09-23 22:48:49	3824	2413	0	0	1	1100408	3	3	0	0	26071	56131	0			SUCS	COLLECTOR
2025-09-23 22:48:49	3824	2413	0	0	1	540200	1	1	0	0	26081	56138	0			SUCS	COLLECTOR
2025-09-23 22:48:49	3824	2413	0	0	1	540013	1	1	0	0	26083	56143	0			SUCS	COLLECTOR
2025-09-23 22:48:49	3824	2413	0	0	1	540012	1	1	0	0	26077	56140	0			SUCS	COLLECTOR
2025-09-23 22:48:49	3824	2413	0	0	1	1100102	14	14	0	0	26081	56144	0			SUCS	COLLECTOR
2025-09-23 22:48:49	3824	2413	0	0	1	1100101	286	286	0	0	26070	56140	0			SUCS	COLLECTOR
2025-09-23 22:48:49	3824	2413	0	0	1	2016154	1	1	0	0	26069	56138	0			SUCS	COLLECTOR
2025-09-23 22:48:49	3824	2413	0	0	1	2016132	3	3	0	0	26085	56140	0			SUCS	COLLECTOR
2025-09-23 22:48:49	3824	2413	0	0	1	810231	1	1	0	0	26054	56147	0			SUCS	COLLECTOR
2025-09-23 22:48:49	3824	2413	0	0	1	1100408	3	3	0	0	26053	56156	0			SUCS	COLLECTOR
2025-09-23 22:48:49	3824	2413	0	0	1	540013	1	1	0	0	26056	56157	0			SUCS	COLLECTOR
2025-09-23 22:48:49	3824	2413	0	0	1	540012	1	1	0	0	26062	56160	0			SUCS	COLLECTOR
2025-09-23 22:48:49	3824	2413	0	0	1	1100102	10	10	0	0	26059	56160	0			SUCS	COLLECTOR
2025-09-23 22:48:49	3824	2413	0	0	1	1100101	128	128	0	0	26058	56150	0			SUCS	COLLECTOR
2025-09-23 22:48:49	3824	2413	0	0	1	2016154	1	1	0	0	26061	56154	0			SUCS	COLLECTOR
2025-09-23 22:48:49	3824	2413	0	0	1	2016132	5	5	0	0	26061	56158	0			SUCS	COLLECTOR
2025-09-23 22:48:49	3824	2413	0	0	1	810223	1	1	0	0	26051	56202	0			SUCS	COLLECTOR
2025-09-23 22:48:49	3824	2413	0	0	1	810222	1	1	0	0	26056	56211	0			SUCS	COLLECTOR
2025-09-23 22:48:49	3824	2413	0	0	1	1100408	3	3	0	0	26050	56203	0			SUCS	COLLECTOR
2025-09-23 22:48:49	3824	2413	0	0	1	540067	1	1	0	0	26064	56206	0			SUCS	COLLECTOR
2025-09-23 22:48:49	3824	2413	0	0	1	540065	1	1	0	0	26048	56201	0			SUCS	COLLECTOR
2025-09-23 22:48:49	3824	2413	0	0	1	540059	1	1	0	0	26064	56202	0			SUCS	COLLECTOR
2025-09-23 22:48:49	3824	2413	0	0	1	540052	1	1	0	0	26048	56203	0			SUCS	COLLECTOR
2025-09-23 22:48:49	3824	2413	0	0	1	540013	1	1	0	0	26053	56211	0			SUCS	COLLECTOR
2025-09-23 22:48:49	3824	2413	0	0	1	1100102	6	6	0	0	26053	56199	0			SUCS	COLLECTOR
2025-09-23 22:48:49	3824	2413	0	0	1	1100101	128	128	0	0	26055	56213	0			SUCS	COLLECTOR
2025-09-23 22:48:49	3824	2413	0	0	1	2016154	1	1	0	0	26058	56200	0			SUCS	COLLECTOR
2025-09-23 22:48:49	3824	2413	0	0	1	2016132	1	1	0	0	26050	56207	0			SUCS	COLLECTOR
2025-09-23 22:48:49	3824	2413	0	0	1	810231	1	1	0	0	26847	56015	0			SUCS	COLLECTOR
2025-09-23 22:48:49	3824	2413	0	0	1	810225	1	1	0	0	26847	56017	0			SUCS	COLLECTOR
2025-09-23 22:48:49	3824	2413	0	0	1	1100408	3	3	0	0	26847	56017	0			SUCS	COLLECTOR
2025-09-23 22:48:49	3824	2413	0	0	1	540201	1	1	0	0	26849	56027	0			SUCS	COLLECTOR
2025-09-23 22:48:49	3824	2413	0	0	1	540200	1	1	0	0	26846	56026	0			SUCS	COLLECTOR
2025-09-23 22:48:49	3824	2413	0	0	1	540052	1	1	0	0	26843	56015	0			SUCS	COLLECTOR
2025-09-23 22:48:49	3824	2413	0	0	1	1100102	11	11	0	0	26843	56024	0			SUCS	COLLECTOR
2025-09-23 22:48:49	3824	2413	0	0	1	1100101	244	244	0	0	26848	56024	0			SUCS	COLLECTOR
2025-09-23 22:48:49	3824	2413	0	0	1	540012	1	1	0	0	26974	56225	0			SUCS	COLLECTOR
2025-09-23 22:48:49	3824	2413	0	0	1	540010	1	1	0	0	26973	56224	0			SUCS	COLLECTOR
2025-09-23 22:48:49	3824	2413	0	0	1	1100102	15	15	0	0	26966	56212	0			SUCS	COLLECTOR
2025-09-23 22:48:49	3824	2413	0	0	1	1100101	172	172	0	0	26964	56226	0			SUCS	COLLECTOR
2025-09-23 22:48:49	3824	2413	0	0	1	2016154	2	2	0	0	26976	56222	0			SUCS	COLLECTOR
2025-09-23 22:48:49	3824	2413	0	0	1	2016132	3	3	0	0	26965	56211	0			SUCS	COLLECTOR
2025-09-23 22:48:49	3824	2413	0	0	1	2016154	2	2	0	0	26849	56022	0			SUCS	COLLECTOR
2025-09-23 22:48:49	3824	2413	0	0	1	2016132	4	4	0	0	26852	56025	0			SUCS	COLLECTOR
2025-09-23 22:48:49	3824	2413	0	0	1	810221	1	1	0	0	26847	56166	0			SUCS	COLLECTOR
2025-09-23 22:48:49	3824	2413	0	0	1	1100408	5	5	0	0	26857	56175	0			SUCS	COLLECTOR
2025-09-23 22:48:49	3824	2413	0	0	1	540200	1	1	0	0	26862	56166	0			SUCS	COLLECTOR
2025-09-23 22:48:49	3824	2413	0	0	1	540065	3	3	0	0	26860	56178	0			SUCS	COLLECTOR
2025-09-23 22:48:49	3824	2413	0	0	1	1100102	11	11	0	0	26847	56171	0			SUCS	COLLECTOR
2025-09-23 22:48:49	3824	2413	0	0	1	1100101	182	182	0	0	26852	56167	0			SUCS	COLLECTOR
2025-09-23 22:48:49	3824	2413	0	0	1	2016154	3	3	0	0	26849	56173	0			SUCS	COLLECTOR
2025-09-23 22:48:49	3824	2413	0	0	1	2016132	2	2	0	0	26854	56169	0			SUCS	COLLECTOR
2025-09-23 22:48:49	3824	2413	0	0	1	810231	1	1	0	0	27086	56365	0			SUCS	COLLECTOR
2025-09-23 22:48:49	3824	2413	0	0	1	810229	1	1	0	0	27092	56362	0			SUCS	COLLECTOR
2025-09-23 22:48:49	3824	2413	0	0	1	1100408	4	4	0	0	27089	56351	0			SUCS	COLLECTOR
2025-09-23 22:48:49	3824	2413	0	0	1	540052	1	1	0	0	27083	56362	0			SUCS	COLLECTOR
2025-09-23 22:48:49	3824	2413	0	0	1	540009	1	1	0	0	27091	56358	0			SUCS	COLLECTOR
2025-09-23 22:48:49	3824	2413	0	0	1	1100102	9	9	0	0	27094	56362	0			SUCS	COLLECTOR
2025-09-23 22:48:49	3824	2413	0	0	1	1100101	112	112	0	0	27092	56354	0			SUCS	COLLECTOR
2025-09-23 22:48:49	3824	2413	0	0	1	2016154	2	2	0	0	27089	56350	0			SUCS	COLLECTOR
2025-09-23 22:48:49	3824	2413	0	0	1	2016132	1	1	0	0	27098	56362	0			SUCS	COLLECTOR
2025-09-23 22:48:49	3824	2413	0	0	1	810230	1	1	0	0	26969	56020	0			SUCS	COLLECTOR
2025-09-23 22:48:49	3824	2413	0	0	1	1100408	5	5	0	0	26963	56027	0			SUCS	COLLECTOR
2025-09-23 22:48:49	3824	2413	0	0	1	540202	1	1	0	0	26964	56030	0			SUCS	COLLECTOR
2025-09-23 22:48:49	3824	2413	0	0	1	540200	1	1	0	0	26966	56021	0			SUCS	COLLECTOR
2025-09-23 22:48:49	3824	2413	0	0	1	1100102	15	15	0	0	26969	56015	0			SUCS	COLLECTOR
2025-09-23 22:48:49	3824	2413	0	0	1	1100101	175	175	0	0	26966	56023	0			SUCS	COLLECTOR
2025-09-23 22:48:49	3824	2413	0	0	1	2016154	2	2	0	0	26964	56026	0			SUCS	COLLECTOR
2025-09-23 22:48:49	3824	2413	0	0	1	2016132	5	5	0	0	26969	56020	0			SUCS	COLLECTOR
2025-09-23 22:48:49	3824	2413	0	0	1	540067	1	1	0	0	26970	56212	0			SUCS	COLLECTOR
2025-09-23 22:48:49	3824	2413	0	0	1	1100408	5	5	0	0	26966	56213	0			SUCS	COLLECTOR
2025-09-23 22:48:49	3824	2413	0	0	1	810228	1	1	0	0	26970	56218	0			SUCS	COLLECTOR
2025-09-23 22:48:49	3824	2413	0	0	1	810229	1	1	0	0	26973	56218	0			SUCS	COLLECTOR
2025-09-23 22:49:29	15776	2201	1	1	100	0	0	0	0	0	0	0	0	admin	Fraun		/regenerate 22000376 1
2025-09-23 22:49:33	9676	2711	1	1	0	22000376	80000	24049	51559	24043	51562	1	0	admin	Fraun		
2025-09-23 22:49:49	11132	104	0	0	0	1	0	502332	158362	1200535	0	0	0				
2025-09-23 22:50:49	11132	104	0	0	0	1	0	502332	160396	1207436	0	0	0				
2025-09-23 22:50:49	3824	2413	0	0	1	2016141	1	1	0	0	23907	56280	0			SUCS	COLLECTOR
2025-09-23 22:50:49	3824	2413	0	0	1	810233	1	1	0	0	23906	56290	0			SUCS	COLLECTOR
2025-09-23 22:50:49	3824	2413	0	0	1	810229	1	1	0	0	23913	56291	0			SUCS	COLLECTOR
2025-09-23 22:50:49	3824	2413	0	0	1	810226	1	1	0	0	23912	56284	0			SUCS	COLLECTOR
2025-09-23 22:50:49	3824	2413	0	0	1	2016154	3	3	0	0	23902	56280	0			SUCS	COLLECTOR
2025-09-23 22:50:49	3824	2413	0	0	1	307044	1	1	0	0	23901	56279	0			SUCS	COLLECTOR
2025-09-23 22:50:49	3824	2413	0	0	1	2016098	1	1	0	0	23905	56287	0			SUCS	COLLECTOR
2025-09-23 22:50:49	3824	2413	0	0	1	540201	1	1	0	0	23910	56284	0			SUCS	COLLECTOR
2025-09-23 22:50:49	3824	2413	0	0	1	540200	4	4	0	0	23901	56276	0			SUCS	COLLECTOR
2025-09-23 22:50:49	3824	2413	0	0	1	2016132	22	22	0	0	23911	56276	0			SUCS	COLLECTOR
2025-09-23 22:50:49	3824	2413	0	0	1	2013816	1	1	0	0	24267	56157	0			SUCS	COLLECTOR
2025-09-23 22:50:49	3824	2413	0	0	1	2016157	1	1	0	0	24272	56151	0			SUCS	COLLECTOR
2025-09-23 22:50:49	3824	2413	0	0	1	3100037	1	1	0	0	24272	56146	0			SUCS	COLLECTOR
2025-09-23 22:50:49	3824	2413	0	0	1	3100036	1	1	0	0	24263	56160	0			SUCS	COLLECTOR
2025-09-23 22:50:49	3824	2413	0	0	1	3100034	1	1	0	0	24269	56155	0			SUCS	COLLECTOR
2025-09-23 22:50:49	3824	2413	0	0	1	540202	3	3	0	0	24270	56150	0			SUCS	COLLECTOR
2025-09-23 22:50:49	3824	2413	0	0	1	540201	2	2	0	0	24258	56156	0			SUCS	COLLECTOR
2025-09-23 22:50:49	3824	2413	0	0	1	540200	12	12	0	0	24260	56150	0			SUCS	COLLECTOR
2025-09-23 22:50:49	3824	2413	0	0	1	2016153	2	2	0	0	24258	56155	0			SUCS	COLLECTOR
2025-09-23 22:50:49	3824	2413	0	0	1	2016132	215	215	0	0	24258	56148	0			SUCS	COLLECTOR
2025-09-23 22:50:55	9676	2711	1	1	0	22000376	80000	23924	51176	23878	51123	1	0	admin	Fraun		
2025-09-23 22:51:49	11132	104	0	0	0	1	0	502344	165414	1243194	0	0	0				
2025-09-23 22:51:49	3824	2413	0	0	1	810223	1	1	0	0	24000	54162	0			SUCS	COLLECTOR
2025-09-23 22:51:49	3824	2413	0	0	1	810221	1	1	0	0	24009	54163	0			SUCS	COLLECTOR
2025-09-23 22:51:49	3824	2413	0	0	1	1100408	3	3	0	0	24006	54160	0			SUCS	COLLECTOR
2025-09-23 22:51:49	3824	2413	0	0	1	540065	1	1	0	0	23998	54173	0			SUCS	COLLECTOR
2025-09-23 22:51:49	3824	2413	0	0	1	1100102	14	14	0	0	23998	54172	0			SUCS	COLLECTOR
2025-09-23 22:51:49	3824	2413	0	0	1	1100101	195	195	0	0	24006	54166	0			SUCS	COLLECTOR
2025-09-23 22:51:49	3824	2413	0	0	1	2016154	1	1	0	0	23995	54170	0			SUCS	COLLECTOR
2025-09-23 22:51:49	3824	2413	0	0	1	2016132	5	5	0	0	24008	54163	0			SUCS	COLLECTOR
2025-09-23 22:51:49	3824	2413	0	0	1	810234	1	1	0	0	24103	54169	0			SUCS	COLLECTOR
2025-09-23 22:51:49	3824	2413	0	0	1	810222	1	1	0	0	24109	54164	0			SUCS	COLLECTOR
2025-09-23 22:51:49	3824	2413	0	0	1	1100408	3	3	0	0	24103	54179	0			SUCS	COLLECTOR
2025-09-23 22:51:49	3824	2413	0	0	1	540059	1	1	0	0	24102	54175	0			SUCS	COLLECTOR
2025-09-23 22:51:49	3824	2413	0	0	1	540012	1	1	0	0	24099	54176	0			SUCS	COLLECTOR
2025-09-23 22:51:49	3824	2413	0	0	1	1100102	5	5	0	0	24103	54177	0			SUCS	COLLECTOR
2025-09-23 22:51:49	3824	2413	0	0	1	1100101	146	146	0	0	24109	54173	0			SUCS	COLLECTOR
2025-09-23 22:51:49	3824	2413	0	0	1	2016154	2	2	0	0	24112	54179	0			SUCS	COLLECTOR
2025-09-23 22:51:49	3824	2413	0	0	1	2016132	5	5	0	0	24103	54178	0			SUCS	COLLECTOR
2025-09-23 22:51:49	3824	2413	0	0	1	2016132	5	5	0	0	24003	54293	0			SUCS	COLLECTOR
2025-09-23 22:51:49	3824	2413	0	0	1	810229	1	1	0	0	24009	54281	0			SUCS	COLLECTOR
2025-09-23 22:51:49	3824	2413	0	0	1	810225	1	1	0	0	24004	54282	0			SUCS	COLLECTOR
2025-09-23 22:51:49	3824	2413	0	0	1	1100408	5	5	0	0	24005	54286	0			SUCS	COLLECTOR
2025-09-23 22:51:49	3824	2413	0	0	1	540010	1	1	0	0	23998	54271	0			SUCS	COLLECTOR
2025-09-23 22:51:49	3824	2413	0	0	1	1100102	18	18	0	0	23994	54281	0			SUCS	COLLECTOR
2025-09-23 22:51:49	3824	2413	0	0	1	1100101	233	233	0	0	24008	54269	0			SUCS	COLLECTOR
2025-09-23 22:51:49	3824	2413	0	0	1	2016154	3	3	0	0	24000	54271	0			SUCS	COLLECTOR
2025-09-23 22:51:49	3824	2413	0	0	1	2016132	4	4	0	0	24005	54284	0			SUCS	COLLECTOR
2025-09-23 22:51:49	3824	2413	0	0	1	810230	1	1	0	0	23997	54281	0			SUCS	COLLECTOR
2025-09-23 22:51:49	3824	2413	0	0	1	810228	1	1	0	0	23998	54282	0			SUCS	COLLECTOR
2025-09-23 22:51:49	3824	2413	0	0	1	1100408	4	4	0	0	24006	54287	0			SUCS	COLLECTOR
2025-09-23 22:51:49	3824	2413	0	0	1	540013	2	2	0	0	24003	54290	0			SUCS	COLLECTOR
2025-09-23 22:51:49	3824	2413	0	0	1	1100102	13	13	0	0	23990	54290	0			SUCS	COLLECTOR
2025-09-23 22:51:49	3824	2413	0	0	1	1100101	204	204	0	0	24002	54287	0			SUCS	COLLECTOR
2025-09-23 22:51:49	3824	2413	0	0	1	2016154	2	2	0	0	24005	54297	0			SUCS	COLLECTOR
2025-09-23 22:51:49	3824	2413	0	0	1	2016132	5	5	0	0	24005	54280	0			SUCS	COLLECTOR
2025-09-23 22:51:49	3824	2413	0	0	1	810225	1	1	0	0	24023	54266	0			SUCS	COLLECTOR
2025-09-23 22:51:49	3824	2413	0	0	1	810222	1	1	0	0	24012	54264	0			SUCS	COLLECTOR
2025-09-23 22:51:49	3824	2413	0	0	1	1100408	3	3	0	0	24014	54263	0			SUCS	COLLECTOR
2025-09-23 22:51:49	3824	2413	0	0	1	540055	1	1	0	0	24013	54279	0			SUCS	COLLECTOR
2025-09-23 22:51:49	3824	2413	0	0	1	1100102	16	16	0	0	24025	54272	0			SUCS	COLLECTOR
2025-09-23 22:51:49	3824	2413	0	0	1	1100101	197	197	0	0	24024	54266	0			SUCS	COLLECTOR
2025-09-23 22:51:49	3824	2413	0	0	1	2016154	2	2	0	0	24020	54280	0			SUCS	COLLECTOR
2025-09-23 22:51:49	3824	2413	0	0	1	2016132	3	3	0	0	24021	54276	0			SUCS	COLLECTOR
2025-09-23 22:51:49	3824	2413	0	0	1	2016154	1	1	0	0	23997	54307	0			SUCS	COLLECTOR
2025-09-23 22:51:49	3824	2413	0	0	1	1100101	216	216	0	0	23997	54296	0			SUCS	COLLECTOR
2025-09-23 22:51:49	3824	2413	0	0	1	1100102	13	13	0	0	24000	54307	0			SUCS	COLLECTOR
2025-09-23 22:51:49	3824	2413	0	0	1	540010	2	2	0	0	24008	54294	0			SUCS	COLLECTOR
2025-09-23 22:51:49	3824	2413	0	0	1	540013	1	1	0	0	24008	54306	0			SUCS	COLLECTOR
2025-09-23 22:51:49	3824	2413	0	0	1	540059	1	1	0	0	24009	54298	0			SUCS	COLLECTOR
2025-09-23 22:51:49	3824	2413	0	0	1	540065	1	1	0	0	23997	54304	0			SUCS	COLLECTOR
2025-09-23 22:51:49	3824	2413	0	0	1	1100408	4	4	0	0	24007	54301	0			SUCS	COLLECTOR
2025-09-23 22:51:49	3824	2413	0	0	1	810234	1	1	0	0	24010	54294	0			SUCS	COLLECTOR
2025-09-23 22:51:49	3824	2413	0	0	1	810224	1	1	0	0	23978	54109	0			SUCS	COLLECTOR
2025-09-23 22:51:49	3824	2413	0	0	1	1100408	3	3	0	0	23988	54112	0			SUCS	COLLECTOR
2025-09-23 22:51:49	3824	2413	0	0	1	540065	1	1	0	0	23995	54123	0			SUCS	COLLECTOR
2025-09-23 22:51:49	3824	2413	0	0	1	540059	3	3	0	0	23979	54111	0			SUCS	COLLECTOR
2025-09-23 22:51:49	3824	2413	0	0	1	540010	1	1	0	0	23979	54122	0			SUCS	COLLECTOR
2025-09-23 22:51:49	3824	2413	0	0	1	1100102	5	5	0	0	23981	54113	0			SUCS	COLLECTOR
2025-09-23 22:51:49	3824	2413	0	0	1	1100101	125	125	0	0	23991	54123	0			SUCS	COLLECTOR
2025-09-23 22:51:49	3824	2413	0	0	1	2016154	3	3	0	0	23994	54119	0			SUCS	COLLECTOR
2025-09-23 22:51:49	3824	2413	0	0	1	2016132	3	3	0	0	23978	54109	0			SUCS	COLLECTOR
2025-09-23 22:51:49	3824	2413	0	0	1	810224	1	1	0	0	24080	54170	0			SUCS	COLLECTOR
2025-09-23 22:51:49	3824	2413	0	0	1	810222	1	1	0	0	24081	54174	0			SUCS	COLLECTOR
2025-09-23 22:51:49	3824	2413	0	0	1	1100408	3	3	0	0	24088	54162	0			SUCS	COLLECTOR
2025-09-23 22:51:49	3824	2413	0	0	1	540065	1	1	0	0	24076	54168	0			SUCS	COLLECTOR
2025-09-23 22:51:49	3824	2413	0	0	1	540059	2	2	0	0	24084	54173	0			SUCS	COLLECTOR
2025-09-23 22:51:49	3824	2413	0	0	1	540012	1	1	0	0	24078	54166	0			SUCS	COLLECTOR
2025-09-23 22:51:49	3824	2413	0	0	1	1100102	5	5	0	0	24087	54166	0			SUCS	COLLECTOR
2025-09-23 22:51:49	3824	2413	0	0	1	1100101	115	115	0	0	24087	54167	0			SUCS	COLLECTOR
2025-09-23 22:51:49	3824	2413	0	0	1	2016154	2	2	0	0	24074	54167	0			SUCS	COLLECTOR
2025-09-23 22:51:49	3824	2413	0	0	1	2016132	5	5	0	0	24082	54164	0			SUCS	COLLECTOR
2025-09-23 22:52:49	11132	104	0	0	0	1	0	502348	169568	1285302	0	0	0				
2025-09-23 22:52:49	3824	2413	0	0	1	810232	1	1	0	0	23873	52293	0			SUCS	COLLECTOR
2025-09-23 22:52:49	3824	2413	0	0	1	810228	1	1	0	0	23871	52287	0			SUCS	COLLECTOR
2025-09-23 22:52:49	3824	2413	0	0	1	1100408	3	3	0	0	23862	52296	0			SUCS	COLLECTOR
2025-09-23 22:52:49	3824	2413	0	0	1	540010	1	1	0	0	23878	52289	0			SUCS	COLLECTOR
2025-09-23 22:52:49	3824	2413	0	0	1	1100102	16	16	0	0	23868	52286	0			SUCS	COLLECTOR
2025-09-23 22:52:49	3824	2413	0	0	1	1100101	255	255	0	0	23866	52285	0			SUCS	COLLECTOR
2025-09-23 22:52:49	3824	2413	0	0	1	2016154	2	2	0	0	23870	52299	0			SUCS	COLLECTOR
2025-09-23 22:52:49	3824	2413	0	0	1	2016132	4	4	0	0	23872	52295	0			SUCS	COLLECTOR
2025-09-23 22:52:49	3824	2413	0	0	1	810227	1	1	0	0	24118	52205	0			SUCS	COLLECTOR
2025-09-23 22:52:49	3824	2413	0	0	1	810221	1	1	0	0	24112	52194	0			SUCS	COLLECTOR
2025-09-23 22:52:49	3824	2413	0	0	1	1100408	5	5	0	0	24103	52202	0			SUCS	COLLECTOR
2025-09-23 22:52:49	3824	2413	0	0	1	540201	1	1	0	0	24109	52199	0			SUCS	COLLECTOR
2025-09-23 22:52:49	3824	2413	0	0	1	540065	1	1	0	0	24112	52204	0			SUCS	COLLECTOR
2025-09-23 22:52:49	3824	2413	0	0	1	1100102	8	8	0	0	24119	52191	0			SUCS	COLLECTOR
2025-09-23 22:52:49	3824	2413	0	0	1	1100101	168	168	0	0	24115	52207	0			SUCS	COLLECTOR
2025-09-23 22:52:49	3824	2413	0	0	1	2016154	1	1	0	0	24110	52207	0			SUCS	COLLECTOR
2025-09-23 22:52:49	3824	2413	0	0	1	2016132	5	5	0	0	24116	52206	0			SUCS	COLLECTOR
2025-09-23 22:52:49	3824	2413	0	0	1	810226	1	1	0	0	24151	52222	0			SUCS	COLLECTOR
2025-09-23 22:52:49	3824	2413	0	0	1	1100408	4	4	0	0	24147	52235	0			SUCS	COLLECTOR
2025-09-23 22:52:49	3824	2413	0	0	1	540200	1	1	0	0	24152	52231	0			SUCS	COLLECTOR
2025-09-23 22:52:49	3824	2413	0	0	1	540013	1	1	0	0	24154	52226	0			SUCS	COLLECTOR
2025-09-23 22:52:49	3824	2413	0	0	1	540012	1	1	0	0	24139	52231	0			SUCS	COLLECTOR
2025-09-23 22:52:49	3824	2413	0	0	1	1100102	4	4	0	0	24138	52224	0			SUCS	COLLECTOR
2025-09-23 22:52:49	3824	2413	0	0	1	1100101	110	110	0	0	24139	52230	0			SUCS	COLLECTOR
2025-09-23 22:52:49	3824	2413	0	0	1	2016154	1	1	0	0	24153	52230	0			SUCS	COLLECTOR
2025-09-23 22:52:49	3824	2413	0	0	1	2016132	5	5	0	0	24139	52229	0			SUCS	COLLECTOR
2025-09-23 22:52:49	3824	2413	0	0	1	810234	1	1	0	0	24147	52267	0			SUCS	COLLECTOR
2025-09-23 22:52:49	3824	2413	0	0	1	810227	1	1	0	0	24138	52278	0			SUCS	COLLECTOR
2025-09-23 22:52:49	3824	2413	0	0	1	1100408	3	3	0	0	24151	52264	0			SUCS	COLLECTOR
2025-09-23 22:52:49	3824	2413	0	0	1	540067	1	1	0	0	24134	52277	0			SUCS	COLLECTOR
2025-09-23 22:52:49	3824	2413	0	0	1	540059	1	1	0	0	24135	52265	0			SUCS	COLLECTOR
2025-09-23 22:52:49	3824	2413	0	0	1	540012	1	1	0	0	24134	52261	0			SUCS	COLLECTOR
2025-09-23 22:52:49	3824	2413	0	0	1	1100102	14	14	0	0	24151	52263	0			SUCS	COLLECTOR
2025-09-23 22:52:49	3824	2413	0	0	1	1100101	275	275	0	0	24134	52278	0			SUCS	COLLECTOR
2025-09-23 22:52:49	3824	2413	0	0	1	2016154	3	3	0	0	24135	52272	0			SUCS	COLLECTOR
2025-09-23 22:52:49	3824	2413	0	0	1	2016132	4	4	0	0	24147	52277	0			SUCS	COLLECTOR
2025-09-23 22:52:49	3824	2413	0	0	1	810222	2	2	0	0	23942	52948	0			SUCS	COLLECTOR
2025-09-23 22:52:49	3824	2413	0	0	1	1100408	4	4	0	0	23935	52957	0			SUCS	COLLECTOR
2025-09-23 22:52:49	3824	2413	0	0	1	540200	1	1	0	0	23931	52951	0			SUCS	COLLECTOR
2025-09-23 22:52:49	3824	2413	0	0	1	540052	1	1	0	0	23940	52960	0			SUCS	COLLECTOR
2025-09-23 22:52:49	3824	2413	0	0	1	540009	2	2	0	0	23929	52959	0			SUCS	COLLECTOR
2025-09-23 22:52:49	3824	2413	0	0	1	1100102	10	10	0	0	23937	52954	0			SUCS	COLLECTOR
2025-09-23 22:52:49	3824	2413	0	0	1	1100101	211	211	0	0	23940	52950	0			SUCS	COLLECTOR
2025-09-23 22:52:49	3824	2413	0	0	1	2016154	3	3	0	0	23935	52949	0			SUCS	COLLECTOR
2025-09-23 22:52:49	3824	2413	0	0	1	2016132	2	2	0	0	23944	52955	0			SUCS	COLLECTOR
2025-09-23 22:52:49	3824	2413	0	0	1	810226	1	1	0	0	23960	53105	0			SUCS	COLLECTOR
2025-09-23 22:52:49	3824	2413	0	0	1	810221	1	1	0	0	23962	53093	0			SUCS	COLLECTOR
2025-09-23 22:52:49	3824	2413	0	0	1	1100408	4	4	0	0	23969	53091	0			SUCS	COLLECTOR
2025-09-23 22:52:49	3824	2413	0	0	1	540065	1	1	0	0	23963	53093	0			SUCS	COLLECTOR
2025-09-23 22:52:49	3824	2413	0	0	1	540052	1	1	0	0	23962	53095	0			SUCS	COLLECTOR
2025-09-23 22:52:49	3824	2413	0	0	1	540013	1	1	0	0	23965	53093	0			SUCS	COLLECTOR
2025-09-23 22:52:49	3824	2413	0	0	1	540012	1	1	0	0	23955	53091	0			SUCS	COLLECTOR
2025-09-23 22:52:49	3824	2413	0	0	1	1100102	16	16	0	0	23964	53095	0			SUCS	COLLECTOR
2025-09-23 22:52:49	3824	2413	0	0	1	1100101	267	267	0	0	23952	53091	0			SUCS	COLLECTOR
2025-09-23 22:52:49	3824	2413	0	0	1	2016154	3	3	0	0	23962	53090	0			SUCS	COLLECTOR
2025-09-23 22:52:49	3824	2413	0	0	1	2016132	4	4	0	0	23959	53093	0			SUCS	COLLECTOR
2025-09-23 22:52:49	3824	2413	0	0	1	810231	1	1	0	0	23997	53165	0			SUCS	COLLECTOR
2025-09-23 22:52:49	3824	2413	0	0	1	810226	1	1	0	0	23999	53173	0			SUCS	COLLECTOR
2025-09-23 22:52:49	3824	2413	0	0	1	1100408	3	3	0	0	24000	53162	0			SUCS	COLLECTOR
2025-09-23 22:52:49	3824	2413	0	0	1	540065	1	1	0	0	23993	53164	0			SUCS	COLLECTOR
2025-09-23 22:52:49	3824	2413	0	0	1	540052	1	1	0	0	24001	53165	0			SUCS	COLLECTOR
2025-09-23 22:52:49	3824	2413	0	0	1	540013	1	1	0	0	23994	53172	0			SUCS	COLLECTOR
2025-09-23 22:52:49	3824	2413	0	0	1	540009	2	2	0	0	24001	53163	0			SUCS	COLLECTOR
2025-09-23 22:52:49	3824	2413	0	0	1	1100102	18	18	0	0	23997	53177	0			SUCS	COLLECTOR
2025-09-23 22:52:49	3824	2413	0	0	1	1100101	277	277	0	0	23997	53164	0			SUCS	COLLECTOR
2025-09-23 22:52:49	3824	2413	0	0	1	2016154	2	2	0	0	24007	53171	0			SUCS	COLLECTOR
2025-09-23 22:52:49	3824	2413	0	0	1	2016132	1	1	0	0	23994	53174	0			SUCS	COLLECTOR
2025-09-23 22:52:49	3824	2413	0	0	1	810231	1	1	0	0	24081	53118	0			SUCS	COLLECTOR
2025-09-23 22:52:49	3824	2413	0	0	1	810227	1	1	0	0	24088	53110	0			SUCS	COLLECTOR
2025-09-23 22:52:49	3824	2413	0	0	1	1100408	4	4	0	0	24087	53109	0			SUCS	COLLECTOR
2025-09-23 22:52:49	3824	2413	0	0	1	540202	1	1	0	0	24077	53120	0			SUCS	COLLECTOR
2025-09-23 22:52:49	3824	2413	0	0	1	540067	1	1	0	0	24088	53108	0			SUCS	COLLECTOR
2025-09-23 22:52:49	3824	2413	0	0	1	1100102	16	16	0	0	24082	53114	0			SUCS	COLLECTOR
2025-09-23 22:52:49	3824	2413	0	0	1	1100101	181	181	0	0	24074	53115	0			SUCS	COLLECTOR
2025-09-23 22:52:49	3824	2413	0	0	1	2016154	2	2	0	0	24087	53116	0			SUCS	COLLECTOR
2025-09-23 22:52:49	3824	2413	0	0	1	2016132	5	5	0	0	24087	53108	0			SUCS	COLLECTOR
2025-09-23 22:52:49	3824	2413	0	0	1	810227	1	1	0	0	24087	53132	0			SUCS	COLLECTOR
2025-09-23 22:52:49	3824	2413	0	0	1	1100408	4	4	0	0	24085	53137	0			SUCS	COLLECTOR
2025-09-23 22:52:49	3824	2413	0	0	1	540200	1	1	0	0	24091	53144	0			SUCS	COLLECTOR
2025-09-23 22:52:49	3824	2413	0	0	1	540067	2	2	0	0	24089	53142	0			SUCS	COLLECTOR
2025-09-23 22:52:49	3824	2413	0	0	1	540009	1	1	0	0	24084	53132	0			SUCS	COLLECTOR
2025-09-23 22:52:49	3824	2413	0	0	1	1100102	13	13	0	0	24082	53137	0			SUCS	COLLECTOR
2025-09-23 22:52:49	3824	2413	0	0	1	1100101	270	270	0	0	24075	53136	0			SUCS	COLLECTOR
2025-09-23 22:52:49	3824	2413	0	0	1	2016154	1	1	0	0	24082	53134	0			SUCS	COLLECTOR
2025-09-23 22:52:49	3824	2413	0	0	1	2016132	4	4	0	0	24079	53146	0			SUCS	COLLECTOR
2025-09-23 22:52:49	3824	2413	0	0	1	810229	1	1	0	0	24139	53226	0			SUCS	COLLECTOR
2025-09-23 22:52:49	3824	2413	0	0	1	1100408	5	5	0	0	24142	53229	0			SUCS	COLLECTOR
2025-09-23 22:52:49	3824	2413	0	0	1	540076	1	1	0	0	24137	53242	0			SUCS	COLLECTOR
2025-09-23 22:52:49	3824	2413	0	0	1	1100102	11	11	0	0	24135	53241	0			SUCS	COLLECTOR
2025-09-23 22:52:49	3824	2413	0	0	1	1100101	281	281	0	0	24132	53235	0			SUCS	COLLECTOR
2025-09-23 22:52:49	3824	2413	0	0	1	2016154	1	1	0	0	24146	53240	0			SUCS	COLLECTOR
2025-09-23 22:52:49	3824	2413	0	0	1	2016132	3	3	0	0	24139	53239	0			SUCS	COLLECTOR
2025-09-23 22:52:49	3824	2413	0	0	1	810234	1	1	0	0	23997	53462	0			SUCS	COLLECTOR
2025-09-23 22:52:49	3824	2413	0	0	1	1100408	3	3	0	0	23996	53464	0			SUCS	COLLECTOR
2025-09-23 22:52:49	3824	2413	0	0	1	540065	1	1	0	0	23993	53462	0			SUCS	COLLECTOR
2025-09-23 22:52:49	3824	2413	0	0	1	1100102	10	10	0	0	23999	53451	0			SUCS	COLLECTOR
2025-09-23 22:52:49	3824	2413	0	0	1	1100101	144	144	0	0	23994	53456	0			SUCS	COLLECTOR
2025-09-23 22:52:49	3824	2413	0	0	1	2016154	3	3	0	0	23998	53465	0			SUCS	COLLECTOR
2025-09-23 22:52:49	3824	2413	0	0	1	2016132	5	5	0	0	24007	53458	0			SUCS	COLLECTOR
2025-09-23 22:52:49	3824	2413	0	0	1	810231	1	1	0	0	24163	53403	0			SUCS	COLLECTOR
2025-09-23 22:52:49	3824	2413	0	0	1	810221	1	1	0	0	24158	53401	0			SUCS	COLLECTOR
2025-09-23 22:52:49	3824	2413	0	0	1	1100408	4	4	0	0	24157	53399	0			SUCS	COLLECTOR
2025-09-23 22:52:49	3824	2413	0	0	1	540201	1	1	0	0	24166	53413	0			SUCS	COLLECTOR
2025-09-23 22:52:49	3824	2413	0	0	1	540055	1	1	0	0	24149	53398	0			SUCS	COLLECTOR
2025-09-23 22:52:49	3824	2413	0	0	1	540052	2	2	0	0	24154	53407	0			SUCS	COLLECTOR
2025-09-23 22:52:49	3824	2413	0	0	1	1100102	14	14	0	0	24154	53414	0			SUCS	COLLECTOR
2025-09-23 22:52:49	3824	2413	0	0	1	1100101	151	151	0	0	24163	53398	0			SUCS	COLLECTOR
2025-09-23 22:52:49	3824	2413	0	0	1	2016154	3	3	0	0	24159	53402	0			SUCS	COLLECTOR
2025-09-23 22:52:49	3824	2413	0	0	1	2016132	5	5	0	0	24151	53402	0			SUCS	COLLECTOR
2025-09-23 22:53:49	11132	104	0	0	0	1	1	502356	173343	1313919	0	0	0				
2025-09-23 22:53:49	3824	2413	0	0	1	810231	1	1	0	0	23864	52108	0			SUCS	COLLECTOR
2025-09-23 22:53:49	3824	2413	0	0	1	1100408	3	3	0	0	23867	52117	0			SUCS	COLLECTOR
2025-09-23 22:53:49	3824	2413	0	0	1	540200	1	1	0	0	23867	52115	0			SUCS	COLLECTOR
2025-09-23 22:53:49	3824	2413	0	0	1	540059	1	1	0	0	23863	52112	0			SUCS	COLLECTOR
2025-09-23 22:53:49	3824	2413	0	0	1	540055	1	1	0	0	23855	52107	0			SUCS	COLLECTOR
2025-09-23 22:53:49	3824	2413	0	0	1	540052	1	1	0	0	23856	52107	0			SUCS	COLLECTOR
2025-09-23 22:53:49	3824	2413	0	0	1	1100102	11	11	0	0	23863	52115	0			SUCS	COLLECTOR
2025-09-23 22:53:49	3824	2413	0	0	1	1100101	151	151	0	0	23859	52110	0			SUCS	COLLECTOR
2025-09-23 22:53:49	3824	2413	0	0	1	2016154	3	3	0	0	23859	52105	0			SUCS	COLLECTOR
2025-09-23 22:53:49	3824	2413	0	0	1	2016132	1	1	0	0	23867	52120	0			SUCS	COLLECTOR
2025-09-23 22:53:49	3824	2413	0	0	1	810227	1	1	0	0	23842	52281	0			SUCS	COLLECTOR
2025-09-23 22:53:49	3824	2413	0	0	1	810222	1	1	0	0	23840	52281	0			SUCS	COLLECTOR
2025-09-23 22:53:49	3824	2413	0	0	1	1100408	3	3	0	0	23839	52273	0			SUCS	COLLECTOR
2025-09-23 22:53:49	3824	2413	0	0	1	540013	1	1	0	0	23841	52269	0			SUCS	COLLECTOR
2025-09-23 22:53:49	3824	2413	0	0	1	1100102	12	12	0	0	23841	52280	0			SUCS	COLLECTOR
2025-09-23 22:53:49	3824	2413	0	0	1	1100101	276	276	0	0	23832	52270	0			SUCS	COLLECTOR
2025-09-23 22:53:49	3824	2413	0	0	1	2016154	1	1	0	0	23837	52273	0			SUCS	COLLECTOR
2025-09-23 22:53:49	3824	2413	0	0	1	2016132	4	4	0	0	23836	52266	0			SUCS	COLLECTOR
2025-09-23 22:53:49	3824	2413	0	0	1	2013816	1	1	0	0	24042	51557	0			SUCS	COLLECTOR
2025-09-23 22:53:49	3824	2413	0	0	1	2016157	1	1	0	0	24056	51554	0			SUCS	COLLECTOR
2025-09-23 22:53:49	3824	2413	0	0	1	307053	1	1	0	0	24047	51563	0			SUCS	COLLECTOR
2025-09-23 22:53:49	3824	2413	0	0	1	3100037	1	1	0	0	24040	51561	0			SUCS	COLLECTOR
2025-09-23 22:53:49	3824	2413	0	0	1	3100034	1	1	0	0	24050	51553	0			SUCS	COLLECTOR
2025-09-23 22:53:49	3824	2413	0	0	1	540202	5	5	0	0	24047	51557	0			SUCS	COLLECTOR
2025-09-23 22:53:49	3824	2413	0	0	1	540201	4	4	0	0	24049	51556	0			SUCS	COLLECTOR
2025-09-23 22:53:49	3824	2413	0	0	1	540200	15	15	0	0	24055	51556	0			SUCS	COLLECTOR
2025-09-23 22:53:49	3824	2413	0	0	1	2016153	4	4	0	0	24042	51557	0			SUCS	COLLECTOR
2025-09-23 22:53:49	3824	2413	0	0	1	2016132	203	203	0	0	24042	51560	0			SUCS	COLLECTOR
2025-09-23 22:53:49	3824	2413	0	0	1	810233	1	1	0	0	24115	52136	0			SUCS	COLLECTOR
2025-09-23 22:53:49	3824	2413	0	0	1	1100408	4	4	0	0	24102	52133	0			SUCS	COLLECTOR
2025-09-23 22:53:49	3824	2413	0	0	1	540200	1	1	0	0	24112	52135	0			SUCS	COLLECTOR
2025-09-23 22:53:49	3824	2413	0	0	1	540059	1	1	0	0	24118	52127	0			SUCS	COLLECTOR
2025-09-23 22:53:49	3824	2413	0	0	1	540013	2	2	0	0	24118	52134	0			SUCS	COLLECTOR
2025-09-23 22:53:49	3824	2413	0	0	1	540010	1	1	0	0	24107	52131	0			SUCS	COLLECTOR
2025-09-23 22:53:49	3824	2413	0	0	1	1100102	14	14	0	0	24102	52130	0			SUCS	COLLECTOR
2025-09-23 22:53:49	3824	2413	0	0	1	1100101	267	267	0	0	24102	52127	0			SUCS	COLLECTOR
2025-09-23 22:53:49	3824	2413	0	0	1	2016154	3	3	0	0	24113	52133	0			SUCS	COLLECTOR
2025-09-23 22:53:49	3824	2413	0	0	1	2016132	3	3	0	0	24115	52124	0			SUCS	COLLECTOR
2025-09-23 22:53:49	3824	2413	0	0	1	810231	1	1	0	0	23934	52129	0			SUCS	COLLECTOR
2025-09-23 22:53:49	3824	2413	0	0	1	1100408	5	5	0	0	23940	52132	0			SUCS	COLLECTOR
2025-09-23 22:53:49	3824	2413	0	0	1	540067	1	1	0	0	23939	52135	0			SUCS	COLLECTOR
2025-09-23 22:53:49	3824	2413	0	0	1	1100102	8	8	0	0	23938	52131	0			SUCS	COLLECTOR
2025-09-23 22:53:49	3824	2413	0	0	1	1100101	101	101	0	0	23942	52134	0			SUCS	COLLECTOR
2025-09-23 22:53:49	3824	2413	0	0	1	2016154	2	2	0	0	23943	52130	0			SUCS	COLLECTOR
2025-09-23 22:53:49	3824	2413	0	0	1	2016132	3	3	0	0	23945	52120	0			SUCS	COLLECTOR
2025-09-23 22:54:03	11132	2704	1	1	28889	51232	1	22000411	29071	51179	1	9742	20	admin	Fraun	Fraun	SVR22030411
2025-09-23 22:54:03	11132	2705	1	1	28889	51232	1	22000411	29071	51179	1	9742	20	admin	Fraun	Fraun	SVR22030411
2025-09-23 22:54:27	3824	2704	1	1	28889	51232	1	22000378	29040	51144	1	9689	20	admin	Fraun	Fraun	SVR22030378
2025-09-23 22:54:28	3824	2705	1	1	28889	51232	1	22000378	29040	51144	1	9689	20	admin	Fraun	Fraun	SVR22030378
2025-09-23 22:54:46	9676	2711	1	1	0	22000378	80000	29040	51144	29035	51148	1	0	admin	Fraun		
2025-09-23 22:54:48	9676	2711	1	1	0	22000411	80000	29071	51179	29063	51172	1	0	admin	Fraun		
2025-09-23 22:54:49	11132	104	0	0	0	1	0	502372	174766	1325767	0	0	0				
2025-09-23 22:55:49	11132	104	0	0	0	1	0	502376	179864	1356374	0	0	0				
2025-09-23 22:55:49	3824	2413	0	0	1	810234	2	2	0	0	25889	51240	0			SUCS	COLLECTOR
2025-09-23 22:55:49	3824	2413	0	0	1	810228	1	1	0	0	25889	51245	0			SUCS	COLLECTOR
2025-09-23 22:55:49	3824	2413	0	0	1	1100408	5	5	0	0	25894	51236	0			SUCS	COLLECTOR
2025-09-23 22:55:49	3824	2413	0	0	1	540012	1	1	0	0	25887	51239	0			SUCS	COLLECTOR
2025-09-23 22:55:49	3824	2413	0	0	1	1100102	18	18	0	0	25887	51239	0			SUCS	COLLECTOR
2025-09-23 22:55:49	3824	2413	0	0	1	1100101	481	481	0	0	25878	51244	0			SUCS	COLLECTOR
2025-09-23 22:55:49	3824	2413	0	0	1	2016154	4	4	0	0	25884	51234	0			SUCS	COLLECTOR
2025-09-23 22:55:49	3824	2413	0	0	1	2016132	1	1	0	0	25881	51236	0			SUCS	COLLECTOR
2025-09-23 22:55:49	3824	2413	0	0	1	2013816	1	1	0	0	23930	51181	0			SUCS	COLLECTOR
2025-09-23 22:55:49	3824	2413	0	0	1	2016157	1	1	0	0	23931	51167	0			SUCS	COLLECTOR
2025-09-23 22:55:49	3824	2413	0	0	1	3100037	1	1	0	0	23926	51175	0			SUCS	COLLECTOR
2025-09-23 22:55:49	3824	2413	0	0	1	3100034	1	1	0	0	23921	51174	0			SUCS	COLLECTOR
2025-09-23 22:55:49	3824	2413	0	0	1	540202	4	4	0	0	23928	51172	0			SUCS	COLLECTOR
2025-09-23 22:55:49	3824	2413	0	0	1	540201	8	8	0	0	23915	51182	0			SUCS	COLLECTOR
2025-09-23 22:55:49	3824	2413	0	0	1	540200	19	19	0	0	23924	51168	0			SUCS	COLLECTOR
2025-09-23 22:55:49	3824	2413	0	0	1	2016153	4	4	0	0	23927	51177	0			SUCS	COLLECTOR
2025-09-23 22:55:49	3824	2413	0	0	1	2016132	108	108	0	0	23929	51175	0			SUCS	COLLECTOR
2025-09-23 22:55:49	3824	2413	0	0	1	810225	1	1	0	0	23913	51109	0			SUCS	COLLECTOR
2025-09-23 22:55:49	3824	2413	0	0	1	810222	1	1	0	0	23907	51112	0			SUCS	COLLECTOR
2025-09-23 22:55:49	3824	2413	0	0	1	810221	1	1	0	0	23906	51112	0			SUCS	COLLECTOR
2025-09-23 22:55:49	3824	2413	0	0	1	2016154	3	3	0	0	23919	51111	0			SUCS	COLLECTOR
2025-09-23 22:55:49	3824	2413	0	0	1	307048	1	1	0	0	23921	51115	0			SUCS	COLLECTOR
2025-09-23 22:55:49	3824	2413	0	0	1	2016098	1	1	0	0	23919	51112	0			SUCS	COLLECTOR
2025-09-23 22:55:49	3824	2413	0	0	1	540201	2	2	0	0	23923	51102	0			SUCS	COLLECTOR
2025-09-23 22:55:49	3824	2413	0	0	1	540200	7	7	0	0	23915	51115	0			SUCS	COLLECTOR
2025-09-23 22:55:49	3824	2413	0	0	1	2016132	61	61	0	0	23912	51107	0			SUCS	COLLECTOR
2025-09-23 22:56:49	11132	104	0	0	0	1	0	502388	183450	1393059	0	0	0				
2025-09-23 22:56:49	3824	2413	0	0	1	810228	1	1	0	0	27092	51130	0			SUCS	COLLECTOR
2025-09-23 22:56:49	3824	2413	0	0	1	1100408	10	10	0	0	27091	51123	0			SUCS	COLLECTOR
2025-09-23 22:56:49	3824	2413	0	0	1	540067	1	1	0	0	27102	51121	0			SUCS	COLLECTOR
2025-09-23 22:56:49	3824	2413	0	0	1	540059	1	1	0	0	27096	51127	0			SUCS	COLLECTOR
2025-09-23 22:56:49	3824	2413	0	0	1	540055	2	2	0	0	27091	51126	0			SUCS	COLLECTOR
2025-09-23 22:56:49	3824	2413	0	0	1	540009	1	1	0	0	27088	51121	0			SUCS	COLLECTOR
2025-09-23 22:56:49	3824	2413	0	0	1	1100102	34	34	0	0	27091	51113	0			SUCS	COLLECTOR
2025-09-23 22:56:49	3824	2413	0	0	1	1100101	375	375	0	0	27091	51121	0			SUCS	COLLECTOR
2025-09-23 22:56:49	3824	2413	0	0	1	2016154	1	1	0	0	27097	51118	0			SUCS	COLLECTOR
2025-09-23 22:56:49	3824	2413	0	0	1	2016132	5	5	0	0	27087	51127	0			SUCS	COLLECTOR
2025-09-23 22:56:49	3824	2413	0	0	1	810232	1	1	0	0	26992	51158	0			SUCS	COLLECTOR
2025-09-23 22:56:49	3824	2413	0	0	1	810227	1	1	0	0	26994	51147	0			SUCS	COLLECTOR
2025-09-23 22:56:49	3824	2413	0	0	1	1100408	5	5	0	0	27000	51144	0			SUCS	COLLECTOR
2025-09-23 22:56:49	3824	2413	0	0	1	540200	1	1	0	0	27002	51153	0			SUCS	COLLECTOR
2025-09-23 22:56:49	3824	2413	0	0	1	540069	1	1	0	0	27004	51158	0			SUCS	COLLECTOR
2025-09-23 22:56:49	3824	2413	0	0	1	540052	1	1	0	0	26995	51146	0			SUCS	COLLECTOR
2025-09-23 22:56:49	3824	2413	0	0	1	540013	2	2	0	0	26991	51151	0			SUCS	COLLECTOR
2025-09-23 22:56:49	3824	2413	0	0	1	540012	1	1	0	0	26991	51143	0			SUCS	COLLECTOR
2025-09-23 22:56:49	3824	2413	0	0	1	540010	1	1	0	0	26999	51147	0			SUCS	COLLECTOR
2025-09-23 22:56:49	3824	2413	0	0	1	1100102	19	19	0	0	27005	51158	0			SUCS	COLLECTOR
2025-09-23 22:56:49	3824	2413	0	0	1	1100101	392	392	0	0	27000	51148	0			SUCS	COLLECTOR
2025-09-23 22:56:49	3824	2413	0	0	1	2016154	3	3	0	0	26997	51156	0			SUCS	COLLECTOR
2025-09-23 22:56:49	3824	2413	0	0	1	2016132	8	8	0	0	26990	51160	0			SUCS	COLLECTOR
2025-09-23 22:56:49	3824	2413	0	0	1	810232	1	1	0	0	26973	51194	0			SUCS	COLLECTOR
2025-09-23 22:56:49	3824	2413	0	0	1	810231	1	1	0	0	26978	51199	0			SUCS	COLLECTOR
2025-09-23 22:56:49	3824	2413	0	0	1	810226	1	1	0	0	26980	51187	0			SUCS	COLLECTOR
2025-09-23 22:56:49	3824	2413	0	0	1	1100408	6	6	0	0	26973	51192	0			SUCS	COLLECTOR
2025-09-23 22:56:49	3824	2413	0	0	1	540202	1	1	0	0	26976	51203	0			SUCS	COLLECTOR
2025-09-23 22:56:49	3824	2413	0	0	1	540067	1	1	0	0	26974	51186	0			SUCS	COLLECTOR
2025-09-23 22:56:49	3824	2413	0	0	1	540059	3	3	0	0	26969	51188	0			SUCS	COLLECTOR
2025-09-23 22:56:49	3824	2413	0	0	1	1100102	27	27	0	0	26978	51194	0			SUCS	COLLECTOR
2025-09-23 22:56:49	3824	2413	0	0	1	1100101	381	381	0	0	26976	51196	0			SUCS	COLLECTOR
2025-09-23 22:56:49	3824	2413	0	0	1	2016154	2	2	0	0	26974	51186	0			SUCS	COLLECTOR
2025-09-23 22:56:49	3824	2413	0	0	1	2016132	2	2	0	0	26973	51187	0			SUCS	COLLECTOR
2025-09-23 22:56:49	3824	2413	0	0	1	810231	1	1	0	0	26974	51183	0			SUCS	COLLECTOR
2025-09-23 22:56:49	3824	2413	0	0	1	810230	1	1	0	0	26989	51171	0			SUCS	COLLECTOR
2025-09-23 22:56:49	3824	2413	0	0	1	810223	1	1	0	0	26982	51172	0			SUCS	COLLECTOR
2025-09-23 22:56:49	3824	2413	0	0	1	1100408	5	5	0	0	26988	51169	0			SUCS	COLLECTOR
2025-09-23 22:56:49	3824	2413	0	0	1	540012	1	1	0	0	26980	51183	0			SUCS	COLLECTOR
2025-09-23 22:56:49	3824	2413	0	0	1	540010	1	1	0	0	26984	51168	0			SUCS	COLLECTOR
2025-09-23 22:56:49	3824	2413	0	0	1	540009	1	1	0	0	26987	51175	0			SUCS	COLLECTOR
2025-09-23 22:56:49	3824	2413	0	0	1	1100102	27	27	0	0	26986	51172	0			SUCS	COLLECTOR
2025-09-23 22:56:49	3824	2413	0	0	1	1100101	376	376	0	0	26978	51167	0			SUCS	COLLECTOR
2025-09-23 22:56:49	3824	2413	0	0	1	2016154	2	2	0	0	26984	51178	0			SUCS	COLLECTOR
2025-09-23 22:56:49	3824	2413	0	0	1	2016132	6	6	0	0	26979	51176	0			SUCS	COLLECTOR
2025-09-23 22:56:49	3824	2413	0	0	1	810227	1	1	0	0	26963	51137	0			SUCS	COLLECTOR
2025-09-23 22:56:49	3824	2413	0	0	1	810221	1	1	0	0	26972	51140	0			SUCS	COLLECTOR
2025-09-23 22:56:49	3824	2413	0	0	1	1100408	6	6	0	0	26962	51132	0			SUCS	COLLECTOR
2025-09-23 22:56:49	3824	2413	0	0	1	540202	1	1	0	0	26963	51130	0			SUCS	COLLECTOR
2025-09-23 22:56:49	3824	2413	0	0	1	540009	1	1	0	0	26972	51138	0			SUCS	COLLECTOR
2025-09-23 22:56:49	3824	2413	0	0	1	1100102	23	23	0	0	26963	51140	0			SUCS	COLLECTOR
2025-09-23 22:56:49	3824	2413	0	0	1	1100101	356	356	0	0	26974	51130	0			SUCS	COLLECTOR
2025-09-23 22:56:49	3824	2413	0	0	1	2016154	4	4	0	0	26958	51140	0			SUCS	COLLECTOR
2025-09-23 22:56:49	3824	2413	0	0	1	2016132	1	1	0	0	26973	51133	0			SUCS	COLLECTOR
2025-09-23 22:56:49	3824	2413	0	0	1	810234	1	1	0	0	26943	51136	0			SUCS	COLLECTOR
2025-09-23 22:56:49	3824	2413	0	0	1	810226	1	1	0	0	26952	51137	0			SUCS	COLLECTOR
2025-09-23 22:56:49	3824	2413	0	0	1	1100408	9	9	0	0	26940	51134	0			SUCS	COLLECTOR
2025-09-23 22:56:49	3824	2413	0	0	1	540203	1	1	0	0	26937	51130	0			SUCS	COLLECTOR
2025-09-23 22:56:49	3824	2413	0	0	1	540202	1	1	0	0	26946	51130	0			SUCS	COLLECTOR
2025-09-23 22:56:49	3824	2413	0	0	1	540200	1	1	0	0	26939	51132	0			SUCS	COLLECTOR
2025-09-23 22:56:49	3824	2413	0	0	1	540067	1	1	0	0	26945	51138	0			SUCS	COLLECTOR
2025-09-23 22:56:49	3824	2413	0	0	1	540059	2	2	0	0	26950	51136	0			SUCS	COLLECTOR
2025-09-23 22:56:49	3824	2413	0	0	1	540055	2	2	0	0	26947	51147	0			SUCS	COLLECTOR
2025-09-23 22:56:49	3824	2413	0	0	1	540013	1	1	0	0	26942	51135	0			SUCS	COLLECTOR
2025-09-23 22:56:49	3824	2413	0	0	1	540012	1	1	0	0	26943	51143	0			SUCS	COLLECTOR
2025-09-23 22:56:49	3824	2413	0	0	1	1100102	22	22	0	0	26946	51135	0			SUCS	COLLECTOR
2025-09-23 22:56:49	3824	2413	0	0	1	1100101	307	307	0	0	26939	51138	0			SUCS	COLLECTOR
2025-09-23 22:56:49	3824	2413	0	0	1	2016154	3	3	0	0	26937	51139	0			SUCS	COLLECTOR
2025-09-23 22:56:49	3824	2413	0	0	1	2016132	4	4	0	0	26947	51137	0			SUCS	COLLECTOR
2025-09-23 22:56:49	3824	2413	0	0	1	810225	1	1	0	0	26954	51217	0			SUCS	COLLECTOR
2025-09-23 22:56:49	3824	2413	0	0	1	810223	2	2	0	0	26956	51223	0			SUCS	COLLECTOR
2025-09-23 22:56:49	3824	2413	0	0	1	1100408	8	8	0	0	26952	51225	0			SUCS	COLLECTOR
2025-09-23 22:56:49	3824	2413	0	0	1	540201	1	1	0	0	26959	51229	0			SUCS	COLLECTOR
2025-09-23 22:56:49	3824	2413	0	0	1	540067	1	1	0	0	26951	51223	0			SUCS	COLLECTOR
2025-09-23 22:56:49	3824	2413	0	0	1	540065	1	1	0	0	26943	51225	0			SUCS	COLLECTOR
2025-09-23 22:56:49	3824	2413	0	0	1	540036	1	1	0	0	26954	51218	0			SUCS	COLLECTOR
2025-09-23 22:56:49	3824	2413	0	0	1	540013	1	1	0	0	26953	51224	0			SUCS	COLLECTOR
2025-09-23 22:56:49	3824	2413	0	0	1	540012	1	1	0	0	26946	51222	0			SUCS	COLLECTOR
2025-09-23 22:56:49	3824	2413	0	0	1	540009	3	3	0	0	26949	51217	0			SUCS	COLLECTOR
2025-09-23 22:56:49	3824	2413	0	0	1	1100102	18	18	0	0	26954	51220	0			SUCS	COLLECTOR
2025-09-23 22:56:49	3824	2413	0	0	1	1100101	405	405	0	0	26943	51213	0			SUCS	COLLECTOR
2025-09-23 22:56:49	3824	2413	0	0	1	2016154	1	1	0	0	26949	51220	0			SUCS	COLLECTOR
2025-09-23 22:56:49	3824	2413	0	0	1	2016132	5	5	0	0	26959	51219	0			SUCS	COLLECTOR
2025-09-23 22:56:49	3824	2413	0	0	1	810226	1	1	0	0	26206	51052	0			SUCS	COLLECTOR
2025-09-23 22:56:49	3824	2413	0	0	1	1100408	8	8	0	0	26201	51057	0			SUCS	COLLECTOR
2025-09-23 22:56:49	3824	2413	0	0	1	540200	1	1	0	0	26196	51059	0			SUCS	COLLECTOR
2025-09-23 22:56:49	3824	2413	0	0	1	540065	1	1	0	0	26197	51052	0			SUCS	COLLECTOR
2025-09-23 22:56:49	3824	2413	0	0	1	540055	1	1	0	0	26195	51049	0			SUCS	COLLECTOR
2025-09-23 22:56:49	3824	2413	0	0	1	540052	1	1	0	0	26200	51049	0			SUCS	COLLECTOR
2025-09-23 22:56:49	3824	2413	0	0	1	540010	1	1	0	0	26203	51053	0			SUCS	COLLECTOR
2025-09-23 22:56:49	3824	2413	0	0	1	1100102	25	25	0	0	26202	51054	0			SUCS	COLLECTOR
2025-09-23 22:56:49	3824	2413	0	0	1	1100101	370	370	0	0	26204	51061	0			SUCS	COLLECTOR
2025-09-23 22:56:49	3824	2413	0	0	1	2016154	4	4	0	0	26200	51048	0			SUCS	COLLECTOR
2025-09-23 22:56:49	3824	2413	0	0	1	2016132	1	1	0	0	26206	51060	0			SUCS	COLLECTOR
2025-09-23 22:56:49	3824	2413	0	0	1	810234	1	1	0	0	26039	51208	0			SUCS	COLLECTOR
2025-09-23 22:56:49	3824	2413	0	0	1	1100408	7	7	0	0	26035	51198	0			SUCS	COLLECTOR
2025-09-23 22:56:49	3824	2413	0	0	1	540059	1	1	0	0	26024	51210	0			SUCS	COLLECTOR
2025-09-23 22:56:49	3824	2413	0	0	1	540052	1	1	0	0	26031	51200	0			SUCS	COLLECTOR
2025-09-23 22:56:49	3824	2413	0	0	1	540013	1	1	0	0	26026	51202	0			SUCS	COLLECTOR
2025-09-23 22:56:49	3824	2413	0	0	1	1100102	17	17	0	0	26029	51195	0			SUCS	COLLECTOR
2025-09-23 22:56:49	3824	2413	0	0	1	1100101	329	329	0	0	26036	51205	0			SUCS	COLLECTOR
2025-09-23 22:56:49	3824	2413	0	0	1	2016154	4	4	0	0	26041	51193	0			SUCS	COLLECTOR
2025-09-23 22:56:49	3824	2413	0	0	1	2016132	10	10	0	0	26041	51203	0			SUCS	COLLECTOR
2025-09-23 22:56:49	3824	2413	0	0	1	810229	1	1	0	0	26046	51136	0			SUCS	COLLECTOR
2025-09-23 22:56:49	3824	2413	0	0	1	810227	1	1	0	0	26050	51128	0			SUCS	COLLECTOR
2025-09-23 22:56:49	3824	2413	0	0	1	1100408	9	9	0	0	26055	51137	0			SUCS	COLLECTOR
2025-09-23 22:56:49	3824	2413	0	0	1	540202	1	1	0	0	26055	51141	0			SUCS	COLLECTOR
2025-09-23 22:56:49	3824	2413	0	0	1	540067	1	1	0	0	26061	51142	0			SUCS	COLLECTOR
2025-09-23 22:56:49	3824	2413	0	0	1	540059	1	1	0	0	26046	51132	0			SUCS	COLLECTOR
2025-09-23 22:56:49	3824	2413	0	0	1	540036	1	1	0	0	26063	51128	0			SUCS	COLLECTOR
2025-09-23 22:56:49	3824	2413	0	0	1	540013	2	2	0	0	26052	51142	0			SUCS	COLLECTOR
2025-09-23 22:56:49	3824	2413	0	0	1	540012	1	1	0	0	26054	51143	0			SUCS	COLLECTOR
2025-09-23 22:56:49	3824	2413	0	0	1	2016132	7	7	0	0	25798	51138	0			SUCS	COLLECTOR
2025-09-23 22:56:49	3824	2413	0	0	1	2016154	2	2	0	0	25806	51149	0			SUCS	COLLECTOR
2025-09-23 22:56:49	3824	2413	0	0	1	1100101	289	289	0	0	25810	51152	0			SUCS	COLLECTOR
2025-09-23 22:56:49	3824	2413	0	0	1	1100102	12	12	0	0	25797	51139	0			SUCS	COLLECTOR
2025-09-23 22:56:49	3824	2413	0	0	1	540009	1	1	0	0	25800	51143	0			SUCS	COLLECTOR
2025-09-23 22:56:49	3824	2413	0	0	1	540010	1	1	0	0	25802	51140	0			SUCS	COLLECTOR
2025-09-23 22:56:49	3824	2413	0	0	1	540200	1	1	0	0	25801	51151	0			SUCS	COLLECTOR
2025-09-23 22:56:49	3824	2413	0	0	1	540201	2	2	0	0	25808	51152	0			SUCS	COLLECTOR
2025-09-23 22:56:49	3824	2413	0	0	1	1100408	5	5	0	0	25806	51139	0			SUCS	COLLECTOR
2025-09-23 22:56:49	3824	2413	0	0	1	810226	1	1	0	0	25806	51141	0			SUCS	COLLECTOR
2025-09-23 22:56:49	3824	2413	0	0	1	810232	1	1	0	0	25796	51144	0			SUCS	COLLECTOR
2025-09-23 22:56:49	3824	2413	0	0	1	2016132	2	2	0	0	25785	51177	0			SUCS	COLLECTOR
2025-09-23 22:56:49	3824	2413	0	0	1	2016154	1	1	0	0	25793	51179	0			SUCS	COLLECTOR
2025-09-23 22:56:49	3824	2413	0	0	1	1100101	430	430	0	0	25799	51174	0			SUCS	COLLECTOR
2025-09-23 22:56:49	3824	2413	0	0	1	1100102	23	23	0	0	25800	51172	0			SUCS	COLLECTOR
2025-09-23 22:56:49	3824	2413	0	0	1	540012	2	2	0	0	25801	51165	0			SUCS	COLLECTOR
2025-09-23 22:56:49	3824	2413	0	0	1	540013	2	2	0	0	25801	51170	0			SUCS	COLLECTOR
2025-09-23 22:56:49	3824	2413	0	0	1	540052	2	2	0	0	25792	51170	0			SUCS	COLLECTOR
2025-09-23 22:56:49	3824	2413	0	0	1	540055	1	1	0	0	25790	51176	0			SUCS	COLLECTOR
2025-09-23 22:56:49	3824	2413	0	0	1	540065	2	2	0	0	25785	51167	0			SUCS	COLLECTOR
2025-09-23 22:56:49	3824	2413	0	0	1	540202	1	1	0	0	25790	51180	0			SUCS	COLLECTOR
2025-09-23 22:56:49	3824	2413	0	0	1	1100408	6	6	0	0	25796	51178	0			SUCS	COLLECTOR
2025-09-23 22:56:49	3824	2413	0	0	1	810228	1	1	0	0	25788	51180	0			SUCS	COLLECTOR
2025-09-23 22:56:49	3824	2413	0	0	1	2016132	2	2	0	0	26039	51172	0			SUCS	COLLECTOR
2025-09-23 22:56:49	3824	2413	0	0	1	2016154	4	4	0	0	26037	51167	0			SUCS	COLLECTOR
2025-09-23 22:56:49	3824	2413	0	0	1	1100101	363	363	0	0	26029	51170	0			SUCS	COLLECTOR
2025-09-23 22:56:49	3824	2413	0	0	1	1100102	18	18	0	0	26032	51165	0			SUCS	COLLECTOR
2025-09-23 22:56:49	3824	2413	0	0	1	540012	1	1	0	0	26036	51168	0			SUCS	COLLECTOR
2025-09-23 22:56:49	3824	2413	0	0	1	540052	2	2	0	0	26036	51167	0			SUCS	COLLECTOR
2025-09-23 22:56:49	3824	2413	0	0	1	1100408	5	5	0	0	26036	51165	0			SUCS	COLLECTOR
2025-09-23 22:56:49	3824	2413	0	0	1	810227	1	1	0	0	26027	51179	0			SUCS	COLLECTOR
2025-09-23 22:56:49	3824	2413	0	0	1	2016132	4	4	0	0	26065	51147	0			SUCS	COLLECTOR
2025-09-23 22:56:49	3824	2413	0	0	1	2016154	3	3	0	0	26064	51132	0			SUCS	COLLECTOR
2025-09-23 22:56:49	3824	2413	0	0	1	1100101	394	394	0	0	26060	51138	0			SUCS	COLLECTOR
2025-09-23 22:56:49	3824	2413	0	0	1	1100102	16	16	0	0	26063	51132	0			SUCS	COLLECTOR
2025-09-23 22:56:49	3824	2413	0	0	1	540065	1	1	0	0	26061	51139	0			SUCS	COLLECTOR
2025-09-23 22:56:49	3824	2413	0	0	1	540200	1	1	0	0	26059	51132	0			SUCS	COLLECTOR
2025-09-23 22:56:49	3824	2413	0	0	1	1100408	10	10	0	0	26060	51147	0			SUCS	COLLECTOR
2025-09-23 22:56:49	3824	2413	0	0	1	810233	1	1	0	0	26065	51136	0			SUCS	COLLECTOR
2025-09-23 22:56:49	3824	2413	0	0	1	2016132	8	8	0	0	26047	51140	0			SUCS	COLLECTOR
2025-09-23 22:56:49	3824	2413	0	0	1	2016154	2	2	0	0	26053	51139	0			SUCS	COLLECTOR
2025-09-23 22:56:49	3824	2413	0	0	1	1100101	351	351	0	0	26059	51134	0			SUCS	COLLECTOR
2025-09-23 22:56:49	3824	2413	0	0	1	1100102	18	18	0	0	26052	51126	0			SUCS	COLLECTOR
2025-09-23 22:56:49	3824	2413	0	0	1	540010	2	2	0	0	26059	51143	0			SUCS	COLLECTOR
2025-09-23 22:57:49	11132	104	0	0	0	1	0	502392	186172	1420253	0	0	0				
2025-09-23 22:57:49	3824	2413	0	0	1	810223	1	1	0	0	28057	51037	0			SUCS	COLLECTOR
2025-09-23 22:57:49	3824	2413	0	0	1	810221	1	1	0	0	28059	51042	0			SUCS	COLLECTOR
2025-09-23 22:57:49	3824	2413	0	0	1	1100408	6	6	0	0	28050	51039	0			SUCS	COLLECTOR
2025-09-23 22:57:49	3824	2413	0	0	1	540200	2	2	0	0	28049	51049	0			SUCS	COLLECTOR
2025-09-23 22:57:49	3824	2413	0	0	1	540065	1	1	0	0	28053	51038	0			SUCS	COLLECTOR
2025-09-23 22:57:49	3824	2413	0	0	1	1100102	31	31	0	0	28052	51051	0			SUCS	COLLECTOR
2025-09-23 22:57:49	3824	2413	0	0	1	1100101	449	449	0	0	28054	51039	0			SUCS	COLLECTOR
2025-09-23 22:57:49	3824	2413	0	0	1	2016154	3	3	0	0	28054	51051	0			SUCS	COLLECTOR
2025-09-23 22:57:49	3824	2413	0	0	1	2016132	2	2	0	0	28066	51045	0			SUCS	COLLECTOR
2025-09-23 22:57:49	3824	2413	0	0	1	810226	1	1	0	0	27994	51045	0			SUCS	COLLECTOR
2025-09-23 22:57:49	3824	2413	0	0	1	810221	1	1	0	0	27991	51049	0			SUCS	COLLECTOR
2025-09-23 22:57:49	3824	2413	0	0	1	1100408	8	8	0	0	27987	51053	0			SUCS	COLLECTOR
2025-09-23 22:57:49	3824	2413	0	0	1	540202	1	1	0	0	27994	51057	0			SUCS	COLLECTOR
2025-09-23 22:57:49	3824	2413	0	0	1	540200	1	1	0	0	27988	51054	0			SUCS	COLLECTOR
2025-09-23 22:57:49	3824	2413	0	0	1	540055	1	1	0	0	27994	51058	0			SUCS	COLLECTOR
2025-09-23 22:57:49	3824	2413	0	0	1	540013	1	1	0	0	28003	51046	0			SUCS	COLLECTOR
2025-09-23 22:57:49	3824	2413	0	0	1	540010	2	2	0	0	27986	51050	0			SUCS	COLLECTOR
2025-09-23 22:57:49	3824	2413	0	0	1	1100102	16	16	0	0	28002	51058	0			SUCS	COLLECTOR
2025-09-23 22:57:49	3824	2413	0	0	1	1100101	417	417	0	0	27986	51057	0			SUCS	COLLECTOR
2025-09-23 22:57:49	3824	2413	0	0	1	2016154	4	4	0	0	27995	51057	0			SUCS	COLLECTOR
2025-09-23 22:57:49	3824	2413	0	0	1	2016132	4	4	0	0	27991	51047	0			SUCS	COLLECTOR
2025-09-23 22:57:49	3824	2413	0	0	1	810227	1	1	0	0	27946	51035	0			SUCS	COLLECTOR
2025-09-23 22:57:49	3824	2413	0	0	1	1100408	8	8	0	0	27946	51042	0			SUCS	COLLECTOR
2025-09-23 22:57:49	3824	2413	0	0	1	540201	1	1	0	0	27955	51045	0			SUCS	COLLECTOR
2025-09-23 22:57:49	3824	2413	0	0	1	540200	2	2	0	0	27946	51047	0			SUCS	COLLECTOR
2025-09-23 22:57:49	3824	2413	0	0	1	540059	1	1	0	0	27946	51044	0			SUCS	COLLECTOR
2025-09-23 22:57:49	3824	2413	0	0	1	540055	2	2	0	0	27944	51043	0			SUCS	COLLECTOR
2025-09-23 22:57:49	3824	2413	0	0	1	540052	1	1	0	0	27942	51036	0			SUCS	COLLECTOR
2025-09-23 22:57:49	3824	2413	0	0	1	540013	1	1	0	0	27956	51041	0			SUCS	COLLECTOR
2025-09-23 22:57:49	3824	2413	0	0	1	540010	1	1	0	0	27943	51043	0			SUCS	COLLECTOR
2025-09-23 22:57:49	3824	2413	0	0	1	540009	1	1	0	0	27944	51041	0			SUCS	COLLECTOR
2025-09-23 22:57:49	3824	2413	0	0	1	1100102	21	21	0	0	27944	51036	0			SUCS	COLLECTOR
2025-09-23 22:57:49	3824	2413	0	0	1	1100101	467	467	0	0	27952	51039	0			SUCS	COLLECTOR
2025-09-23 22:57:49	3824	2413	0	0	1	2016154	2	2	0	0	27952	51038	0			SUCS	COLLECTOR
2025-09-23 22:57:49	3824	2413	0	0	1	2016132	3	3	0	0	27940	51039	0			SUCS	COLLECTOR
2025-09-23 22:57:49	3824	2413	0	0	1	810229	1	1	0	0	27961	51064	0			SUCS	COLLECTOR
2025-09-23 22:57:49	3824	2413	0	0	1	810222	1	1	0	0	27974	51052	0			SUCS	COLLECTOR
2025-09-23 22:57:49	3824	2413	0	0	1	1100408	9	9	0	0	27974	51052	0			SUCS	COLLECTOR
2025-09-23 22:57:49	3824	2413	0	0	1	540202	2	2	0	0	27974	51068	0			SUCS	COLLECTOR
2025-09-23 22:57:49	3824	2413	0	0	1	540201	1	1	0	0	27977	51065	0			SUCS	COLLECTOR
2025-09-23 22:57:49	3824	2413	0	0	1	540200	1	1	0	0	27964	51057	0			SUCS	COLLECTOR
2025-09-23 22:57:49	3824	2413	0	0	1	540065	1	1	0	0	27964	51058	0			SUCS	COLLECTOR
2025-09-23 22:57:49	3824	2413	0	0	1	540052	1	1	0	0	27969	51067	0			SUCS	COLLECTOR
2025-09-23 22:57:49	3824	2413	0	0	1	540036	1	1	0	0	27963	51067	0			SUCS	COLLECTOR
2025-09-23 22:57:49	3824	2413	0	0	1	540010	1	1	0	0	27968	51062	0			SUCS	COLLECTOR
2025-09-23 22:57:49	3824	2413	0	0	1	1100102	17	17	0	0	27963	51061	0			SUCS	COLLECTOR
2025-09-23 22:57:49	3824	2413	0	0	1	1100101	293	293	0	0	27963	51064	0			SUCS	COLLECTOR
2025-09-23 22:57:49	3824	2413	0	0	1	2016132	8	8	0	0	27253	51355	0			SUCS	COLLECTOR
2025-09-23 22:57:49	3824	2413	0	0	1	2016154	4	4	0	0	27257	51360	0			SUCS	COLLECTOR
2025-09-23 22:57:49	3824	2413	0	0	1	1100101	442	442	0	0	27248	51364	0			SUCS	COLLECTOR
2025-09-23 22:57:49	3824	2413	0	0	1	1100102	17	17	0	0	27248	51354	0			SUCS	COLLECTOR
2025-09-23 22:57:49	3824	2413	0	0	1	540052	1	1	0	0	27248	51354	0			SUCS	COLLECTOR
2025-09-23 22:57:49	3824	2413	0	0	1	540055	1	1	0	0	27263	51360	0			SUCS	COLLECTOR
2025-09-23 22:57:49	3824	2413	0	0	1	540200	1	1	0	0	27249	51366	0			SUCS	COLLECTOR
2025-09-23 22:57:49	3824	2413	0	0	1	1100408	10	10	0	0	27255	51358	0			SUCS	COLLECTOR
2025-09-23 22:57:49	3824	2413	0	0	1	810224	1	1	0	0	27250	51358	0			SUCS	COLLECTOR
2025-09-23 22:57:49	3824	2413	0	0	1	810232	1	1	0	0	27248	51359	0			SUCS	COLLECTOR
2025-09-23 22:57:49	3824	2413	0	0	1	2016132	4	4	0	0	27956	51315	0			SUCS	COLLECTOR
2025-09-23 22:57:49	3824	2413	0	0	1	2016154	2	2	0	0	27951	51325	0			SUCS	COLLECTOR
2025-09-23 22:57:49	3824	2413	0	0	1	1100101	387	387	0	0	27955	51324	0			SUCS	COLLECTOR
2025-09-23 22:57:49	3824	2413	0	0	1	1100102	13	13	0	0	27946	51318	0			SUCS	COLLECTOR
2025-09-23 22:57:49	3824	2413	0	0	1	540009	1	1	0	0	27946	51329	0			SUCS	COLLECTOR
2025-09-23 22:57:49	3824	2413	0	0	1	540013	2	2	0	0	27942	51332	0			SUCS	COLLECTOR
2025-09-23 22:57:49	3824	2413	0	0	1	540061	1	1	0	0	27948	51332	0			SUCS	COLLECTOR
2025-09-23 22:57:49	3824	2413	0	0	1	540200	2	2	0	0	27949	51331	0			SUCS	COLLECTOR
2025-09-23 22:57:49	3824	2413	0	0	1	1100408	9	9	0	0	27942	51329	0			SUCS	COLLECTOR
2025-09-23 22:57:49	3824	2413	0	0	1	810221	1	1	0	0	27941	51328	0			SUCS	COLLECTOR
2025-09-23 22:57:49	3824	2413	0	0	1	810227	1	1	0	0	27942	51318	0			SUCS	COLLECTOR
2025-09-23 22:57:49	3824	2413	0	0	1	2016132	1	1	0	0	27993	51310	0			SUCS	COLLECTOR
2025-09-23 22:57:49	3824	2413	0	0	1	2016154	4	4	0	0	27993	51298	0			SUCS	COLLECTOR
2025-09-23 22:57:49	3824	2413	0	0	1	1100101	290	290	0	0	27992	51305	0			SUCS	COLLECTOR
2025-09-23 22:57:49	3824	2413	0	0	1	1100102	14	14	0	0	28003	51306	0			SUCS	COLLECTOR
2025-09-23 22:57:49	3824	2413	0	0	1	540052	1	1	0	0	27997	51296	0			SUCS	COLLECTOR
2025-09-23 22:57:49	3824	2413	0	0	1	1100408	6	6	0	0	27989	51301	0			SUCS	COLLECTOR
2025-09-23 22:57:49	3824	2413	0	0	1	810223	1	1	0	0	28000	51302	0			SUCS	COLLECTOR
2025-09-23 22:57:49	3824	2413	0	0	1	810225	1	1	0	0	27999	51313	0			SUCS	COLLECTOR
2025-09-23 22:57:49	3824	2413	0	0	1	2016132	7	7	0	0	28025	51301	0			SUCS	COLLECTOR
2025-09-23 22:57:49	3824	2413	0	0	1	2016154	1	1	0	0	28025	51295	0			SUCS	COLLECTOR
2025-09-23 22:57:49	3824	2413	0	0	1	1100101	467	467	0	0	28020	51300	0			SUCS	COLLECTOR
2025-09-23 22:57:49	3824	2413	0	0	1	1100102	19	19	0	0	28016	51301	0			SUCS	COLLECTOR
2025-09-23 22:57:49	3824	2413	0	0	1	540009	2	2	0	0	28024	51305	0			SUCS	COLLECTOR
2025-09-23 22:57:49	3824	2413	0	0	1	540012	1	1	0	0	28026	51304	0			SUCS	COLLECTOR
2025-09-23 22:57:49	3824	2413	0	0	1	540013	1	1	0	0	28024	51297	0			SUCS	COLLECTOR
2025-09-23 22:57:49	3824	2413	0	0	1	540055	1	1	0	0	28011	51304	0			SUCS	COLLECTOR
2025-09-23 22:57:49	3824	2413	0	0	1	540065	1	1	0	0	28026	51292	0			SUCS	COLLECTOR
2025-09-23 22:57:49	3824	2413	0	0	1	540067	3	3	0	0	28010	51291	0			SUCS	COLLECTOR
2025-09-23 22:57:49	3824	2413	0	0	1	1100408	8	8	0	0	28020	51301	0			SUCS	COLLECTOR
2025-09-23 22:57:49	3824	2413	0	0	1	810234	1	1	0	0	28026	51296	0			SUCS	COLLECTOR
2025-09-23 22:57:49	3824	2413	0	0	1	2016132	2	2	0	0	28071	51322	0			SUCS	COLLECTOR
2025-09-23 22:57:49	3824	2413	0	0	1	2016154	3	3	0	0	28072	51310	0			SUCS	COLLECTOR
2025-09-23 22:57:49	3824	2413	0	0	1	1100101	310	310	0	0	28074	51315	0			SUCS	COLLECTOR
2025-09-23 22:57:49	3824	2413	0	0	1	1100102	13	13	0	0	28068	51313	0			SUCS	COLLECTOR
2025-09-23 22:57:49	3824	2413	0	0	1	540009	1	1	0	0	28072	51315	0			SUCS	COLLECTOR
2025-09-23 22:57:49	3824	2413	0	0	1	540013	1	1	0	0	28078	51312	0			SUCS	COLLECTOR
2025-09-23 22:57:49	3824	2413	0	0	1	540200	1	1	0	0	28072	51321	0			SUCS	COLLECTOR
2025-09-23 22:57:49	3824	2413	0	0	1	540201	1	1	0	0	28071	51316	0			SUCS	COLLECTOR
2025-09-23 22:57:49	3824	2413	0	0	1	1100408	8	8	0	0	28073	51320	0			SUCS	COLLECTOR
2025-09-23 22:57:49	3824	2413	0	0	1	810222	1	1	0	0	28066	51325	0			SUCS	COLLECTOR
2025-09-23 22:57:49	3824	2413	0	0	1	810223	1	1	0	0	28077	51325	0			SUCS	COLLECTOR
2025-09-23 22:57:49	3824	2413	0	0	1	2016154	1	1	0	0	27962	51060	0			SUCS	COLLECTOR
2025-09-23 22:57:49	3824	2413	0	0	1	2016132	7	7	0	0	27965	51068	0			SUCS	COLLECTOR
2025-09-23 22:58:21	9676	2711	1	1	0	22000382	80000	27466	54180	27480	54196	1	0	admin	Fraun		
2025-09-23 22:58:49	11132	104	0	0	0	1	0	502392	188260	1432491	0	0	0				
2025-09-23 22:58:49	3824	2413	0	0	1	2016141	1	1	0	0	29079	51176	0			SUCS	COLLECTOR
2025-09-23 22:58:49	3824	2413	0	0	1	810224	2	2	0	0	29072	51182	0			SUCS	COLLECTOR
2025-09-23 22:58:49	3824	2413	0	0	1	810222	1	1	0	0	29069	51175	0			SUCS	COLLECTOR
2025-09-23 22:58:49	3824	2413	0	0	1	2016154	9	9	0	0	29075	51183	0			SUCS	COLLECTOR
2025-09-23 22:58:49	3824	2413	0	0	1	307044	1	1	0	0	29067	51176	0			SUCS	COLLECTOR
2025-09-23 22:58:49	3824	2413	0	0	1	2016098	1	1	0	0	29076	51174	0			SUCS	COLLECTOR
2025-09-23 22:58:49	3824	2413	0	0	1	540202	1	1	0	0	29074	51173	0			SUCS	COLLECTOR
2025-09-23 22:58:49	3824	2413	0	0	1	540201	2	2	0	0	29063	51170	0			SUCS	COLLECTOR
2025-09-23 22:58:49	3824	2413	0	0	1	2016132	437	437	0	0	29031	51146	0			SUCS	COLLECTOR
2025-09-23 22:58:49	3824	2413	0	0	1	2016153	4	4	0	0	29032	51152	0			SUCS	COLLECTOR
2025-09-23 22:58:49	3824	2413	0	0	1	540200	15	15	0	0	29040	51146	0			SUCS	COLLECTOR
2025-09-23 22:58:49	3824	2413	0	0	1	540201	8	8	0	0	29033	51140	0			SUCS	COLLECTOR
2025-09-23 22:58:49	3824	2413	0	0	1	540202	2	2	0	0	29044	51143	0			SUCS	COLLECTOR
2025-09-23 22:58:49	3824	2413	0	0	1	540203	1	1	0	0	29040	51137	0			SUCS	COLLECTOR
2025-09-23 22:58:49	3824	2413	0	0	1	3100035	1	1	0	0	29045	51143	0			SUCS	COLLECTOR
2025-09-23 22:58:49	3824	2413	0	0	1	3100036	1	1	0	0	29036	51149	0			SUCS	COLLECTOR
2025-09-23 22:58:49	3824	2413	0	0	1	307054	1	1	0	0	29039	51137	0			SUCS	COLLECTOR
2025-09-23 22:58:49	3824	2413	0	0	1	2013816	1	1	0	0	29047	51136	0			SUCS	COLLECTOR
2025-09-23 22:58:49	3824	2413	0	0	1	2016132	71	71	0	0	29065	51175	0			SUCS	COLLECTOR
2025-09-23 22:58:49	3824	2413	0	0	1	540200	6	6	0	0	29074	51174	0			SUCS	COLLECTOR
2025-09-23 22:59:07	9676	2711	1	1	0	22000383	80000	27299	54165	27333	54171	1	0	admin	Fraun		
2025-09-23 22:59:35	9676	2711	1	1	0	22000379	80000	26934	54233	26960	54232	1	0	admin	Fraun		
2025-09-23 22:59:49	11132	104	0	0	0	1	0	502392	190604	1447281	0	0	0				
2025-09-23 22:59:49	3824	2413	0	0	1	810225	1	1	0	0	29133	54324	0			SUCS	COLLECTOR
2025-09-23 22:59:49	3824	2413	0	0	1	1100408	9	9	0	0	29123	54320	0			SUCS	COLLECTOR
2025-09-23 22:59:49	3824	2413	0	0	1	540201	1	1	0	0	29128	54314	0			SUCS	COLLECTOR
2025-09-23 22:59:49	3824	2413	0	0	1	540065	1	1	0	0	29124	54309	0			SUCS	COLLECTOR
2025-09-23 22:59:49	3824	2413	0	0	1	540055	1	1	0	0	29133	54323	0			SUCS	COLLECTOR
2025-09-23 22:59:49	3824	2413	0	0	1	540052	1	1	0	0	29130	54311	0			SUCS	COLLECTOR
2025-09-23 22:59:49	3824	2413	0	0	1	540013	2	2	0	0	29130	54309	0			SUCS	COLLECTOR
2025-09-23 22:59:49	3824	2413	0	0	1	1100102	16	16	0	0	29138	54322	0			SUCS	COLLECTOR
2025-09-23 22:59:49	3824	2413	0	0	1	1100101	348	348	0	0	29133	54314	0			SUCS	COLLECTOR
2025-09-23 22:59:49	3824	2413	0	0	1	2016154	2	2	0	0	29137	54310	0			SUCS	COLLECTOR
2025-09-23 22:59:49	3824	2413	0	0	1	2016132	3	3	0	0	29133	54324	0			SUCS	COLLECTOR
2025-09-23 22:59:49	3824	2413	0	0	1	810223	1	1	0	0	29087	54151	0			SUCS	COLLECTOR
2025-09-23 22:59:49	3824	2413	0	0	1	810222	1	1	0	0	29092	54142	0			SUCS	COLLECTOR
2025-09-23 22:59:49	3824	2413	0	0	1	1100408	8	8	0	0	29076	54141	0			SUCS	COLLECTOR
2025-09-23 22:59:49	3824	2413	0	0	1	540012	1	1	0	0	29092	54153	0			SUCS	COLLECTOR
2025-09-23 22:59:49	3824	2413	0	0	1	1100102	13	13	0	0	29075	54149	0			SUCS	COLLECTOR
2025-09-23 22:59:49	3824	2413	0	0	1	1100101	378	378	0	0	29082	54146	0			SUCS	COLLECTOR
2025-09-23 22:59:49	3824	2413	0	0	1	2016154	1	1	0	0	29088	54148	0			SUCS	COLLECTOR
2025-09-23 22:59:49	3824	2413	0	0	1	2016154	1	1	0	0	29245	53134	0			SUCS	COLLECTOR
2025-09-23 22:59:49	3824	2413	0	0	1	2016132	7	7	0	0	29257	53145	0			SUCS	COLLECTOR
2025-09-23 22:59:49	3824	2413	0	0	1	2016132	5	5	0	0	28822	53144	0			SUCS	COLLECTOR
2025-09-23 22:59:49	3824	2413	0	0	1	2016154	4	4	0	0	28828	53143	0			SUCS	COLLECTOR
2025-09-23 22:59:49	3824	2413	0	0	1	1100101	450	450	0	0	28819	53157	0			SUCS	COLLECTOR
2025-09-23 22:59:49	3824	2413	0	0	1	1100102	19	19	0	0	28822	53144	0			SUCS	COLLECTOR
2025-09-23 22:59:49	3824	2413	0	0	1	540012	1	1	0	0	28827	53142	0			SUCS	COLLECTOR
2025-09-23 22:59:49	3824	2413	0	0	1	540037	1	1	0	0	28823	53153	0			SUCS	COLLECTOR
2025-09-23 22:59:49	3824	2413	0	0	1	540061	1	1	0	0	28834	53158	0			SUCS	COLLECTOR
2025-09-23 22:59:49	3824	2413	0	0	1	540067	1	1	0	0	28833	53148	0			SUCS	COLLECTOR
2025-09-23 22:59:49	3824	2413	0	0	1	1100408	8	8	0	0	28827	53147	0			SUCS	COLLECTOR
2025-09-23 22:59:49	3824	2413	0	0	1	810233	1	1	0	0	29179	53320	0			SUCS	COLLECTOR
2025-09-23 22:59:49	3824	2413	0	0	1	810226	1	1	0	0	29183	53323	0			SUCS	COLLECTOR
2025-09-23 22:59:49	3824	2413	0	0	1	1100408	7	7	0	0	29181	53324	0			SUCS	COLLECTOR
2025-09-23 22:59:49	3824	2413	0	0	1	540067	1	1	0	0	29176	53328	0			SUCS	COLLECTOR
2025-09-23 22:59:49	3824	2413	0	0	1	540059	1	1	0	0	29174	53320	0			SUCS	COLLECTOR
2025-09-23 22:59:49	3824	2413	0	0	1	540052	1	1	0	0	29178	53330	0			SUCS	COLLECTOR
2025-09-23 22:59:49	3824	2413	0	0	1	540013	1	1	0	0	29176	53315	0			SUCS	COLLECTOR
2025-09-23 22:59:49	3824	2413	0	0	1	540009	1	1	0	0	29174	53324	0			SUCS	COLLECTOR
2025-09-23 22:59:49	3824	2413	0	0	1	1100102	20	20	0	0	29182	53320	0			SUCS	COLLECTOR
2025-09-23 22:59:49	3824	2413	0	0	1	1100101	338	338	0	0	29173	53324	0			SUCS	COLLECTOR
2025-09-23 22:59:49	3824	2413	0	0	1	2016154	3	3	0	0	29169	53332	0			SUCS	COLLECTOR
2025-09-23 22:59:49	3824	2413	0	0	1	2016132	8	8	0	0	29176	53324	0			SUCS	COLLECTOR
2025-09-23 22:59:49	3824	2413	0	0	1	810227	1	1	0	0	28999	53239	0			SUCS	COLLECTOR
2025-09-23 22:59:49	3824	2413	0	0	1	810224	1	1	0	0	28989	53230	0			SUCS	COLLECTOR
2025-09-23 22:59:49	3824	2413	0	0	1	810222	1	1	0	0	28997	53235	0			SUCS	COLLECTOR
2025-09-23 22:59:49	3824	2413	0	0	1	1100408	8	8	0	0	28986	53225	0			SUCS	COLLECTOR
2025-09-23 22:59:49	3824	2413	0	0	1	540201	1	1	0	0	28986	53236	0			SUCS	COLLECTOR
2025-09-23 22:59:49	3824	2413	0	0	1	540009	1	1	0	0	29000	53238	0			SUCS	COLLECTOR
2025-09-23 22:59:49	3824	2413	0	0	1	1100102	15	15	0	0	28984	53237	0			SUCS	COLLECTOR
2025-09-23 22:59:49	3824	2413	0	0	1	1100101	391	391	0	0	28986	53233	0			SUCS	COLLECTOR
2025-09-23 22:59:49	3824	2413	0	0	1	2016154	4	4	0	0	28988	53238	0			SUCS	COLLECTOR
2025-09-23 22:59:49	3824	2413	0	0	1	2016132	8	8	0	0	28996	53228	0			SUCS	COLLECTOR
2025-09-23 22:59:49	3824	2413	0	0	1	2016132	7	7	0	0	29089	54141	0			SUCS	COLLECTOR
2025-09-23 22:59:49	3824	2413	0	0	1	810221	1	1	0	0	28832	53152	0			SUCS	COLLECTOR
2025-09-23 22:59:49	3824	2413	0	0	1	810228	1	1	0	0	28830	53155	0			SUCS	COLLECTOR
2025-09-23 22:59:49	3824	2413	0	0	1	2016132	1	1	0	0	28932	53216	0			SUCS	COLLECTOR
2025-09-23 22:59:49	3824	2413	0	0	1	2016154	2	2	0	0	28934	53215	0			SUCS	COLLECTOR
2025-09-23 22:59:49	3824	2413	0	0	1	1100101	314	314	0	0	28932	53206	0			SUCS	COLLECTOR
2025-09-23 22:59:49	3824	2413	0	0	1	1100102	25	25	0	0	28923	53205	0			SUCS	COLLECTOR
2025-09-23 22:59:49	3824	2413	0	0	1	540055	1	1	0	0	28921	53222	0			SUCS	COLLECTOR
2025-09-23 22:59:49	3824	2413	0	0	1	1100408	6	6	0	0	28919	53213	0			SUCS	COLLECTOR
2025-09-23 22:59:49	3824	2413	0	0	1	810225	1	1	0	0	28935	53220	0			SUCS	COLLECTOR
2025-09-23 22:59:49	3824	2413	0	0	1	810226	1	1	0	0	28928	53206	0			SUCS	COLLECTOR
2025-09-23 22:59:49	3824	2413	0	0	1	2016132	1	1	0	0	28903	53270	0			SUCS	COLLECTOR
2025-09-23 22:59:49	3824	2413	0	0	1	2016154	3	3	0	0	28901	53273	0			SUCS	COLLECTOR
2025-09-23 22:59:49	3824	2413	0	0	1	1100101	432	432	0	0	28898	53264	0			SUCS	COLLECTOR
2025-09-23 22:59:49	3824	2413	0	0	1	1100102	29	29	0	0	28906	53262	0			SUCS	COLLECTOR
2025-09-23 22:59:49	3824	2413	0	0	1	540009	1	1	0	0	28908	53263	0			SUCS	COLLECTOR
2025-09-23 22:59:49	3824	2413	0	0	1	540010	1	1	0	0	28909	53277	0			SUCS	COLLECTOR
2025-09-23 22:59:49	3824	2413	0	0	1	540013	2	2	0	0	28906	53276	0			SUCS	COLLECTOR
2025-09-23 22:59:49	3824	2413	0	0	1	540052	1	1	0	0	28906	53268	0			SUCS	COLLECTOR
2025-09-23 22:59:49	3824	2413	0	0	1	540055	1	1	0	0	28905	53279	0			SUCS	COLLECTOR
2025-09-23 22:59:49	3824	2413	0	0	1	540065	1	1	0	0	28906	53265	0			SUCS	COLLECTOR
2025-09-23 22:59:49	3824	2413	0	0	1	1100408	10	10	0	0	28901	53263	0			SUCS	COLLECTOR
2025-09-23 22:59:49	3824	2413	0	0	1	810224	1	1	0	0	28897	53277	0			SUCS	COLLECTOR
2025-09-23 22:59:49	3824	2413	0	0	1	810226	1	1	0	0	28900	53265	0			SUCS	COLLECTOR
2025-09-23 22:59:49	3824	2413	0	0	1	2016132	4	4	0	0	28949	53291	0			SUCS	COLLECTOR
2025-09-23 22:59:49	3824	2413	0	0	1	2016154	3	3	0	0	28954	53285	0			SUCS	COLLECTOR
2025-09-23 22:59:49	3824	2413	0	0	1	1100101	343	343	0	0	28947	53293	0			SUCS	COLLECTOR
2025-09-23 22:59:49	3824	2413	0	0	1	1100102	16	16	0	0	28957	53290	0			SUCS	COLLECTOR
2025-09-23 22:59:49	3824	2413	0	0	1	540013	1	1	0	0	28957	53296	0			SUCS	COLLECTOR
2025-09-23 22:59:49	3824	2413	0	0	1	540055	2	2	0	0	28944	53290	0			SUCS	COLLECTOR
2025-09-23 22:59:49	3824	2413	0	0	1	540065	1	1	0	0	28955	53286	0			SUCS	COLLECTOR
2025-09-23 22:59:49	3824	2413	0	0	1	540067	1	1	0	0	28948	53295	0			SUCS	COLLECTOR
2025-09-23 22:59:49	3824	2413	0	0	1	540202	1	1	0	0	28947	53292	0			SUCS	COLLECTOR
2025-09-23 22:59:49	3824	2413	0	0	1	1100408	8	8	0	0	28953	53285	0			SUCS	COLLECTOR
2025-09-23 22:59:49	3824	2413	0	0	1	810228	1	1	0	0	28957	53297	0			SUCS	COLLECTOR
2025-09-23 22:59:49	3824	2413	0	0	1	810230	1	1	0	0	28942	53289	0			SUCS	COLLECTOR
2025-09-23 22:59:49	3824	2413	0	0	1	2016132	1	1	0	0	28960	53341	0			SUCS	COLLECTOR
2025-09-23 22:59:49	3824	2413	0	0	1	2016154	4	4	0	0	28955	53343	0			SUCS	COLLECTOR
2025-09-23 22:59:49	3824	2413	0	0	1	1100101	313	313	0	0	28964	53340	0			SUCS	COLLECTOR
2025-09-23 22:59:49	3824	2413	0	0	1	1100102	18	18	0	0	28958	53338	0			SUCS	COLLECTOR
2025-09-23 22:59:49	3824	2413	0	0	1	540052	1	1	0	0	28960	53351	0			SUCS	COLLECTOR
2025-09-23 22:59:49	3824	2413	0	0	1	540055	1	1	0	0	28961	53351	0			SUCS	COLLECTOR
2025-09-23 22:59:49	3824	2413	0	0	1	540067	2	2	0	0	28960	53350	0			SUCS	COLLECTOR
2025-09-23 22:59:49	3824	2413	0	0	1	1100408	9	9	0	0	28952	53342	0			SUCS	COLLECTOR
2025-09-23 22:59:49	3824	2413	0	0	1	810225	1	1	0	0	28963	53340	0			SUCS	COLLECTOR
2025-09-23 22:59:49	3824	2413	0	0	1	810233	1	1	0	0	29248	53139	0			SUCS	COLLECTOR
2025-09-23 22:59:49	3824	2413	0	0	1	810221	2	2	0	0	29257	53133	0			SUCS	COLLECTOR
2025-09-23 22:59:49	3824	2413	0	0	1	1100408	7	7	0	0	29245	53141	0			SUCS	COLLECTOR
2025-09-23 22:59:49	3824	2413	0	0	1	540052	1	1	0	0	29249	53128	0			SUCS	COLLECTOR
2025-09-23 22:59:49	3824	2413	0	0	1	540013	1	1	0	0	29259	53134	0			SUCS	COLLECTOR
2025-09-23 22:59:49	3824	2413	0	0	1	540010	1	1	0	0	29249	53139	0			SUCS	COLLECTOR
2025-09-23 22:59:49	3824	2413	0	0	1	1100102	27	27	0	0	29245	53133	0			SUCS	COLLECTOR
2025-09-23 22:59:49	3824	2413	0	0	1	1100101	415	415	0	0	29251	53141	0			SUCS	COLLECTOR
